hospital_name,hospital_id,unit,date,actual,predicted,model
Horizon Birmingham,HHN-BIR-01,HHN-BIR-01_Cardiology Ward,2025-12-25,21.20833333333333,22.28165367795529,SARIMA
Horizon Birmingham,HHN-BIR-01,HHN-BIR-01_Cardiology Ward,2025-12-26,23.375,21.692058144606413,SARIMA
Horizon Birmingham,HHN-BIR-01,HHN-BIR-01_Cardiology Ward,2025-12-27,19.0,19.730130548308445,SARIMA
Horizon Birmingham,HHN-BIR-01,HHN-BIR-01_Cardiology Ward,2025-12-28,18.875,17.138077758943286,SARIMA
Horizon Birmingham,HHN-BIR-01,HHN-BIR-01_Cardiology Ward,2025-12-29,16.916666666666668,16.98828894967998,SARIMA
Horizon Birmingham,HHN-BIR-01,HHN-BIR-01_Cardiology Ward,2025-12-30,14.958333333333334,18.73030633063691,SARIMA
Horizon Birmingham,HHN-BIR-01,HHN-BIR-01_Cardiology Ward,2025-12-31,14.333333333333334,20.31161930781439,SARIMA
Horizon London Central,HHN-LON-01,HHN-LON-01_Day Case Unit,2025-12-25,0.625,0.6728900607083949,SARIMA
Horizon London Central,HHN-LON-01,HHN-LON-01_Day Case Unit,2025-12-26,0.0,0.6200650980772515,SARIMA
Horizon London Central,HHN-LON-01,HHN-LON-01_Day Case Unit,2025-12-27,0.2083333333333333,0.3160162066828611,SARIMA
Horizon London Central,HHN-LON-01,HHN-LON-01_Day Case Unit,2025-12-28,0.5,0.2633675321599077,SARIMA
Horizon London Central,HHN-LON-01,HHN-LON-01_Day Case Unit,2025-12-29,0.4583333333333333,0.7477917422556347,SARIMA
Horizon London Central,HHN-LON-01,HHN-LON-01_Day Case Unit,2025-12-30,0.875,0.8252216408719585,SARIMA
Horizon London Central,HHN-LON-01,HHN-LON-01_Day Case Unit,2025-12-31,0.3333333333333333,0.7577943460457006,SARIMA
Horizon London Central,HHN-LON-01,HHN-LON-01_General Medicine Ward B,2025-12-25,31.041666666666668,32.90595214107309,SARIMA
Horizon London Central,HHN-LON-01,HHN-LON-01_General Medicine Ward B,2025-12-26,33.25,32.33387630372016,SARIMA
Horizon London Central,HHN-LON-01,HHN-LON-01_General Medicine Ward B,2025-12-27,29.041666666666668,33.072700100690746,SARIMA
Horizon London Central,HHN-LON-01,HHN-LON-01_General Medicine Ward B,2025-12-28,30.375,33.626777813683304,SARIMA
Horizon London Central,HHN-LON-01,HHN-LON-01_General Medicine Ward B,2025-12-29,29.0,33.13786888246103,SARIMA
Horizon London Central,HHN-LON-01,HHN-LON-01_General Medicine Ward B,2025-12-30,31.70833333333333,33.58509890553767,SARIMA
Horizon London Central,HHN-LON-01,HHN-LON-01_General Medicine Ward B,2025-12-31,34.75,33.608260988567615,SARIMA
Horizon Manchester,HHN-MAN-01,HHN-MAN-01_Orthopaedics Ward B,2025-12-25,21.875,21.796868571498155,SARIMA
Horizon Manchester,HHN-MAN-01,HHN-MAN-01_Orthopaedics Ward B,2025-12-26,21.166666666666668,21.935801275031903,SARIMA
Horizon Manchester,HHN-MAN-01,HHN-MAN-01_Orthopaedics Ward B,2025-12-27,18.541666666666668,20.22267213811126,SARIMA
Horizon Manchester,HHN-MAN-01,HHN-MAN-01_Orthopaedics Ward B,2025-12-28,16.083333333333332,18.11842697493239,SARIMA
Horizon Manchester,HHN-MAN-01,HHN-MAN-01_Orthopaedics Ward B,2025-12-29,17.833333333333332,17.92642114040141,SARIMA
Horizon Manchester,HHN-MAN-01,HHN-MAN-01_Orthopaedics Ward B,2025-12-30,22.625,19.63595991056171,SARIMA
Horizon Manchester,HHN-MAN-01,HHN-MAN-01_Orthopaedics Ward B,2025-12-31,20.875,21.68502912489502,SARIMA
Horizon Birmingham,HHN-BIR-01,HHN-BIR-01_ICU,2025-12-25,9.0,8.829255070732128,Holt-Winters
Horizon Birmingham,HHN-BIR-01,HHN-BIR-01_ICU,2025-12-26,9.0,8.647889612407408,Holt-Winters
Horizon Birmingham,HHN-BIR-01,HHN-BIR-01_ICU,2025-12-27,8.5,8.643811498725062,Holt-Winters
Horizon Birmingham,HHN-BIR-01,HHN-BIR-01_ICU,2025-12-28,7.541666666666667,8.75940848869814,Holt-Winters
Horizon Birmingham,HHN-BIR-01,HHN-BIR-01_ICU,2025-12-29,8.791666666666666,8.875401021642483,Holt-Winters
Horizon Birmingham,HHN-BIR-01,HHN-BIR-01_ICU,2025-12-30,8.958333333333334,8.936492473589661,Holt-Winters
Horizon Birmingham,HHN-BIR-01,HHN-BIR-01_ICU,2025-12-31,8.916666666666666,8.91628676742611,Holt-Winters
Horizon Edinburgh,HHN-EDI-01,HHN-EDI-01_ICU,2025-12-25,6.333333333333333,7.100481531587418,Holt-Winters
Horizon Edinburgh,HHN-EDI-01,HHN-EDI-01_ICU,2025-12-26,7.791666666666667,7.107012427672848,Holt-Winters
Horizon Edinburgh,HHN-EDI-01,HHN-EDI-01_ICU,2025-12-27,7.916666666666667,7.254880749738465,Holt-Winters
Horizon Edinburgh,HHN-EDI-01,HHN-EDI-01_ICU,2025-12-28,7.791666666666667,7.3251317177529,Holt-Winters
Horizon Edinburgh,HHN-EDI-01,HHN-EDI-01_ICU,2025-12-29,7.958333333333333,7.370881939942925,Holt-Winters
Horizon Edinburgh,HHN-EDI-01,HHN-EDI-01_ICU,2025-12-30,7.916666666666667,7.241046553303171,Holt-Winters
Horizon Edinburgh,HHN-EDI-01,HHN-EDI-01_ICU,2025-12-31,7.916666666666667,7.153675482902055,Holt-Winters
Horizon London Central,HHN-LON-01,HHN-LON-01_ICU,2025-12-25,17.75,16.42078843162028,Holt-Winters
Horizon London Central,HHN-LON-01,HHN-LON-01_ICU,2025-12-26,17.958333333333332,16.604238218523605,Holt-Winters
Horizon London Central,HHN-LON-01,HHN-LON-01_ICU,2025-12-27,17.708333333333332,16.62421068910054,Holt-Winters
Horizon London Central,HHN-LON-01,HHN-LON-01_ICU,2025-12-28,17.833333333333332,16.999262924462354,Holt-Winters
Horizon London Central,HHN-LON-01,HHN-LON-01_ICU,2025-12-29,17.958333333333332,17.172120405853615,Holt-Winters
Horizon London Central,HHN-LON-01,HHN-LON-01_ICU,2025-12-30,17.916666666666668,17.087987576686917,Holt-Winters
Horizon London Central,HHN-LON-01,HHN-LON-01_ICU,2025-12-31,17.666666666666668,17.0503855918133,Holt-Winters
Horizon Manchester,HHN-MAN-01,HHN-MAN-01_ICU,2025-12-25,9.875,9.86724302739844,Holt-Winters
Horizon Manchester,HHN-MAN-01,HHN-MAN-01_ICU,2025-12-26,9.916666666666666,9.810057673256932,Holt-Winters
Horizon Manchester,HHN-MAN-01,HHN-MAN-01_ICU,2025-12-27,9.833333333333334,9.745120851458902,Holt-Winters
Horizon Manchester,HHN-MAN-01,HHN-MAN-01_ICU,2025-12-28,9.791666666666666,9.785162396457244,Holt-Winters
Horizon Manchester,HHN-MAN-01,HHN-MAN-01_ICU,2025-12-29,9.791666666666666,9.932228089590271,Holt-Winters
Horizon Manchester,HHN-MAN-01,HHN-MAN-01_ICU,2025-12-30,9.791666666666666,9.955278964848478,Holt-Winters
Horizon Manchester,HHN-MAN-01,HHN-MAN-01_ICU,2025-12-31,9.041666666666666,9.958333333333334,Holt-Winters
Horizon Edinburgh,HHN-EDI-01,HHN-EDI-01_Cardiology Ward,2025-12-25,12.083333333333334,14.742630708464173,Holt-Winters
Horizon Edinburgh,HHN-EDI-01,HHN-EDI-01_Cardiology Ward,2025-12-26,12.458333333333334,14.468939515455476,Holt-Winters
Horizon Edinburgh,HHN-EDI-01,HHN-EDI-01_Cardiology Ward,2025-12-27,12.708333333333334,13.86557867665249,Holt-Winters
Horizon Edinburgh,HHN-EDI-01,HHN-EDI-01_Cardiology Ward,2025-12-28,15.125,13.303116201124016,Holt-Winters
Horizon Edinburgh,HHN-EDI-01,HHN-EDI-01_Cardiology Ward,2025-12-29,15.916666666666666,13.720237604585025,Holt-Winters
Horizon Edinburgh,HHN-EDI-01,HHN-EDI-01_Cardiology Ward,2025-12-30,15.833333333333334,14.341570365599264,Holt-Winters
Horizon Edinburgh,HHN-EDI-01,HHN-EDI-01_Cardiology Ward,2025-12-31,14.791666666666666,14.728203405335986,Holt-Winters
Horizon Manchester,HHN-MAN-01,HHN-MAN-01_Cardiology Ward,2025-12-25,23.875,23.875,Holt-Winters
Horizon Manchester,HHN-MAN-01,HHN-MAN-01_Cardiology Ward,2025-12-26,23.625,23.875,Holt-Winters
Horizon Manchester,HHN-MAN-01,HHN-MAN-01_Cardiology Ward,2025-12-27,23.58333333333333,23.42686703459669,Holt-Winters
Horizon Manchester,HHN-MAN-01,HHN-MAN-01_Cardiology Ward,2025-12-28,23.58333333333333,22.645885961352867,Holt-Winters
Horizon Manchester,HHN-MAN-01,HHN-MAN-01_Cardiology Ward,2025-12-29,22.0,22.95224784585499,Holt-Winters
Horizon Manchester,HHN-MAN-01,HHN-MAN-01_Cardiology Ward,2025-12-30,21.45833333333333,23.580843854034068,Holt-Winters
Horizon Manchester,HHN-MAN-01,HHN-MAN-01_Cardiology Ward,2025-12-31,23.5,23.875,Holt-Winters
Horizon Birmingham,HHN-BIR-01,HHN-BIR-01_Oncology Ward,2025-12-25,11.083333333333334,12.90766988465294,Holt-Winters
Horizon Birmingham,HHN-BIR-01,HHN-BIR-01_Oncology Ward,2025-12-26,11.458333333333334,12.891741757640183,Holt-Winters
Horizon Birmingham,HHN-BIR-01,HHN-BIR-01_Oncology Ward,2025-12-27,11.083333333333334,12.26918291921301,Holt-Winters
Horizon Birmingham,HHN-BIR-01,HHN-BIR-01_Oncology Ward,2025-12-28,10.083333333333334,11.455447353157233,Holt-Winters
Horizon Birmingham,HHN-BIR-01,HHN-BIR-01_Oncology Ward,2025-12-29,10.458333333333334,11.508147122155904,Holt-Winters
Horizon Birmingham,HHN-BIR-01,HHN-BIR-01_Oncology Ward,2025-12-30,9.791666666666666,12.148117467079746,Holt-Winters
Horizon Birmingham,HHN-BIR-01,HHN-BIR-01_Oncology Ward,2025-12-31,9.625,12.542923165587156,Holt-Winters
Horizon Edinburgh,HHN-EDI-01,HHN-EDI-01_Oncology Ward,2025-12-25,12.666666666666666,12.219350204932573,Holt-Winters
Horizon Edinburgh,HHN-EDI-01,HHN-EDI-01_Oncology Ward,2025-12-26,11.541666666666666,12.37415556809853,Holt-Winters
Horizon Edinburgh,HHN-EDI-01,HHN-EDI-01_Oncology Ward,2025-12-27,9.875,12.084925909803427,Holt-Winters
Horizon Edinburgh,HHN-EDI-01,HHN-EDI-01_Oncology Ward,2025-12-28,11.125,11.542435043645366,Holt-Winters
Horizon Edinburgh,HHN-EDI-01,HHN-EDI-01_Oncology Ward,2025-12-29,11.625,11.469718234138394,Holt-Winters
Horizon Edinburgh,HHN-EDI-01,HHN-EDI-01_Oncology Ward,2025-12-30,12.583333333333334,11.930479311293793,Holt-Winters
Horizon Edinburgh,HHN-EDI-01,HHN-EDI-01_Oncology Ward,2025-12-31,12.791666666666666,12.107681619942069,Holt-Winters
Horizon Birmingham,HHN-BIR-01,HHN-BIR-01_General Medicine Ward A,2025-12-25,15.958333333333334,15.583745768274866,Holt-Winters
Horizon Birmingham,HHN-BIR-01,HHN-BIR-01_General Medicine Ward A,2025-12-26,15.791666666666666,15.515086498305491,Holt-Winters
Horizon Birmingham,HHN-BIR-01,HHN-BIR-01_General Medicine Ward A,2025-12-27,15.916666666666666,15.67314034250274,Holt-Winters
Horizon Birmingham,HHN-BIR-01,HHN-BIR-01_General Medicine Ward A,2025-12-28,15.708333333333334,15.983203685572626,Holt-Winters
Horizon Birmingham,HHN-BIR-01,HHN-BIR-01_General Medicine Ward A,2025-12-29,15.708333333333334,16.0,Holt-Winters
Horizon Birmingham,HHN-BIR-01,HHN-BIR-01_General Medicine Ward A,2025-12-30,16.0,16.0,Holt-Winters
Horizon Birmingham,HHN-BIR-01,HHN-BIR-01_General Medicine Ward A,2025-12-31,15.791666666666666,15.843246691974178,Holt-Winters
Horizon Edinburgh,HHN-EDI-01,HHN-EDI-01_General Medicine Ward A,2025-12-25,16.708333333333332,16.80481364893421,Holt-Winters
Horizon Edinburgh,HHN-EDI-01,HHN-EDI-01_General Medicine Ward A,2025-12-26,16.916666666666668,16.958333333333332,Holt-Winters
Horizon Edinburgh,HHN-EDI-01,HHN-EDI-01_General Medicine Ward A,2025-12-27,16.666666666666668,16.943548027827575,Holt-Winters
Horizon Edinburgh,HHN-EDI-01,HHN-EDI-01_General Medicine Ward A,2025-12-28,16.708333333333332,16.952877308764116,Holt-Winters
Horizon Edinburgh,HHN-EDI-01,HHN-EDI-01_General Medicine Ward A,2025-12-29,16.833333333333332,16.958333333333332,Holt-Winters
Horizon Edinburgh,HHN-EDI-01,HHN-EDI-01_General Medicine Ward A,2025-12-30,16.708333333333332,16.958333333333332,Holt-Winters
Horizon Edinburgh,HHN-EDI-01,HHN-EDI-01_General Medicine Ward A,2025-12-31,16.958333333333332,16.856613934365683,Holt-Winters
Horizon London Riverside,HHN-LON-02,HHN-LON-02_General Medicine Ward A,2025-12-25,17.791666666666668,17.6319370248027,Holt-Winters
Horizon London Riverside,HHN-LON-02,HHN-LON-02_General Medicine Ward A,2025-12-26,17.791666666666668,17.373391648842983,Holt-Winters
Horizon London Riverside,HHN-LON-02,HHN-LON-02_General Medicine Ward A,2025-12-27,17.625,17.520048424946133,Holt-Winters
Horizon London Riverside,HHN-LON-02,HHN-LON-02_General Medicine Ward A,2025-12-28,17.833333333333332,17.80273057558781,Holt-Winters
Horizon London Riverside,HHN-LON-02,HHN-LON-02_General Medicine Ward A,2025-12-29,17.833333333333332,17.916666666666668,Holt-Winters
Horizon London Riverside,HHN-LON-02,HHN-LON-02_General Medicine Ward A,2025-12-30,17.666666666666668,17.916666666666668,Holt-Winters
Horizon London Riverside,HHN-LON-02,HHN-LON-02_General Medicine Ward A,2025-12-31,17.916666666666668,17.916666666666668,Holt-Winters
Horizon Manchester,HHN-MAN-01,HHN-MAN-01_General Medicine Ward A,2025-12-25,16.666666666666668,17.862682987339586,Holt-Winters
Horizon Manchester,HHN-MAN-01,HHN-MAN-01_General Medicine Ward A,2025-12-26,17.666666666666668,17.90261500493815,Holt-Winters
Horizon Manchester,HHN-MAN-01,HHN-MAN-01_General Medicine Ward A,2025-12-27,20.625,17.905475920632043,Holt-Winters
Horizon Manchester,HHN-MAN-01,HHN-MAN-01_General Medicine Ward A,2025-12-28,18.666666666666668,18.392302267883185,Holt-Winters
Horizon Manchester,HHN-MAN-01,HHN-MAN-01_General Medicine Ward A,2025-12-29,20.791666666666668,18.68937512811914,Holt-Winters
Horizon Manchester,HHN-MAN-01,HHN-MAN-01_General Medicine Ward A,2025-12-30,20.791666666666668,18.57985990434573,Holt-Winters
Horizon Manchester,HHN-MAN-01,HHN-MAN-01_General Medicine Ward A,2025-12-31,20.916666666666668,18.145499004941662,Holt-Winters
Horizon Edinburgh,HHN-EDI-01,HHN-EDI-01_General Medicine Ward B,2025-12-25,16.916666666666668,17.0,Holt-Winters
Horizon Edinburgh,HHN-EDI-01,HHN-EDI-01_General Medicine Ward B,2025-12-26,16.916666666666668,17.0,Holt-Winters
Horizon Edinburgh,HHN-EDI-01,HHN-EDI-01_General Medicine Ward B,2025-12-27,17.0,17.0,Holt-Winters
Horizon Edinburgh,HHN-EDI-01,HHN-EDI-01_General Medicine Ward B,2025-12-28,14.875,17.0,Holt-Winters
Horizon Edinburgh,HHN-EDI-01,HHN-EDI-01_General Medicine Ward B,2025-12-29,13.916666666666666,17.0,Holt-Winters
Horizon Edinburgh,HHN-EDI-01,HHN-EDI-01_General Medicine Ward B,2025-12-30,16.791666666666668,17.0,Holt-Winters
Horizon Edinburgh,HHN-EDI-01,HHN-EDI-01_General Medicine Ward B,2025-12-31,15.5,16.95377432637433,Holt-Winters
Horizon Manchester,HHN-MAN-01,HHN-MAN-01_General Medicine Ward B,2025-12-25,20.625,20.511796204381145,Holt-Winters
Horizon Manchester,HHN-MAN-01,HHN-MAN-01_General Medicine Ward B,2025-12-26,18.25,20.28760623272694,Holt-Winters
Horizon Manchester,HHN-MAN-01,HHN-MAN-01_General Medicine Ward B,2025-12-27,20.70833333333333,20.48432220712123,Holt-Winters
Horizon Manchester,HHN-MAN-01,HHN-MAN-01_General Medicine Ward B,2025-12-28,21.0,20.880874305099734,Holt-Winters
Horizon Manchester,HHN-MAN-01,HHN-MAN-01_General Medicine Ward B,2025-12-29,20.75,21.0,Holt-Winters
Horizon Manchester,HHN-MAN-01,HHN-MAN-01_General Medicine Ward B,2025-12-30,20.58333333333333,21.0,Holt-Winters
Horizon Manchester,HHN-MAN-01,HHN-MAN-01_General Medicine Ward B,2025-12-31,20.541666666666668,20.723135898533613,Holt-Winters
Horizon Birmingham,HHN-BIR-01,HHN-BIR-01_Orthopaedics Ward A,2025-12-25,10.958333333333334,10.958333333333334,Holt-Winters
Horizon Birmingham,HHN-BIR-01,HHN-BIR-01_Orthopaedics Ward A,2025-12-26,10.875,10.958333333333334,Holt-Winters
Horizon Birmingham,HHN-BIR-01,HHN-BIR-01_Orthopaedics Ward A,2025-12-27,10.958333333333334,10.951380378444885,Holt-Winters
Horizon Birmingham,HHN-BIR-01,HHN-BIR-01_Orthopaedics Ward A,2025-12-28,10.958333333333334,10.701784920801108,Holt-Winters
Horizon Birmingham,HHN-BIR-01,HHN-BIR-01_Orthopaedics Ward A,2025-12-29,10.958333333333334,10.886839391522582,Holt-Winters
Horizon Birmingham,HHN-BIR-01,HHN-BIR-01_Orthopaedics Ward A,2025-12-30,10.75,10.933368400342005,Holt-Winters
Horizon Birmingham,HHN-BIR-01,HHN-BIR-01_Orthopaedics Ward A,2025-12-31,10.958333333333334,10.958333333333334,Holt-Winters
Horizon Edinburgh,HHN-EDI-01,HHN-EDI-01_Orthopaedics Ward A,2025-12-25,9.875,10.0,Holt-Winters
Horizon Edinburgh,HHN-EDI-01,HHN-EDI-01_Orthopaedics Ward A,2025-12-26,10.0,9.99219698355448,Holt-Winters
Horizon Edinburgh,HHN-EDI-01,HHN-EDI-01_Orthopaedics Ward A,2025-12-27,9.875,9.695667607019653,Holt-Winters
Horizon Edinburgh,HHN-EDI-01,HHN-EDI-01_Orthopaedics Ward A,2025-12-28,9.833333333333334,9.19685376944576,Holt-Winters
Horizon Edinburgh,HHN-EDI-01,HHN-EDI-01_Orthopaedics Ward A,2025-12-29,9.875,9.25279282908185,Holt-Winters
Horizon Edinburgh,HHN-EDI-01,HHN-EDI-01_Orthopaedics Ward A,2025-12-30,9.791666666666666,9.611292341800263,Holt-Winters
Horizon Edinburgh,HHN-EDI-01,HHN-EDI-01_Orthopaedics Ward A,2025-12-31,9.958333333333334,9.95511549352148,Holt-Winters
Horizon London Riverside,HHN-LON-02,HHN-LON-02_Orthopaedics Ward A,2025-12-25,12.0,11.915433431968456,Holt-Winters
Horizon London Riverside,HHN-LON-02,HHN-LON-02_Orthopaedics Ward A,2025-12-26,11.875,11.797736383621675,Holt-Winters
Horizon London Riverside,HHN-LON-02,HHN-LON-02_Orthopaedics Ward A,2025-12-27,11.708333333333334,11.56688176060132,Holt-Winters
Horizon London Riverside,HHN-LON-02,HHN-LON-02_Orthopaedics Ward A,2025-12-28,11.916666666666666,11.425521290490927,Holt-Winters
Horizon London Riverside,HHN-LON-02,HHN-LON-02_Orthopaedics Ward A,2025-12-29,11.25,11.468042054798074,Holt-Winters
Horizon London Riverside,HHN-LON-02,HHN-LON-02_Orthopaedics Ward A,2025-12-30,11.333333333333334,11.722951714753997,Holt-Winters
Horizon London Riverside,HHN-LON-02,HHN-LON-02_Orthopaedics Ward A,2025-12-31,11.833333333333334,11.871042962036146,Holt-Winters
Horizon Manchester,HHN-MAN-01,HHN-MAN-01_Orthopaedics Ward A,2025-12-25,24.666666666666668,22.41020891164196,Holt-Winters
Horizon Manchester,HHN-MAN-01,HHN-MAN-01_Orthopaedics Ward A,2025-12-26,21.791666666666668,22.606225701302645,Holt-Winters
Horizon Manchester,HHN-MAN-01,HHN-MAN-01_Orthopaedics Ward A,2025-12-27,20.45833333333333,20.728042003112503,Holt-Winters
Horizon Manchester,HHN-MAN-01,HHN-MAN-01_Orthopaedics Ward A,2025-12-28,20.125,18.34947665460853,Holt-Winters
Horizon Manchester,HHN-MAN-01,HHN-MAN-01_Orthopaedics Ward A,2025-12-29,20.75,18.376105188373025,Holt-Winters
Horizon Manchester,HHN-MAN-01,HHN-MAN-01_Orthopaedics Ward A,2025-12-30,18.625,20.001004091379727,Holt-Winters
Horizon Manchester,HHN-MAN-01,HHN-MAN-01_Orthopaedics Ward A,2025-12-31,15.083333333333334,21.37347142582896,Holt-Winters
Horizon Edinburgh,HHN-EDI-01,HHN-EDI-01_Orthopaedics Ward B,2025-12-25,9.458333333333334,9.826365276303225,Holt-Winters
Horizon Edinburgh,HHN-EDI-01,HHN-EDI-01_Orthopaedics Ward B,2025-12-26,9.875,9.806736452411435,Holt-Winters
Horizon Edinburgh,HHN-EDI-01,HHN-EDI-01_Orthopaedics Ward B,2025-12-27,9.875,9.493008296471343,Holt-Winters
Horizon Edinburgh,HHN-EDI-01,HHN-EDI-01_Orthopaedics Ward B,2025-12-28,10.0,9.422327150320124,Holt-Winters
Horizon Edinburgh,HHN-EDI-01,HHN-EDI-01_Orthopaedics Ward B,2025-12-29,9.958333333333334,9.42026855418034,Holt-Winters
Horizon Edinburgh,HHN-EDI-01,HHN-EDI-01_Orthopaedics Ward B,2025-12-30,9.791666666666666,9.597873957799033,Holt-Winters
Horizon Edinburgh,HHN-EDI-01,HHN-EDI-01_Orthopaedics Ward B,2025-12-31,9.833333333333334,9.760915130375862,Holt-Winters
Horizon London Central,HHN-LON-01,HHN-LON-01_Orthopaedics Ward B,2025-12-25,26.70833333333333,27.875,Holt-Winters
Horizon London Central,HHN-LON-01,HHN-LON-01_Orthopaedics Ward B,2025-12-26,24.666666666666668,27.875,Holt-Winters
Horizon London Central,HHN-LON-01,HHN-LON-01_Orthopaedics Ward B,2025-12-27,19.875,27.760150993226908,Holt-Winters
Horizon London Central,HHN-LON-01,HHN-LON-01_Orthopaedics Ward B,2025-12-28,23.75,26.620164058208307,Holt-Winters
Horizon London Central,HHN-LON-01,HHN-LON-01_Orthopaedics Ward B,2025-12-29,27.95833333333333,26.11052079945988,Holt-Winters
Horizon London Central,HHN-LON-01,HHN-LON-01_Orthopaedics Ward B,2025-12-30,27.08333333333333,26.87641051677503,Holt-Winters
Horizon London Central,HHN-LON-01,HHN-LON-01_Orthopaedics Ward B,2025-12-31,25.791666666666668,27.75011538745356,Holt-Winters
Horizon London Riverside,HHN-LON-02,HHN-LON-02_ICU,2025-12-02,7.541666666666667,7.5852594,XGBoost
Horizon London Riverside,HHN-LON-02,HHN-LON-02_ICU,2025-12-03,7.083333333333333,8.763119,XGBoost
Horizon London Riverside,HHN-LON-02,HHN-LON-02_ICU,2025-12-04,9.291666666666666,8.126135,XGBoost
Horizon London Riverside,HHN-LON-02,HHN-LON-02_ICU,2025-12-05,10.291666666666666,8.39662,XGBoost
Horizon London Riverside,HHN-LON-02,HHN-LON-02_ICU,2025-12-06,9.875,8.49592,XGBoost
Horizon London Riverside,HHN-LON-02,HHN-LON-02_ICU,2025-12-07,9.958333333333334,8.399203,XGBoost
Horizon London Riverside,HHN-LON-02,HHN-LON-02_ICU,2025-12-08,9.916666666666666,10.03087,XGBoost
Horizon London Riverside,HHN-LON-02,HHN-LON-02_ICU,2025-12-09,11.416666666666666,9.890983,XGBoost
Horizon London Riverside,HHN-LON-02,HHN-LON-02_ICU,2025-12-10,11.875,10.49463,XGBoost
Horizon London Riverside,HHN-LON-02,HHN-LON-02_ICU,2025-12-11,11.875,9.805775,XGBoost
Horizon London Riverside,HHN-LON-02,HHN-LON-02_ICU,2025-12-12,10.791666666666666,9.595297,XGBoost
Horizon London Riverside,HHN-LON-02,HHN-LON-02_ICU,2025-12-13,10.333333333333334,10.390309,XGBoost
Horizon London Riverside,HHN-LON-02,HHN-LON-02_ICU,2025-12-14,11.833333333333334,10.413299,XGBoost
Horizon London Riverside,HHN-LON-02,HHN-LON-02_ICU,2025-12-15,11.958333333333334,11.180444,XGBoost
Horizon London Riverside,HHN-LON-02,HHN-LON-02_ICU,2025-12-16,12.0,10.96732,XGBoost
Horizon London Riverside,HHN-LON-02,HHN-LON-02_ICU,2025-12-17,11.916666666666666,11.12249,XGBoost
Horizon London Riverside,HHN-LON-02,HHN-LON-02_ICU,2025-12-18,11.791666666666666,10.828342,XGBoost
Horizon London Riverside,HHN-LON-02,HHN-LON-02_ICU,2025-12-19,11.875,10.838186,XGBoost
Horizon London Riverside,HHN-LON-02,HHN-LON-02_ICU,2025-12-20,11.791666666666666,10.971348,XGBoost
Horizon London Riverside,HHN-LON-02,HHN-LON-02_ICU,2025-12-21,11.875,10.93587,XGBoost
Horizon London Riverside,HHN-LON-02,HHN-LON-02_ICU,2025-12-22,10.5,11.204433,XGBoost
Horizon London Riverside,HHN-LON-02,HHN-LON-02_ICU,2025-12-23,9.083333333333334,10.642715,XGBoost
Horizon London Riverside,HHN-LON-02,HHN-LON-02_ICU,2025-12-24,8.708333333333334,10.495194,XGBoost
Horizon London Riverside,HHN-LON-02,HHN-LON-02_ICU,2025-12-25,10.375,9.582412,XGBoost
Horizon London Riverside,HHN-LON-02,HHN-LON-02_ICU,2025-12-26,10.166666666666666,9.369437,XGBoost
Horizon London Riverside,HHN-LON-02,HHN-LON-02_ICU,2025-12-27,7.583333333333333,8.921191,XGBoost
Horizon London Riverside,HHN-LON-02,HHN-LON-02_ICU,2025-12-28,7.041666666666667,8.368386,XGBoost
Horizon London Riverside,HHN-LON-02,HHN-LON-02_ICU,2025-12-29,8.416666666666666,9.235774,XGBoost
Horizon London Riverside,HHN-LON-02,HHN-LON-02_ICU,2025-12-30,8.375,8.68376,XGBoost
Horizon London Riverside,HHN-LON-02,HHN-LON-02_ICU,2025-12-31,9.666666666666666,9.043089,XGBoost
Horizon London Riverside,HHN-LON-02,HHN-LON-02_Cardiology Ward,2025-12-02,17.958333333333332,17.902212,XGBoost
Horizon London Riverside,HHN-LON-02,HHN-LON-02_Cardiology Ward,2025-12-03,17.833333333333332,17.895193,XGBoost
Horizon London Riverside,HHN-LON-02,HHN-LON-02_Cardiology Ward,2025-12-04,17.833333333333332,17.882357,XGBoost
Horizon London Riverside,HHN-LON-02,HHN-LON-02_Cardiology Ward,2025-12-05,17.958333333333332,17.874517,XGBoost
Horizon London Riverside,HHN-LON-02,HHN-LON-02_Cardiology Ward,2025-12-06,17.958333333333332,17.842218,XGBoost
Horizon London Riverside,HHN-LON-02,HHN-LON-02_Cardiology Ward,2025-12-07,17.666666666666668,17.767805,XGBoost
Horizon London Riverside,HHN-LON-02,HHN-LON-02_Cardiology Ward,2025-12-08,17.875,17.767502,XGBoost
Horizon London Riverside,HHN-LON-02,HHN-LON-02_Cardiology Ward,2025-12-09,17.791666666666668,17.873657,XGBoost
Horizon London Riverside,HHN-LON-02,HHN-LON-02_Cardiology Ward,2025-12-10,17.916666666666668,17.654268,XGBoost
Horizon London Riverside,HHN-LON-02,HHN-LON-02_Cardiology Ward,2025-12-11,17.916666666666668,17.888327,XGBoost
Horizon London Riverside,HHN-LON-02,HHN-LON-02_Cardiology Ward,2025-12-12,17.666666666666668,17.791578,XGBoost
Horizon London Riverside,HHN-LON-02,HHN-LON-02_Cardiology Ward,2025-12-13,17.916666666666668,17.711304,XGBoost
Horizon London Riverside,HHN-LON-02,HHN-LON-02_Cardiology Ward,2025-12-14,17.791666666666668,17.7772,XGBoost
Horizon London Riverside,HHN-LON-02,HHN-LON-02_Cardiology Ward,2025-12-15,17.791666666666668,17.691757,XGBoost
Horizon London Riverside,HHN-LON-02,HHN-LON-02_Cardiology Ward,2025-12-16,17.75,17.845188,XGBoost
Horizon London Riverside,HHN-LON-02,HHN-LON-02_Cardiology Ward,2025-12-17,17.625,17.796661,XGBoost
Horizon London Riverside,HHN-LON-02,HHN-LON-02_Cardiology Ward,2025-12-18,17.916666666666668,17.78173,XGBoost
Horizon London Riverside,HHN-LON-02,HHN-LON-02_Cardiology Ward,2025-12-19,17.708333333333332,17.759825,XGBoost
Horizon London Riverside,HHN-LON-02,HHN-LON-02_Cardiology Ward,2025-12-20,17.833333333333332,17.689394,XGBoost
Horizon London Riverside,HHN-LON-02,HHN-LON-02_Cardiology Ward,2025-12-21,17.75,17.697426,XGBoost
Horizon London Riverside,HHN-LON-02,HHN-LON-02_Cardiology Ward,2025-12-22,17.75,17.74931,XGBoost
Horizon London Riverside,HHN-LON-02,HHN-LON-02_Cardiology Ward,2025-12-23,17.916666666666668,17.774483,XGBoost
Horizon London Riverside,HHN-LON-02,HHN-LON-02_Cardiology Ward,2025-12-24,17.833333333333332,17.816864,XGBoost
Horizon London Riverside,HHN-LON-02,HHN-LON-02_Cardiology Ward,2025-12-25,17.833333333333332,17.82883,XGBoost
Horizon London Riverside,HHN-LON-02,HHN-LON-02_Cardiology Ward,2025-12-26,17.75,17.754038,XGBoost
Horizon London Riverside,HHN-LON-02,HHN-LON-02_Cardiology Ward,2025-12-27,17.833333333333332,17.718903,XGBoost
Horizon London Riverside,HHN-LON-02,HHN-LON-02_Cardiology Ward,2025-12-28,17.791666666666668,17.789574,XGBoost
Horizon London Riverside,HHN-LON-02,HHN-LON-02_Cardiology Ward,2025-12-29,17.916666666666668,17.903564,XGBoost
Horizon London Riverside,HHN-LON-02,HHN-LON-02_Cardiology Ward,2025-12-30,17.875,17.664722,XGBoost
Horizon London Riverside,HHN-LON-02,HHN-LON-02_Cardiology Ward,2025-12-31,17.625,17.61937,XGBoost
Horizon London Central,HHN-LON-01,HHN-LON-01_Oncology Ward,2025-12-02,31.25,26.00272,XGBoost
Horizon London Central,HHN-LON-01,HHN-LON-01_Oncology Ward,2025-12-03,35.958333333333336,30.578405,XGBoost
Horizon London Central,HHN-LON-01,HHN-LON-01_Oncology Ward,2025-12-04,37.75,32.689713,XGBoost
Horizon London Central,HHN-LON-01,HHN-LON-01_Oncology Ward,2025-12-05,37.875,33.733234,XGBoost
Horizon London Central,HHN-LON-01,HHN-LON-01_Oncology Ward,2025-12-06,37.25,33.72105,XGBoost
Horizon London Central,HHN-LON-01,HHN-LON-01_Oncology Ward,2025-12-07,33.583333333333336,34.31233,XGBoost
Horizon London Central,HHN-LON-01,HHN-LON-01_Oncology Ward,2025-12-08,30.916666666666668,30.920443,XGBoost
Horizon London Central,HHN-LON-01,HHN-LON-01_Oncology Ward,2025-12-09,35.25,32.29557,XGBoost
Horizon London Central,HHN-LON-01,HHN-LON-01_Oncology Ward,2025-12-10,37.54166666666666,32.13716,XGBoost
Horizon London Central,HHN-LON-01,HHN-LON-01_Oncology Ward,2025-12-11,37.91666666666666,31.963621,XGBoost
Horizon London Central,HHN-LON-01,HHN-LON-01_Oncology Ward,2025-12-12,37.958333333333336,31.948378,XGBoost
Horizon London Central,HHN-LON-01,HHN-LON-01_Oncology Ward,2025-12-13,36.0,32.07836,XGBoost
Horizon London Central,HHN-LON-01,HHN-LON-01_Oncology Ward,2025-12-14,30.20833333333333,31.38773,XGBoost
Horizon London Central,HHN-LON-01,HHN-LON-01_Oncology Ward,2025-12-15,32.666666666666664,31.921558,XGBoost
Horizon London Central,HHN-LON-01,HHN-LON-01_Oncology Ward,2025-12-16,32.833333333333336,31.234352,XGBoost
Horizon London Central,HHN-LON-01,HHN-LON-01_Oncology Ward,2025-12-17,31.125,29.675583,XGBoost
Horizon London Central,HHN-LON-01,HHN-LON-01_Oncology Ward,2025-12-18,31.75,30.000122,XGBoost
Horizon London Central,HHN-LON-01,HHN-LON-01_Oncology Ward,2025-12-19,33.625,30.027071,XGBoost
Horizon London Central,HHN-LON-01,HHN-LON-01_Oncology Ward,2025-12-20,31.666666666666668,29.130043,XGBoost
Horizon London Central,HHN-LON-01,HHN-LON-01_Oncology Ward,2025-12-21,28.83333333333333,30.265312,XGBoost
Horizon London Central,HHN-LON-01,HHN-LON-01_Oncology Ward,2025-12-22,31.25,27.278221,XGBoost
Horizon London Central,HHN-LON-01,HHN-LON-01_Oncology Ward,2025-12-23,29.83333333333333,26.815844,XGBoost
Horizon London Central,HHN-LON-01,HHN-LON-01_Oncology Ward,2025-12-24,25.70833333333333,28.881899,XGBoost
Horizon London Central,HHN-LON-01,HHN-LON-01_Oncology Ward,2025-12-25,22.33333333333333,27.343094,XGBoost
Horizon London Central,HHN-LON-01,HHN-LON-01_Oncology Ward,2025-12-26,20.291666666666668,25.631756,XGBoost
Horizon London Central,HHN-LON-01,HHN-LON-01_Oncology Ward,2025-12-27,22.25,25.419481,XGBoost
Horizon London Central,HHN-LON-01,HHN-LON-01_Oncology Ward,2025-12-28,24.0,23.04677,XGBoost
Horizon London Central,HHN-LON-01,HHN-LON-01_Oncology Ward,2025-12-29,25.416666666666668,24.010843,XGBoost
Horizon London Central,HHN-LON-01,HHN-LON-01_Oncology Ward,2025-12-30,23.08333333333333,23.506056,XGBoost
Horizon London Central,HHN-LON-01,HHN-LON-01_Oncology Ward,2025-12-31,22.45833333333333,22.790201,XGBoost
Horizon London Riverside,HHN-LON-02,HHN-LON-02_Oncology Ward,2025-12-02,31.166666666666668,27.6131,XGBoost
Horizon London Riverside,HHN-LON-02,HHN-LON-02_Oncology Ward,2025-12-03,33.541666666666664,29.893587,XGBoost
Horizon London Riverside,HHN-LON-02,HHN-LON-02_Oncology Ward,2025-12-04,32.791666666666664,31.671299,XGBoost
Horizon London Riverside,HHN-LON-02,HHN-LON-02_Oncology Ward,2025-12-05,34.583333333333336,34.49268,XGBoost
Horizon London Riverside,HHN-LON-02,HHN-LON-02_Oncology Ward,2025-12-06,32.75,31.816658,XGBoost
Horizon London Riverside,HHN-LON-02,HHN-LON-02_Oncology Ward,2025-12-07,31.75,30.173395,XGBoost
Horizon London Riverside,HHN-LON-02,HHN-LON-02_Oncology Ward,2025-12-08,29.83333333333333,28.861439,XGBoost
Horizon London Riverside,HHN-LON-02,HHN-LON-02_Oncology Ward,2025-12-09,28.08333333333333,29.799314,XGBoost
Horizon London Riverside,HHN-LON-02,HHN-LON-02_Oncology Ward,2025-12-10,28.416666666666668,31.52794,XGBoost
Horizon London Riverside,HHN-LON-02,HHN-LON-02_Oncology Ward,2025-12-11,29.0,32.099434,XGBoost
Horizon London Riverside,HHN-LON-02,HHN-LON-02_Oncology Ward,2025-12-12,28.45833333333333,30.767729,XGBoost
Horizon London Riverside,HHN-LON-02,HHN-LON-02_Oncology Ward,2025-12-13,30.25,30.204987,XGBoost
Horizon London Riverside,HHN-LON-02,HHN-LON-02_Oncology Ward,2025-12-14,25.541666666666668,26.192682,XGBoost
Horizon London Riverside,HHN-LON-02,HHN-LON-02_Oncology Ward,2025-12-15,28.666666666666668,23.31738,XGBoost
Horizon London Riverside,HHN-LON-02,HHN-LON-02_Oncology Ward,2025-12-16,28.0,24.969975,XGBoost
Horizon London Riverside,HHN-LON-02,HHN-LON-02_Oncology Ward,2025-12-17,27.375,28.011889,XGBoost
Horizon London Riverside,HHN-LON-02,HHN-LON-02_Oncology Ward,2025-12-18,29.875,29.531265,XGBoost
Horizon London Riverside,HHN-LON-02,HHN-LON-02_Oncology Ward,2025-12-19,28.25,29.397696,XGBoost
Horizon London Riverside,HHN-LON-02,HHN-LON-02_Oncology Ward,2025-12-20,25.33333333333333,28.792305,XGBoost
Horizon London Riverside,HHN-LON-02,HHN-LON-02_Oncology Ward,2025-12-21,21.625,24.574276,XGBoost
Horizon London Riverside,HHN-LON-02,HHN-LON-02_Oncology Ward,2025-12-22,24.916666666666668,22.357695,XGBoost
Horizon London Riverside,HHN-LON-02,HHN-LON-02_Oncology Ward,2025-12-23,25.0,22.38811,XGBoost
Horizon London Riverside,HHN-LON-02,HHN-LON-02_Oncology Ward,2025-12-24,27.166666666666668,25.909296,XGBoost
Horizon London Riverside,HHN-LON-02,HHN-LON-02_Oncology Ward,2025-12-25,22.75,25.513906,XGBoost
Horizon London Riverside,HHN-LON-02,HHN-LON-02_Oncology Ward,2025-12-26,17.708333333333332,24.914183,XGBoost
Horizon London Riverside,HHN-LON-02,HHN-LON-02_Oncology Ward,2025-12-27,14.541666666666666,23.106464,XGBoost
Horizon London Riverside,HHN-LON-02,HHN-LON-02_Oncology Ward,2025-12-28,14.75,20.142405,XGBoost
Horizon London Riverside,HHN-LON-02,HHN-LON-02_Oncology Ward,2025-12-29,17.125,18.111504,XGBoost
Horizon London Riverside,HHN-LON-02,HHN-LON-02_Oncology Ward,2025-12-30,20.20833333333333,17.455902,XGBoost
Horizon London Riverside,HHN-LON-02,HHN-LON-02_Oncology Ward,2025-12-31,22.291666666666668,18.194191,XGBoost
Horizon Manchester,HHN-MAN-01,HHN-MAN-01_Oncology Ward,2025-12-02,19.666666666666668,16.235588,XGBoost
Horizon Manchester,HHN-MAN-01,HHN-MAN-01_Oncology Ward,2025-12-03,19.83333333333333,17.663773,XGBoost
Horizon Manchester,HHN-MAN-01,HHN-MAN-01_Oncology Ward,2025-12-04,18.08333333333333,17.746004,XGBoost
Horizon Manchester,HHN-MAN-01,HHN-MAN-01_Oncology Ward,2025-12-05,18.0,18.471794,XGBoost
Horizon Manchester,HHN-MAN-01,HHN-MAN-01_Oncology Ward,2025-12-06,19.625,18.969149,XGBoost
Horizon Manchester,HHN-MAN-01,HHN-MAN-01_Oncology Ward,2025-12-07,19.83333333333333,19.001205,XGBoost
Horizon Manchester,HHN-MAN-01,HHN-MAN-01_Oncology Ward,2025-12-08,19.70833333333333,19.04588,XGBoost
Horizon Manchester,HHN-MAN-01,HHN-MAN-01_Oncology Ward,2025-12-09,19.70833333333333,18.676235,XGBoost
Horizon Manchester,HHN-MAN-01,HHN-MAN-01_Oncology Ward,2025-12-10,19.666666666666668,18.449608,XGBoost
Horizon Manchester,HHN-MAN-01,HHN-MAN-01_Oncology Ward,2025-12-11,19.416666666666668,19.368397,XGBoost
Horizon Manchester,HHN-MAN-01,HHN-MAN-01_Oncology Ward,2025-12-12,19.83333333333333,19.494682,XGBoost
Horizon Manchester,HHN-MAN-01,HHN-MAN-01_Oncology Ward,2025-12-13,19.75,19.453865,XGBoost
Horizon Manchester,HHN-MAN-01,HHN-MAN-01_Oncology Ward,2025-12-14,19.83333333333333,18.897528,XGBoost
Horizon Manchester,HHN-MAN-01,HHN-MAN-01_Oncology Ward,2025-12-15,18.875,18.894905,XGBoost
Horizon Manchester,HHN-MAN-01,HHN-MAN-01_Oncology Ward,2025-12-16,17.708333333333332,18.052782,XGBoost
Horizon Manchester,HHN-MAN-01,HHN-MAN-01_Oncology Ward,2025-12-17,19.5,18.417122,XGBoost
Horizon Manchester,HHN-MAN-01,HHN-MAN-01_Oncology Ward,2025-12-18,19.875,18.883049,XGBoost
Horizon Manchester,HHN-MAN-01,HHN-MAN-01_Oncology Ward,2025-12-19,19.375,18.135319,XGBoost
Horizon Manchester,HHN-MAN-01,HHN-MAN-01_Oncology Ward,2025-12-20,19.83333333333333,18.20818,XGBoost
Horizon Manchester,HHN-MAN-01,HHN-MAN-01_Oncology Ward,2025-12-21,19.541666666666668,17.880487,XGBoost
Horizon Manchester,HHN-MAN-01,HHN-MAN-01_Oncology Ward,2025-12-22,19.83333333333333,18.651188,XGBoost
Horizon Manchester,HHN-MAN-01,HHN-MAN-01_Oncology Ward,2025-12-23,18.041666666666668,18.766481,XGBoost
Horizon Manchester,HHN-MAN-01,HHN-MAN-01_Oncology Ward,2025-12-24,18.166666666666668,18.114458,XGBoost
Horizon Manchester,HHN-MAN-01,HHN-MAN-01_Oncology Ward,2025-12-25,17.125,17.075655,XGBoost
Horizon Manchester,HHN-MAN-01,HHN-MAN-01_Oncology Ward,2025-12-26,14.708333333333334,16.938032,XGBoost
Horizon Manchester,HHN-MAN-01,HHN-MAN-01_Oncology Ward,2025-12-27,17.375,15.552436,XGBoost
Horizon Manchester,HHN-MAN-01,HHN-MAN-01_Oncology Ward,2025-12-28,17.75,15.087979,XGBoost
Horizon Manchester,HHN-MAN-01,HHN-MAN-01_Oncology Ward,2025-12-29,18.33333333333333,16.065033,XGBoost
Horizon Manchester,HHN-MAN-01,HHN-MAN-01_Oncology Ward,2025-12-30,19.875,16.542786,XGBoost
Horizon Manchester,HHN-MAN-01,HHN-MAN-01_Oncology Ward,2025-12-31,19.625,17.042555,XGBoost
Horizon Birmingham,HHN-BIR-01,HHN-BIR-01_Day Case Unit,2025-12-02,0.5833333333333334,0.5493832,XGBoost
Horizon Birmingham,HHN-BIR-01,HHN-BIR-01_Day Case Unit,2025-12-03,0.375,0.51530105,XGBoost
Horizon Birmingham,HHN-BIR-01,HHN-BIR-01_Day Case Unit,2025-12-04,0.2083333333333333,0.58412397,XGBoost
Horizon Birmingham,HHN-BIR-01,HHN-BIR-01_Day Case Unit,2025-12-05,0.2083333333333333,0.40890333,XGBoost
Horizon Birmingham,HHN-BIR-01,HHN-BIR-01_Day Case Unit,2025-12-06,0.0,0.022760382,XGBoost
Horizon Birmingham,HHN-BIR-01,HHN-BIR-01_Day Case Unit,2025-12-07,0.1666666666666666,0.21720892,XGBoost
Horizon Birmingham,HHN-BIR-01,HHN-BIR-01_Day Case Unit,2025-12-08,0.4166666666666667,0.42108613,XGBoost
Horizon Birmingham,HHN-BIR-01,HHN-BIR-01_Day Case Unit,2025-12-09,0.5833333333333334,0.52218217,XGBoost
Horizon Birmingham,HHN-BIR-01,HHN-BIR-01_Day Case Unit,2025-12-10,0.9583333333333334,0.5858852,XGBoost
Horizon Birmingham,HHN-BIR-01,HHN-BIR-01_Day Case Unit,2025-12-11,0.4583333333333333,0.6444116,XGBoost
Horizon Birmingham,HHN-BIR-01,HHN-BIR-01_Day Case Unit,2025-12-12,0.1666666666666666,0.4780247,XGBoost
Horizon Birmingham,HHN-BIR-01,HHN-BIR-01_Day Case Unit,2025-12-13,0.3333333333333333,0.22612286,XGBoost
Horizon Birmingham,HHN-BIR-01,HHN-BIR-01_Day Case Unit,2025-12-14,0.0,0.036007795,XGBoost
Horizon Birmingham,HHN-BIR-01,HHN-BIR-01_Day Case Unit,2025-12-15,0.1666666666666666,0.48261815,XGBoost
Horizon Birmingham,HHN-BIR-01,HHN-BIR-01_Day Case Unit,2025-12-16,0.2083333333333333,0.66478246,XGBoost
Horizon Birmingham,HHN-BIR-01,HHN-BIR-01_Day Case Unit,2025-12-17,0.7916666666666666,0.51504564,XGBoost
Horizon Birmingham,HHN-BIR-01,HHN-BIR-01_Day Case Unit,2025-12-18,0.5833333333333334,0.63859034,XGBoost
Horizon Birmingham,HHN-BIR-01,HHN-BIR-01_Day Case Unit,2025-12-19,0.5833333333333334,0.4394084,XGBoost
Horizon Birmingham,HHN-BIR-01,HHN-BIR-01_Day Case Unit,2025-12-20,0.4583333333333333,0.4168864,XGBoost
Horizon Birmingham,HHN-BIR-01,HHN-BIR-01_Day Case Unit,2025-12-21,0.5833333333333334,0.39443666,XGBoost
Horizon Birmingham,HHN-BIR-01,HHN-BIR-01_Day Case Unit,2025-12-22,0.0,0.071643755,XGBoost
Horizon Birmingham,HHN-BIR-01,HHN-BIR-01_Day Case Unit,2025-12-23,0.0,0.10920861,XGBoost
Horizon Birmingham,HHN-BIR-01,HHN-BIR-01_Day Case Unit,2025-12-24,0.2083333333333333,0.71498704,XGBoost
Horizon Birmingham,HHN-BIR-01,HHN-BIR-01_Day Case Unit,2025-12-25,0.0,0.061445333,XGBoost
Horizon Birmingham,HHN-BIR-01,HHN-BIR-01_Day Case Unit,2025-12-26,0.0,0.055786178,XGBoost
Horizon Birmingham,HHN-BIR-01,HHN-BIR-01_Day Case Unit,2025-12-27,0.25,0.43842036,XGBoost
Horizon Birmingham,HHN-BIR-01,HHN-BIR-01_Day Case Unit,2025-12-28,0.5416666666666666,0.4312098,XGBoost
Horizon Birmingham,HHN-BIR-01,HHN-BIR-01_Day Case Unit,2025-12-29,0.125,0.2055831,XGBoost
Horizon Birmingham,HHN-BIR-01,HHN-BIR-01_Day Case Unit,2025-12-30,0.1666666666666666,0.2738751,XGBoost
Horizon Birmingham,HHN-BIR-01,HHN-BIR-01_Day Case Unit,2025-12-31,0.2083333333333333,0.3540682,XGBoost
Horizon Edinburgh,HHN-EDI-01,HHN-EDI-01_Day Case Unit,2025-12-02,0.4166666666666667,0.31339955,XGBoost
Horizon Edinburgh,HHN-EDI-01,HHN-EDI-01_Day Case Unit,2025-12-03,0.125,0.03843531,XGBoost
Horizon Edinburgh,HHN-EDI-01,HHN-EDI-01_Day Case Unit,2025-12-04,0.2083333333333333,0.31259036,XGBoost
Horizon Edinburgh,HHN-EDI-01,HHN-EDI-01_Day Case Unit,2025-12-05,0.4583333333333333,0.37555733,XGBoost
Horizon Edinburgh,HHN-EDI-01,HHN-EDI-01_Day Case Unit,2025-12-06,0.125,0.13683929,XGBoost
Horizon Edinburgh,HHN-EDI-01,HHN-EDI-01_Day Case Unit,2025-12-07,0.0,0.020084249,XGBoost
Horizon Edinburgh,HHN-EDI-01,HHN-EDI-01_Day Case Unit,2025-12-08,0.4166666666666667,0.27195233,XGBoost
Horizon Edinburgh,HHN-EDI-01,HHN-EDI-01_Day Case Unit,2025-12-09,0.2083333333333333,0.4257637,XGBoost
Horizon Edinburgh,HHN-EDI-01,HHN-EDI-01_Day Case Unit,2025-12-10,0.2916666666666667,0.33353707,XGBoost
Horizon Edinburgh,HHN-EDI-01,HHN-EDI-01_Day Case Unit,2025-12-11,0.375,0.39626506,XGBoost
Horizon Edinburgh,HHN-EDI-01,HHN-EDI-01_Day Case Unit,2025-12-12,0.7083333333333334,0.43655258,XGBoost
Horizon Edinburgh,HHN-EDI-01,HHN-EDI-01_Day Case Unit,2025-12-13,0.4166666666666667,0.33848107,XGBoost
Horizon Edinburgh,HHN-EDI-01,HHN-EDI-01_Day Case Unit,2025-12-14,0.4166666666666667,0.40979323,XGBoost
Horizon Edinburgh,HHN-EDI-01,HHN-EDI-01_Day Case Unit,2025-12-15,0.0,0.16747676,XGBoost
Horizon Edinburgh,HHN-EDI-01,HHN-EDI-01_Day Case Unit,2025-12-16,0.0,0.1898344,XGBoost
Horizon Edinburgh,HHN-EDI-01,HHN-EDI-01_Day Case Unit,2025-12-17,0.25,0.47991005,XGBoost
Horizon Edinburgh,HHN-EDI-01,HHN-EDI-01_Day Case Unit,2025-12-18,0.125,0.46669346,XGBoost
Horizon Edinburgh,HHN-EDI-01,HHN-EDI-01_Day Case Unit,2025-12-19,0.2083333333333333,0.10791741,XGBoost
Horizon Edinburgh,HHN-EDI-01,HHN-EDI-01_Day Case Unit,2025-12-20,0.2083333333333333,0.26377207,XGBoost
Horizon Edinburgh,HHN-EDI-01,HHN-EDI-01_Day Case Unit,2025-12-21,0.5416666666666666,0.18379602,XGBoost
Horizon Edinburgh,HHN-EDI-01,HHN-EDI-01_Day Case Unit,2025-12-22,0.875,0.45386678,XGBoost
Horizon Edinburgh,HHN-EDI-01,HHN-EDI-01_Day Case Unit,2025-12-23,0.2083333333333333,0.4388296,XGBoost
Horizon Edinburgh,HHN-EDI-01,HHN-EDI-01_Day Case Unit,2025-12-24,0.0,0.16563083,XGBoost
Horizon Edinburgh,HHN-EDI-01,HHN-EDI-01_Day Case Unit,2025-12-25,0.0833333333333333,0.3315764,XGBoost
Horizon Edinburgh,HHN-EDI-01,HHN-EDI-01_Day Case Unit,2025-12-26,0.5,0.37892088,XGBoost
Horizon Edinburgh,HHN-EDI-01,HHN-EDI-01_Day Case Unit,2025-12-27,0.0416666666666666,0.22132686,XGBoost
Horizon Edinburgh,HHN-EDI-01,HHN-EDI-01_Day Case Unit,2025-12-28,0.375,0.28481737,XGBoost
Horizon Edinburgh,HHN-EDI-01,HHN-EDI-01_Day Case Unit,2025-12-29,0.75,0.52995896,XGBoost
Horizon Edinburgh,HHN-EDI-01,HHN-EDI-01_Day Case Unit,2025-12-30,0.5,0.41963714,XGBoost
Horizon Edinburgh,HHN-EDI-01,HHN-EDI-01_Day Case Unit,2025-12-31,0.2916666666666667,0.6321631,XGBoost
Horizon London Riverside,HHN-LON-02,HHN-LON-02_Day Case Unit,2025-12-02,1.0416666666666667,0.8912519,XGBoost
Horizon London Riverside,HHN-LON-02,HHN-LON-02_Day Case Unit,2025-12-03,0.75,0.7251873,XGBoost
Horizon London Riverside,HHN-LON-02,HHN-LON-02_Day Case Unit,2025-12-04,0.5833333333333334,0.9350784,XGBoost
Horizon London Riverside,HHN-LON-02,HHN-LON-02_Day Case Unit,2025-12-05,0.5833333333333334,0.92663634,XGBoost
Horizon London Riverside,HHN-LON-02,HHN-LON-02_Day Case Unit,2025-12-06,0.2083333333333333,0.34587082,XGBoost
Horizon London Riverside,HHN-LON-02,HHN-LON-02_Day Case Unit,2025-12-07,0.375,0.33957908,XGBoost
Horizon London Riverside,HHN-LON-02,HHN-LON-02_Day Case Unit,2025-12-08,0.4166666666666667,0.63772935,XGBoost
Horizon London Riverside,HHN-LON-02,HHN-LON-02_Day Case Unit,2025-12-09,0.0,0.20976727,XGBoost
Horizon London Riverside,HHN-LON-02,HHN-LON-02_Day Case Unit,2025-12-10,0.75,0.5315829,XGBoost
Horizon London Riverside,HHN-LON-02,HHN-LON-02_Day Case Unit,2025-12-11,1.5416666666666667,0.71859974,XGBoost
Horizon London Riverside,HHN-LON-02,HHN-LON-02_Day Case Unit,2025-12-12,0.5,0.5548184,XGBoost
Horizon London Riverside,HHN-LON-02,HHN-LON-02_Day Case Unit,2025-12-13,0.0,0.06818134,XGBoost
Horizon London Riverside,HHN-LON-02,HHN-LON-02_Day Case Unit,2025-12-14,0.5416666666666666,0.38475192,XGBoost
Horizon London Riverside,HHN-LON-02,HHN-LON-02_Day Case Unit,2025-12-15,0.4166666666666667,0.5158738,XGBoost
Horizon London Riverside,HHN-LON-02,HHN-LON-02_Day Case Unit,2025-12-16,0.875,0.7675803,XGBoost
Horizon London Riverside,HHN-LON-02,HHN-LON-02_Day Case Unit,2025-12-17,0.2083333333333333,0.6879662,XGBoost
Horizon London Riverside,HHN-LON-02,HHN-LON-02_Day Case Unit,2025-12-18,0.2916666666666667,0.3178268,XGBoost
Horizon London Riverside,HHN-LON-02,HHN-LON-02_Day Case Unit,2025-12-19,0.0,0.15541317,XGBoost
Horizon London Riverside,HHN-LON-02,HHN-LON-02_Day Case Unit,2025-12-20,0.5416666666666666,0.44658417,XGBoost
Horizon London Riverside,HHN-LON-02,HHN-LON-02_Day Case Unit,2025-12-21,0.0416666666666666,0.03862518,XGBoost
Horizon London Riverside,HHN-LON-02,HHN-LON-02_Day Case Unit,2025-12-22,0.375,0.5781273,XGBoost
Horizon London Riverside,HHN-LON-02,HHN-LON-02_Day Case Unit,2025-12-23,0.25,0.18467423,XGBoost
Horizon London Riverside,HHN-LON-02,HHN-LON-02_Day Case Unit,2025-12-24,0.5833333333333334,0.4574792,XGBoost
Horizon London Riverside,HHN-LON-02,HHN-LON-02_Day Case Unit,2025-12-25,0.4166666666666667,0.44197983,XGBoost
Horizon London Riverside,HHN-LON-02,HHN-LON-02_Day Case Unit,2025-12-26,0.0833333333333333,0.13547198,XGBoost
Horizon London Riverside,HHN-LON-02,HHN-LON-02_Day Case Unit,2025-12-27,0.0,0.035784073,XGBoost
Horizon London Riverside,HHN-LON-02,HHN-LON-02_Day Case Unit,2025-12-28,0.0,0.04297855,XGBoost
Horizon London Riverside,HHN-LON-02,HHN-LON-02_Day Case Unit,2025-12-29,0.4583333333333333,0.5260268,XGBoost
Horizon London Riverside,HHN-LON-02,HHN-LON-02_Day Case Unit,2025-12-30,0.375,0.35699463,XGBoost
Horizon London Riverside,HHN-LON-02,HHN-LON-02_Day Case Unit,2025-12-31,0.6666666666666666,0.34846464,XGBoost
Horizon Manchester,HHN-MAN-01,HHN-MAN-01_Day Case Unit,2025-12-02,0.9166666666666666,0.69961435,XGBoost
Horizon Manchester,HHN-MAN-01,HHN-MAN-01_Day Case Unit,2025-12-03,0.3333333333333333,0.5595669,XGBoost
Horizon Manchester,HHN-MAN-01,HHN-MAN-01_Day Case Unit,2025-12-04,1.0833333333333333,0.7645731,XGBoost
Horizon Manchester,HHN-MAN-01,HHN-MAN-01_Day Case Unit,2025-12-05,0.4166666666666667,0.6918163,XGBoost
Horizon Manchester,HHN-MAN-01,HHN-MAN-01_Day Case Unit,2025-12-06,0.6666666666666666,0.37811655,XGBoost
Horizon Manchester,HHN-MAN-01,HHN-MAN-01_Day Case Unit,2025-12-07,0.2916666666666667,0.39691353,XGBoost
Horizon Manchester,HHN-MAN-01,HHN-MAN-01_Day Case Unit,2025-12-08,0.9583333333333334,0.84091496,XGBoost
Horizon Manchester,HHN-MAN-01,HHN-MAN-01_Day Case Unit,2025-12-09,0.7916666666666666,0.87185603,XGBoost
Horizon Manchester,HHN-MAN-01,HHN-MAN-01_Day Case Unit,2025-12-10,0.9583333333333334,0.87791914,XGBoost
Horizon Manchester,HHN-MAN-01,HHN-MAN-01_Day Case Unit,2025-12-11,0.875,0.47691673,XGBoost
Horizon Manchester,HHN-MAN-01,HHN-MAN-01_Day Case Unit,2025-12-12,1.2083333333333333,0.95245594,XGBoost
Horizon Manchester,HHN-MAN-01,HHN-MAN-01_Day Case Unit,2025-12-13,0.0,0.08853151,XGBoost
Horizon Manchester,HHN-MAN-01,HHN-MAN-01_Day Case Unit,2025-12-14,0.1666666666666666,0.30201688,XGBoost
Horizon Manchester,HHN-MAN-01,HHN-MAN-01_Day Case Unit,2025-12-15,0.0,0.26211405,XGBoost
Horizon Manchester,HHN-MAN-01,HHN-MAN-01_Day Case Unit,2025-12-16,0.4166666666666667,0.7032867,XGBoost
Horizon Manchester,HHN-MAN-01,HHN-MAN-01_Day Case Unit,2025-12-17,0.6666666666666666,0.47876087,XGBoost
Horizon Manchester,HHN-MAN-01,HHN-MAN-01_Day Case Unit,2025-12-18,0.0,0.10263809,XGBoost
Horizon Manchester,HHN-MAN-01,HHN-MAN-01_Day Case Unit,2025-12-19,0.25,0.49894857,XGBoost
Horizon Manchester,HHN-MAN-01,HHN-MAN-01_Day Case Unit,2025-12-20,0.375,0.32356918,XGBoost
Horizon Manchester,HHN-MAN-01,HHN-MAN-01_Day Case Unit,2025-12-21,0.1666666666666666,0.2611204,XGBoost
Horizon Manchester,HHN-MAN-01,HHN-MAN-01_Day Case Unit,2025-12-22,0.25,0.499044,XGBoost
Horizon Manchester,HHN-MAN-01,HHN-MAN-01_Day Case Unit,2025-12-23,0.4583333333333333,0.42161313,XGBoost
Horizon Manchester,HHN-MAN-01,HHN-MAN-01_Day Case Unit,2025-12-24,0.0416666666666666,0.40304777,XGBoost
Horizon Manchester,HHN-MAN-01,HHN-MAN-01_Day Case Unit,2025-12-25,0.375,0.27012706,XGBoost
Horizon Manchester,HHN-MAN-01,HHN-MAN-01_Day Case Unit,2025-12-26,0.2916666666666667,0.3109415,XGBoost
Horizon Manchester,HHN-MAN-01,HHN-MAN-01_Day Case Unit,2025-12-27,0.9166666666666666,0.40287083,XGBoost
Horizon Manchester,HHN-MAN-01,HHN-MAN-01_Day Case Unit,2025-12-28,0.5833333333333334,0.5389447,XGBoost
Horizon Manchester,HHN-MAN-01,HHN-MAN-01_Day Case Unit,2025-12-29,0.0833333333333333,0.34940898,XGBoost
Horizon Manchester,HHN-MAN-01,HHN-MAN-01_Day Case Unit,2025-12-30,0.5416666666666666,0.5330662,XGBoost
Horizon Manchester,HHN-MAN-01,HHN-MAN-01_Day Case Unit,2025-12-31,0.875,0.7997539,XGBoost
Horizon London Central,HHN-LON-01,HHN-LON-01_General Medicine Ward A,2025-12-02,32.125,33.36154,XGBoost
Horizon London Central,HHN-LON-01,HHN-LON-01_General Medicine Ward A,2025-12-03,31.58333333333333,31.443584,XGBoost
Horizon London Central,HHN-LON-01,HHN-LON-01_General Medicine Ward A,2025-12-04,34.583333333333336,31.04506,XGBoost
Horizon London Central,HHN-LON-01,HHN-LON-01_General Medicine Ward A,2025-12-05,34.75,31.524712,XGBoost
Horizon London Central,HHN-LON-01,HHN-LON-01_General Medicine Ward A,2025-12-06,34.375,31.984884,XGBoost
Horizon London Central,HHN-LON-01,HHN-LON-01_General Medicine Ward A,2025-12-07,31.83333333333333,32.217026,XGBoost
Horizon London Central,HHN-LON-01,HHN-LON-01_General Medicine Ward A,2025-12-08,27.70833333333333,29.931898,XGBoost
Horizon London Central,HHN-LON-01,HHN-LON-01_General Medicine Ward A,2025-12-09,29.08333333333333,31.587345,XGBoost
Horizon London Central,HHN-LON-01,HHN-LON-01_General Medicine Ward A,2025-12-10,34.708333333333336,31.210527,XGBoost
Horizon London Central,HHN-LON-01,HHN-LON-01_General Medicine Ward A,2025-12-11,34.833333333333336,30.061487,XGBoost
Horizon London Central,HHN-LON-01,HHN-LON-01_General Medicine Ward A,2025-12-12,34.958333333333336,29.966974,XGBoost
Horizon London Central,HHN-LON-01,HHN-LON-01_General Medicine Ward A,2025-12-13,34.666666666666664,30.106922,XGBoost
Horizon London Central,HHN-LON-01,HHN-LON-01_General Medicine Ward A,2025-12-14,34.666666666666664,31.530981,XGBoost
Horizon London Central,HHN-LON-01,HHN-LON-01_General Medicine Ward A,2025-12-15,32.375,33.18905,XGBoost
Horizon London Central,HHN-LON-01,HHN-LON-01_General Medicine Ward A,2025-12-16,29.416666666666668,33.31713,XGBoost
Horizon London Central,HHN-LON-01,HHN-LON-01_General Medicine Ward A,2025-12-17,32.666666666666664,31.112082,XGBoost
Horizon London Central,HHN-LON-01,HHN-LON-01_General Medicine Ward A,2025-12-18,30.166666666666668,29.922457,XGBoost
Horizon London Central,HHN-LON-01,HHN-LON-01_General Medicine Ward A,2025-12-19,32.458333333333336,28.4882,XGBoost
Horizon London Central,HHN-LON-01,HHN-LON-01_General Medicine Ward A,2025-12-20,30.20833333333333,28.519384,XGBoost
Horizon London Central,HHN-LON-01,HHN-LON-01_General Medicine Ward A,2025-12-21,24.541666666666668,27.258003,XGBoost
Horizon London Central,HHN-LON-01,HHN-LON-01_General Medicine Ward A,2025-12-22,27.875,28.65184,XGBoost
Horizon London Central,HHN-LON-01,HHN-LON-01_General Medicine Ward A,2025-12-23,31.95833333333333,31.770224,XGBoost
Horizon London Central,HHN-LON-01,HHN-LON-01_General Medicine Ward A,2025-12-24,31.375,28.957026,XGBoost
Horizon London Central,HHN-LON-01,HHN-LON-01_General Medicine Ward A,2025-12-25,34.791666666666664,31.894104,XGBoost
Horizon London Central,HHN-LON-01,HHN-LON-01_General Medicine Ward A,2025-12-26,34.625,31.318857,XGBoost
Horizon London Central,HHN-LON-01,HHN-LON-01_General Medicine Ward A,2025-12-27,31.125,32.503624,XGBoost
Horizon London Central,HHN-LON-01,HHN-LON-01_General Medicine Ward A,2025-12-28,34.541666666666664,33.67851,XGBoost
Horizon London Central,HHN-LON-01,HHN-LON-01_General Medicine Ward A,2025-12-29,34.083333333333336,33.189396,XGBoost
Horizon London Central,HHN-LON-01,HHN-LON-01_General Medicine Ward A,2025-12-30,34.916666666666664,32.38776,XGBoost
Horizon London Central,HHN-LON-01,HHN-LON-01_General Medicine Ward A,2025-12-31,34.458333333333336,33.524364,XGBoost
Horizon Birmingham,HHN-BIR-01,HHN-BIR-01_General Medicine Ward B,2025-12-02,15.875,15.568454,XGBoost
Horizon Birmingham,HHN-BIR-01,HHN-BIR-01_General Medicine Ward B,2025-12-03,15.125,15.45412,XGBoost
Horizon Birmingham,HHN-BIR-01,HHN-BIR-01_General Medicine Ward B,2025-12-04,13.5,14.948869,XGBoost
Horizon Birmingham,HHN-BIR-01,HHN-BIR-01_General Medicine Ward B,2025-12-05,11.666666666666666,14.023061,XGBoost
Horizon Birmingham,HHN-BIR-01,HHN-BIR-01_General Medicine Ward B,2025-12-06,12.5,13.944588,XGBoost
Horizon Birmingham,HHN-BIR-01,HHN-BIR-01_General Medicine Ward B,2025-12-07,13.5,13.375462,XGBoost
Horizon Birmingham,HHN-BIR-01,HHN-BIR-01_General Medicine Ward B,2025-12-08,13.25,12.948716,XGBoost
Horizon Birmingham,HHN-BIR-01,HHN-BIR-01_General Medicine Ward B,2025-12-09,12.291666666666666,12.169617,XGBoost
Horizon Birmingham,HHN-BIR-01,HHN-BIR-01_General Medicine Ward B,2025-12-10,12.291666666666666,12.531508,XGBoost
Horizon Birmingham,HHN-BIR-01,HHN-BIR-01_General Medicine Ward B,2025-12-11,13.333333333333334,14.286035,XGBoost
Horizon Birmingham,HHN-BIR-01,HHN-BIR-01_General Medicine Ward B,2025-12-12,15.541666666666666,13.797539,XGBoost
Horizon Birmingham,HHN-BIR-01,HHN-BIR-01_General Medicine Ward B,2025-12-13,14.916666666666666,14.325453,XGBoost
Horizon Birmingham,HHN-BIR-01,HHN-BIR-01_General Medicine Ward B,2025-12-14,13.416666666666666,14.532761,XGBoost
Horizon Birmingham,HHN-BIR-01,HHN-BIR-01_General Medicine Ward B,2025-12-15,13.666666666666666,14.734284,XGBoost
Horizon Birmingham,HHN-BIR-01,HHN-BIR-01_General Medicine Ward B,2025-12-16,13.666666666666666,15.200929,XGBoost
Horizon Birmingham,HHN-BIR-01,HHN-BIR-01_General Medicine Ward B,2025-12-17,13.458333333333334,15.497125,XGBoost
Horizon Birmingham,HHN-BIR-01,HHN-BIR-01_General Medicine Ward B,2025-12-18,15.875,14.747428,XGBoost
Horizon Birmingham,HHN-BIR-01,HHN-BIR-01_General Medicine Ward B,2025-12-19,15.916666666666666,14.12746,XGBoost
Horizon Birmingham,HHN-BIR-01,HHN-BIR-01_General Medicine Ward B,2025-12-20,15.875,13.710756,XGBoost
Horizon Birmingham,HHN-BIR-01,HHN-BIR-01_General Medicine Ward B,2025-12-21,15.708333333333334,15.428374,XGBoost
Horizon Birmingham,HHN-BIR-01,HHN-BIR-01_General Medicine Ward B,2025-12-22,15.916666666666666,15.755778,XGBoost
Horizon Birmingham,HHN-BIR-01,HHN-BIR-01_General Medicine Ward B,2025-12-23,16.0,15.505872,XGBoost
Horizon Birmingham,HHN-BIR-01,HHN-BIR-01_General Medicine Ward B,2025-12-24,15.833333333333334,15.911426,XGBoost
Horizon Birmingham,HHN-BIR-01,HHN-BIR-01_General Medicine Ward B,2025-12-25,15.583333333333334,15.790617,XGBoost
Horizon Birmingham,HHN-BIR-01,HHN-BIR-01_General Medicine Ward B,2025-12-26,10.916666666666666,15.092468,XGBoost
Horizon Birmingham,HHN-BIR-01,HHN-BIR-01_General Medicine Ward B,2025-12-27,10.875,13.97107,XGBoost
Horizon Birmingham,HHN-BIR-01,HHN-BIR-01_General Medicine Ward B,2025-12-28,15.75,14.041485,XGBoost
Horizon Birmingham,HHN-BIR-01,HHN-BIR-01_General Medicine Ward B,2025-12-29,15.708333333333334,14.927061,XGBoost
Horizon Birmingham,HHN-BIR-01,HHN-BIR-01_General Medicine Ward B,2025-12-30,15.958333333333334,13.825922,XGBoost
Horizon Birmingham,HHN-BIR-01,HHN-BIR-01_General Medicine Ward B,2025-12-31,15.791666666666666,14.861679,XGBoost
Horizon London Riverside,HHN-LON-02,HHN-LON-02_General Medicine Ward B,2025-12-02,17.541666666666668,17.253262,XGBoost
Horizon London Riverside,HHN-LON-02,HHN-LON-02_General Medicine Ward B,2025-12-03,17.916666666666668,17.237164,XGBoost
Horizon London Riverside,HHN-LON-02,HHN-LON-02_General Medicine Ward B,2025-12-04,18.0,17.16049,XGBoost
Horizon London Riverside,HHN-LON-02,HHN-LON-02_General Medicine Ward B,2025-12-05,17.916666666666668,17.468653,XGBoost
Horizon London Riverside,HHN-LON-02,HHN-LON-02_General Medicine Ward B,2025-12-06,17.791666666666668,17.151749,XGBoost
Horizon London Riverside,HHN-LON-02,HHN-LON-02_General Medicine Ward B,2025-12-07,17.791666666666668,17.292477,XGBoost
Horizon London Riverside,HHN-LON-02,HHN-LON-02_General Medicine Ward B,2025-12-08,17.791666666666668,17.864275,XGBoost
Horizon London Riverside,HHN-LON-02,HHN-LON-02_General Medicine Ward B,2025-12-09,17.958333333333332,17.84071,XGBoost
Horizon London Riverside,HHN-LON-02,HHN-LON-02_General Medicine Ward B,2025-12-10,17.791666666666668,17.717978,XGBoost
Horizon London Riverside,HHN-LON-02,HHN-LON-02_General Medicine Ward B,2025-12-11,17.875,17.830288,XGBoost
Horizon London Riverside,HHN-LON-02,HHN-LON-02_General Medicine Ward B,2025-12-12,17.791666666666668,17.815279,XGBoost
Horizon London Riverside,HHN-LON-02,HHN-LON-02_General Medicine Ward B,2025-12-13,17.833333333333332,17.82965,XGBoost
Horizon London Riverside,HHN-LON-02,HHN-LON-02_General Medicine Ward B,2025-12-14,17.833333333333332,17.835651,XGBoost
Horizon London Riverside,HHN-LON-02,HHN-LON-02_General Medicine Ward B,2025-12-15,17.958333333333332,17.7404,XGBoost
Horizon London Riverside,HHN-LON-02,HHN-LON-02_General Medicine Ward B,2025-12-16,17.916666666666668,17.7636,XGBoost
Horizon London Riverside,HHN-LON-02,HHN-LON-02_General Medicine Ward B,2025-12-17,17.666666666666668,17.860113,XGBoost
Horizon London Riverside,HHN-LON-02,HHN-LON-02_General Medicine Ward B,2025-12-18,17.958333333333332,17.832285,XGBoost
Horizon London Riverside,HHN-LON-02,HHN-LON-02_General Medicine Ward B,2025-12-19,18.0,17.88996,XGBoost
Horizon London Riverside,HHN-LON-02,HHN-LON-02_General Medicine Ward B,2025-12-20,17.583333333333332,17.771343,XGBoost
Horizon London Riverside,HHN-LON-02,HHN-LON-02_General Medicine Ward B,2025-12-21,17.833333333333332,17.672762,XGBoost
Horizon London Riverside,HHN-LON-02,HHN-LON-02_General Medicine Ward B,2025-12-22,17.875,17.601294,XGBoost
Horizon London Riverside,HHN-LON-02,HHN-LON-02_General Medicine Ward B,2025-12-23,18.0,17.741215,XGBoost
Horizon London Riverside,HHN-LON-02,HHN-LON-02_General Medicine Ward B,2025-12-24,16.208333333333332,17.32377,XGBoost
Horizon London Riverside,HHN-LON-02,HHN-LON-02_General Medicine Ward B,2025-12-25,17.833333333333332,17.347952,XGBoost
Horizon London Riverside,HHN-LON-02,HHN-LON-02_General Medicine Ward B,2025-12-26,17.833333333333332,16.869059,XGBoost
Horizon London Riverside,HHN-LON-02,HHN-LON-02_General Medicine Ward B,2025-12-27,17.666666666666668,17.593803,XGBoost
Horizon London Riverside,HHN-LON-02,HHN-LON-02_General Medicine Ward B,2025-12-28,17.958333333333332,17.306429,XGBoost
Horizon London Riverside,HHN-LON-02,HHN-LON-02_General Medicine Ward B,2025-12-29,17.833333333333332,17.606403,XGBoost
Horizon London Riverside,HHN-LON-02,HHN-LON-02_General Medicine Ward B,2025-12-30,17.791666666666668,17.637623,XGBoost
Horizon London Riverside,HHN-LON-02,HHN-LON-02_General Medicine Ward B,2025-12-31,17.958333333333332,17.904076,XGBoost
Horizon London Central,HHN-LON-01,HHN-LON-01_Orthopaedics Ward A,2025-12-02,24.291666666666668,22.210852,XGBoost
Horizon London Central,HHN-LON-01,HHN-LON-01_Orthopaedics Ward A,2025-12-03,26.58333333333333,21.379564,XGBoost
Horizon London Central,HHN-LON-01,HHN-LON-01_Orthopaedics Ward A,2025-12-04,27.20833333333333,20.791927,XGBoost
Horizon London Central,HHN-LON-01,HHN-LON-01_Orthopaedics Ward A,2025-12-05,27.58333333333333,22.553741,XGBoost
Horizon London Central,HHN-LON-01,HHN-LON-01_Orthopaedics Ward A,2025-12-06,26.08333333333333,23.953594,XGBoost
Horizon London Central,HHN-LON-01,HHN-LON-01_Orthopaedics Ward A,2025-12-07,25.916666666666668,25.374994,XGBoost
Horizon London Central,HHN-LON-01,HHN-LON-01_Orthopaedics Ward A,2025-12-08,24.58333333333333,24.733639,XGBoost
Horizon London Central,HHN-LON-01,HHN-LON-01_Orthopaedics Ward A,2025-12-09,23.541666666666668,25.519754,XGBoost
Horizon London Central,HHN-LON-01,HHN-LON-01_Orthopaedics Ward A,2025-12-10,26.291666666666668,24.457937,XGBoost
Horizon London Central,HHN-LON-01,HHN-LON-01_Orthopaedics Ward A,2025-12-11,26.08333333333333,23.594707,XGBoost
Horizon London Central,HHN-LON-01,HHN-LON-01_Orthopaedics Ward A,2025-12-12,27.20833333333333,23.510492,XGBoost
Horizon London Central,HHN-LON-01,HHN-LON-01_Orthopaedics Ward A,2025-12-13,27.75,24.43398,XGBoost
Horizon London Central,HHN-LON-01,HHN-LON-01_Orthopaedics Ward A,2025-12-14,24.70833333333333,23.563848,XGBoost
Horizon London Central,HHN-LON-01,HHN-LON-01_Orthopaedics Ward A,2025-12-15,25.041666666666668,24.847252,XGBoost
Horizon London Central,HHN-LON-01,HHN-LON-01_Orthopaedics Ward A,2025-12-16,22.70833333333333,25.401382,XGBoost
Horizon London Central,HHN-LON-01,HHN-LON-01_Orthopaedics Ward A,2025-12-17,23.95833333333333,24.421112,XGBoost
Horizon London Central,HHN-LON-01,HHN-LON-01_Orthopaedics Ward A,2025-12-18,21.041666666666668,22.684263,XGBoost
Horizon London Central,HHN-LON-01,HHN-LON-01_Orthopaedics Ward A,2025-12-19,18.625,21.860262,XGBoost
Horizon London Central,HHN-LON-01,HHN-LON-01_Orthopaedics Ward A,2025-12-20,16.25,20.551508,XGBoost
Horizon London Central,HHN-LON-01,HHN-LON-01_Orthopaedics Ward A,2025-12-21,16.958333333333332,20.636536,XGBoost
Horizon London Central,HHN-LON-01,HHN-LON-01_Orthopaedics Ward A,2025-12-22,19.33333333333333,18.862782,XGBoost
Horizon London Central,HHN-LON-01,HHN-LON-01_Orthopaedics Ward A,2025-12-23,19.58333333333333,21.297766,XGBoost
Horizon London Central,HHN-LON-01,HHN-LON-01_Orthopaedics Ward A,2025-12-24,22.58333333333333,19.859453,XGBoost
Horizon London Central,HHN-LON-01,HHN-LON-01_Orthopaedics Ward A,2025-12-25,19.125,20.572008,XGBoost
Horizon London Central,HHN-LON-01,HHN-LON-01_Orthopaedics Ward A,2025-12-26,19.125,20.765888,XGBoost
Horizon London Central,HHN-LON-01,HHN-LON-01_Orthopaedics Ward A,2025-12-27,18.83333333333333,24.42035,XGBoost
Horizon London Central,HHN-LON-01,HHN-LON-01_Orthopaedics Ward A,2025-12-28,22.58333333333333,21.779264,XGBoost
Horizon London Central,HHN-LON-01,HHN-LON-01_Orthopaedics Ward A,2025-12-29,26.70833333333333,20.778519,XGBoost
Horizon London Central,HHN-LON-01,HHN-LON-01_Orthopaedics Ward A,2025-12-30,27.95833333333333,22.313639,XGBoost
Horizon London Central,HHN-LON-01,HHN-LON-01_Orthopaedics Ward A,2025-12-31,27.58333333333333,23.562382,XGBoost
Horizon Birmingham,HHN-BIR-01,HHN-BIR-01_Orthopaedics Ward B,2025-12-02,10.875,10.834009,XGBoost
Horizon Birmingham,HHN-BIR-01,HHN-BIR-01_Orthopaedics Ward B,2025-12-03,10.958333333333334,10.978671,XGBoost
Horizon Birmingham,HHN-BIR-01,HHN-BIR-01_Orthopaedics Ward B,2025-12-04,11.0,10.971689,XGBoost
Horizon Birmingham,HHN-BIR-01,HHN-BIR-01_Orthopaedics Ward B,2025-12-05,10.791666666666666,10.953121,XGBoost
Horizon Birmingham,HHN-BIR-01,HHN-BIR-01_Orthopaedics Ward B,2025-12-06,10.791666666666666,10.904417,XGBoost
Horizon Birmingham,HHN-BIR-01,HHN-BIR-01_Orthopaedics Ward B,2025-12-07,10.916666666666666,10.802183,XGBoost
Horizon Birmingham,HHN-BIR-01,HHN-BIR-01_Orthopaedics Ward B,2025-12-08,10.916666666666666,10.829664,XGBoost
Horizon Birmingham,HHN-BIR-01,HHN-BIR-01_Orthopaedics Ward B,2025-12-09,10.833333333333334,10.855167,XGBoost
Horizon Birmingham,HHN-BIR-01,HHN-BIR-01_Orthopaedics Ward B,2025-12-10,11.0,10.930645,XGBoost
Horizon Birmingham,HHN-BIR-01,HHN-BIR-01_Orthopaedics Ward B,2025-12-11,10.916666666666666,10.927951,XGBoost
Horizon Birmingham,HHN-BIR-01,HHN-BIR-01_Orthopaedics Ward B,2025-12-12,10.75,10.901324,XGBoost
Horizon Birmingham,HHN-BIR-01,HHN-BIR-01_Orthopaedics Ward B,2025-12-13,10.833333333333334,10.87855,XGBoost
Horizon Birmingham,HHN-BIR-01,HHN-BIR-01_Orthopaedics Ward B,2025-12-14,10.833333333333334,10.750642,XGBoost
Horizon Birmingham,HHN-BIR-01,HHN-BIR-01_Orthopaedics Ward B,2025-12-15,10.458333333333334,10.766779,XGBoost
Horizon Birmingham,HHN-BIR-01,HHN-BIR-01_Orthopaedics Ward B,2025-12-16,10.875,10.795208,XGBoost
Horizon Birmingham,HHN-BIR-01,HHN-BIR-01_Orthopaedics Ward B,2025-12-17,10.916666666666666,10.818608,XGBoost
Horizon Birmingham,HHN-BIR-01,HHN-BIR-01_Orthopaedics Ward B,2025-12-18,10.916666666666666,10.813838,XGBoost
Horizon Birmingham,HHN-BIR-01,HHN-BIR-01_Orthopaedics Ward B,2025-12-19,11.0,10.882551,XGBoost
Horizon Birmingham,HHN-BIR-01,HHN-BIR-01_Orthopaedics Ward B,2025-12-20,10.791666666666666,10.792452,XGBoost
Horizon Birmingham,HHN-BIR-01,HHN-BIR-01_Orthopaedics Ward B,2025-12-21,10.75,10.806816,XGBoost
Horizon Birmingham,HHN-BIR-01,HHN-BIR-01_Orthopaedics Ward B,2025-12-22,10.916666666666666,10.768633,XGBoost
Horizon Birmingham,HHN-BIR-01,HHN-BIR-01_Orthopaedics Ward B,2025-12-23,10.875,10.645977,XGBoost
Horizon Birmingham,HHN-BIR-01,HHN-BIR-01_Orthopaedics Ward B,2025-12-24,10.958333333333334,10.661141,XGBoost
Horizon Birmingham,HHN-BIR-01,HHN-BIR-01_Orthopaedics Ward B,2025-12-25,10.833333333333334,10.507062,XGBoost
Horizon Birmingham,HHN-BIR-01,HHN-BIR-01_Orthopaedics Ward B,2025-12-26,10.333333333333334,10.226645,XGBoost
Horizon Birmingham,HHN-BIR-01,HHN-BIR-01_Orthopaedics Ward B,2025-12-27,10.125,10.204462,XGBoost
Horizon Birmingham,HHN-BIR-01,HHN-BIR-01_Orthopaedics Ward B,2025-12-28,10.333333333333334,10.271039,XGBoost
Horizon Birmingham,HHN-BIR-01,HHN-BIR-01_Orthopaedics Ward B,2025-12-29,9.0,10.007778,XGBoost
Horizon Birmingham,HHN-BIR-01,HHN-BIR-01_Orthopaedics Ward B,2025-12-30,9.625,10.043935,XGBoost
Horizon Birmingham,HHN-BIR-01,HHN-BIR-01_Orthopaedics Ward B,2025-12-31,10.875,10.040639,XGBoost
Horizon London Riverside,HHN-LON-02,HHN-LON-02_Orthopaedics Ward B,2025-12-02,11.958333333333334,11.896573,XGBoost
Horizon London Riverside,HHN-LON-02,HHN-LON-02_Orthopaedics Ward B,2025-12-03,11.958333333333334,11.9621,XGBoost
Horizon London Riverside,HHN-LON-02,HHN-LON-02_Orthopaedics Ward B,2025-12-04,11.958333333333334,11.944336,XGBoost
Horizon London Riverside,HHN-LON-02,HHN-LON-02_Orthopaedics Ward B,2025-12-05,11.916666666666666,11.936356,XGBoost
Horizon London Riverside,HHN-LON-02,HHN-LON-02_Orthopaedics Ward B,2025-12-06,11.875,11.920311,XGBoost
Horizon London Riverside,HHN-LON-02,HHN-LON-02_Orthopaedics Ward B,2025-12-07,11.875,11.824378,XGBoost
Horizon London Riverside,HHN-LON-02,HHN-LON-02_Orthopaedics Ward B,2025-12-08,11.958333333333334,11.855023,XGBoost
Horizon London Riverside,HHN-LON-02,HHN-LON-02_Orthopaedics Ward B,2025-12-09,12.0,11.940299,XGBoost
Horizon London Riverside,HHN-LON-02,HHN-LON-02_Orthopaedics Ward B,2025-12-10,11.916666666666666,11.920783,XGBoost
Horizon London Riverside,HHN-LON-02,HHN-LON-02_Orthopaedics Ward B,2025-12-11,10.791666666666666,11.492377,XGBoost
Horizon London Riverside,HHN-LON-02,HHN-LON-02_Orthopaedics Ward B,2025-12-12,11.875,11.42535,XGBoost
Horizon London Riverside,HHN-LON-02,HHN-LON-02_Orthopaedics Ward B,2025-12-13,10.875,11.364098,XGBoost
Horizon London Riverside,HHN-LON-02,HHN-LON-02_Orthopaedics Ward B,2025-12-14,11.5,11.299428,XGBoost
Horizon London Riverside,HHN-LON-02,HHN-LON-02_Orthopaedics Ward B,2025-12-15,11.875,11.194562,XGBoost
Horizon London Riverside,HHN-LON-02,HHN-LON-02_Orthopaedics Ward B,2025-12-16,11.875,11.315754,XGBoost
Horizon London Riverside,HHN-LON-02,HHN-LON-02_Orthopaedics Ward B,2025-12-17,11.916666666666666,11.4625845,XGBoost
Horizon London Riverside,HHN-LON-02,HHN-LON-02_Orthopaedics Ward B,2025-12-18,11.875,11.571261,XGBoost
Horizon London Riverside,HHN-LON-02,HHN-LON-02_Orthopaedics Ward B,2025-12-19,11.958333333333334,11.414599,XGBoost
Horizon London Riverside,HHN-LON-02,HHN-LON-02_Orthopaedics Ward B,2025-12-20,11.791666666666666,11.824687,XGBoost
Horizon London Riverside,HHN-LON-02,HHN-LON-02_Orthopaedics Ward B,2025-12-21,11.958333333333334,11.480823,XGBoost
Horizon London Riverside,HHN-LON-02,HHN-LON-02_Orthopaedics Ward B,2025-12-22,11.833333333333334,11.508597,XGBoost
Horizon London Riverside,HHN-LON-02,HHN-LON-02_Orthopaedics Ward B,2025-12-23,12.0,11.541287,XGBoost
Horizon London Riverside,HHN-LON-02,HHN-LON-02_Orthopaedics Ward B,2025-12-24,11.958333333333334,11.568675,XGBoost
Horizon London Riverside,HHN-LON-02,HHN-LON-02_Orthopaedics Ward B,2025-12-25,11.958333333333334,10.699183,XGBoost
Horizon London Riverside,HHN-LON-02,HHN-LON-02_Orthopaedics Ward B,2025-12-26,11.833333333333334,10.661957,XGBoost
Horizon London Riverside,HHN-LON-02,HHN-LON-02_Orthopaedics Ward B,2025-12-27,11.875,11.52548,XGBoost
Horizon London Riverside,HHN-LON-02,HHN-LON-02_Orthopaedics Ward B,2025-12-28,11.958333333333334,11.512037,XGBoost
Horizon London Riverside,HHN-LON-02,HHN-LON-02_Orthopaedics Ward B,2025-12-29,10.416666666666666,11.320843,XGBoost
Horizon London Riverside,HHN-LON-02,HHN-LON-02_Orthopaedics Ward B,2025-12-30,10.583333333333334,11.082615,XGBoost
Horizon London Riverside,HHN-LON-02,HHN-LON-02_Orthopaedics Ward B,2025-12-31,11.75,11.066948,XGBoost
Horizon London Central,HHN-LON-01,HHN-LON-01_Cardiology Ward,2025-12-02,24.416666666666668,28.439175140663227,SARIMAX
Horizon London Central,HHN-LON-01,HHN-LON-01_Cardiology Ward,2025-12-03,20.916666666666668,29.705448466941316,SARIMAX
Horizon London Central,HHN-LON-01,HHN-LON-01_Cardiology Ward,2025-12-04,24.0,30.53687413546816,SARIMAX
Horizon London Central,HHN-LON-01,HHN-LON-01_Cardiology Ward,2025-12-05,27.0,30.497328809142484,SARIMAX
Horizon London Central,HHN-LON-01,HHN-LON-01_Cardiology Ward,2025-12-06,26.20833333333333,29.205280762365565,SARIMAX
Horizon London Central,HHN-LON-01,HHN-LON-01_Cardiology Ward,2025-12-07,32.5,27.03234056273454,SARIMAX
Horizon London Central,HHN-LON-01,HHN-LON-01_Cardiology Ward,2025-12-08,37.208333333333336,27.56431919555979,SARIMAX
Horizon London Central,HHN-LON-01,HHN-LON-01_Cardiology Ward,2025-12-09,36.458333333333336,30.61673986152875,SARIMAX
Horizon London Central,HHN-LON-01,HHN-LON-01_Cardiology Ward,2025-12-10,37.958333333333336,31.60982977779069,SARIMAX
Horizon London Central,HHN-LON-01,HHN-LON-01_Cardiology Ward,2025-12-11,36.083333333333336,32.185076377302174,SARIMAX
Horizon London Central,HHN-LON-01,HHN-LON-01_Cardiology Ward,2025-12-12,37.375,31.920774625833587,SARIMAX
Horizon London Central,HHN-LON-01,HHN-LON-01_Cardiology Ward,2025-12-13,31.20833333333333,30.436184347089004,SARIMAX
Horizon London Central,HHN-LON-01,HHN-LON-01_Cardiology Ward,2025-12-14,22.58333333333333,28.088175272598697,SARIMAX
Horizon London Central,HHN-LON-01,HHN-LON-01_Cardiology Ward,2025-12-15,18.666666666666668,28.47508253674193,SARIMAX
Horizon London Central,HHN-LON-01,HHN-LON-01_Cardiology Ward,2025-12-16,26.916666666666668,31.39390307362276,SARIMAX
Horizon London Central,HHN-LON-01,HHN-LON-01_Cardiology Ward,2025-12-17,31.041666666666668,32.26858491794312,SARIMAX
Horizon London Central,HHN-LON-01,HHN-LON-01_Cardiology Ward,2025-12-18,29.875,32.739390757382324,SARIMAX
Horizon London Central,HHN-LON-01,HHN-LON-01_Cardiology Ward,2025-12-19,33.916666666666664,32.38271595060854,SARIMAX
Horizon London Central,HHN-LON-01,HHN-LON-01_Cardiology Ward,2025-12-20,32.458333333333336,30.82200227988315,SARIMAX
Horizon London Central,HHN-LON-01,HHN-LON-01_Cardiology Ward,2025-12-21,28.125,28.401241341729023,SARIMAX
Horizon London Central,HHN-LON-01,HHN-LON-01_Cardiology Ward,2025-12-22,32.958333333333336,28.733010355319315,SARIMAX
Horizon London Central,HHN-LON-01,HHN-LON-01_Cardiology Ward,2025-12-23,29.20833333333333,31.5972725344177,SARIMAX
Horizon London Central,HHN-LON-01,HHN-LON-01_Cardiology Ward,2025-12-24,26.625,32.42301767175651,SARIMAX
Horizon London Central,HHN-LON-01,HHN-LON-01_Cardiology Ward,2025-12-25,28.166666666666668,37.926158127452496,SARIMAX
Horizon London Central,HHN-LON-01,HHN-LON-01_Cardiology Ward,2025-12-26,31.791666666666668,37.530777147245246,SARIMAX
Horizon London Central,HHN-LON-01,HHN-LON-01_Cardiology Ward,2025-12-27,32.083333333333336,30.86539607996691,SARIMAX
Horizon London Central,HHN-LON-01,HHN-LON-01_Cardiology Ward,2025-12-28,37.375,28.413340832056537,SARIMAX
Horizon London Central,HHN-LON-01,HHN-LON-01_Cardiology Ward,2025-12-29,37.875,38.0,SARIMAX
Horizon London Central,HHN-LON-01,HHN-LON-01_Cardiology Ward,2025-12-30,37.583333333333336,38.0,SARIMAX
Horizon London Central,HHN-LON-01,HHN-LON-01_Cardiology Ward,2025-12-31,37.625,38.0,SARIMAX
