hospital_id,date,total_discharges
HHN-BIR-01,2024-01-02,5
HHN-BIR-01,2024-01-03,17
HHN-BIR-01,2024-01-04,14
HHN-BIR-01,2024-01-05,29
HHN-BIR-01,2024-01-06,15
HHN-BIR-01,2024-01-07,29
HHN-BIR-01,2024-01-08,26
HHN-BIR-01,2024-01-09,29
HHN-BIR-01,2024-01-10,40
HHN-BIR-01,2024-01-11,30
HHN-BIR-01,2024-01-12,46
HHN-BIR-01,2024-01-13,32
HHN-BIR-01,2024-01-14,27
HHN-BIR-01,2024-01-15,25
HHN-BIR-01,2024-01-16,32
HHN-BIR-01,2024-01-17,44
HHN-BIR-01,2024-01-18,31
HHN-BIR-01,2024-01-19,40
HHN-BIR-01,2024-01-20,43
HHN-BIR-01,2024-01-21,30
HHN-BIR-01,2024-01-22,36
HHN-BIR-01,2024-01-23,35
HHN-BIR-01,2024-01-24,34
HHN-BIR-01,2024-01-25,43
HHN-BIR-01,2024-01-26,51
HHN-BIR-01,2024-01-27,31
HHN-BIR-01,2024-01-28,43
HHN-BIR-01,2024-01-29,24
HHN-BIR-01,2024-01-30,31
HHN-BIR-01,2024-01-31,40
HHN-BIR-01,2024-02-01,45
HHN-BIR-01,2024-02-02,29
HHN-BIR-01,2024-02-03,30
HHN-BIR-01,2024-02-04,38
HHN-BIR-01,2024-02-05,43
HHN-BIR-01,2024-02-06,28
HHN-BIR-01,2024-02-07,40
HHN-BIR-01,2024-02-08,44
HHN-BIR-01,2024-02-09,34
HHN-BIR-01,2024-02-10,28
HHN-BIR-01,2024-02-11,39
HHN-BIR-01,2024-02-12,47
HHN-BIR-01,2024-02-13,38
HHN-BIR-01,2024-02-14,43
HHN-BIR-01,2024-02-15,43
HHN-BIR-01,2024-02-16,47
HHN-BIR-01,2024-02-17,35
HHN-BIR-01,2024-02-18,29
HHN-BIR-01,2024-02-19,32
HHN-BIR-01,2024-02-20,44
HHN-BIR-01,2024-02-21,23
HHN-BIR-01,2024-02-22,37
HHN-BIR-01,2024-02-23,45
HHN-BIR-01,2024-02-24,42
HHN-BIR-01,2024-02-25,37
HHN-BIR-01,2024-02-26,31
HHN-BIR-01,2024-02-27,25
HHN-BIR-01,2024-02-28,24
HHN-BIR-01,2024-02-29,28
HHN-BIR-01,2024-03-01,50
HHN-BIR-01,2024-03-02,29
HHN-BIR-01,2024-03-03,29
HHN-BIR-01,2024-03-04,28
HHN-BIR-01,2024-03-05,27
HHN-BIR-01,2024-03-06,24
HHN-BIR-01,2024-03-07,41
HHN-BIR-01,2024-03-08,29
HHN-BIR-01,2024-03-09,35
HHN-BIR-01,2024-03-10,28
HHN-BIR-01,2024-03-11,30
HHN-BIR-01,2024-03-12,28
HHN-BIR-01,2024-03-13,39
HHN-BIR-01,2024-03-14,36
HHN-BIR-01,2024-03-15,26
HHN-BIR-01,2024-03-16,38
HHN-BIR-01,2024-03-17,35
HHN-BIR-01,2024-03-18,26
HHN-BIR-01,2024-03-19,29
HHN-BIR-01,2024-03-20,20
HHN-BIR-01,2024-03-21,31
HHN-BIR-01,2024-03-22,34
HHN-BIR-01,2024-03-23,30
HHN-BIR-01,2024-03-24,32
HHN-BIR-01,2024-03-25,32
HHN-BIR-01,2024-03-26,30
HHN-BIR-01,2024-03-27,28
HHN-BIR-01,2024-03-28,37
HHN-BIR-01,2024-03-29,35
HHN-BIR-01,2024-03-30,41
HHN-BIR-01,2024-03-31,21
HHN-BIR-01,2024-04-01,26
HHN-BIR-01,2024-04-02,32
HHN-BIR-01,2024-04-03,23
HHN-BIR-01,2024-04-04,28
HHN-BIR-01,2024-04-05,36
HHN-BIR-01,2024-04-06,37
HHN-BIR-01,2024-04-07,33
HHN-BIR-01,2024-04-08,41
HHN-BIR-01,2024-04-09,37
HHN-BIR-01,2024-04-10,43
HHN-BIR-01,2024-04-11,34
HHN-BIR-01,2024-04-12,39
HHN-BIR-01,2024-04-13,30
HHN-BIR-01,2024-04-14,25
HHN-BIR-01,2024-04-15,22
HHN-BIR-01,2024-04-16,27
HHN-BIR-01,2024-04-17,19
HHN-BIR-01,2024-04-18,27
HHN-BIR-01,2024-04-19,33
HHN-BIR-01,2024-04-20,29
HHN-BIR-01,2024-04-21,26
HHN-BIR-01,2024-04-22,25
HHN-BIR-01,2024-04-23,19
HHN-BIR-01,2024-04-24,33
HHN-BIR-01,2024-04-25,30
HHN-BIR-01,2024-04-26,30
HHN-BIR-01,2024-04-27,29
HHN-BIR-01,2024-04-28,39
HHN-BIR-01,2024-04-29,35
HHN-BIR-01,2024-04-30,48
HHN-BIR-01,2024-05-01,34
HHN-BIR-01,2024-05-02,38
HHN-BIR-01,2024-05-03,31
HHN-BIR-01,2024-05-04,37
HHN-BIR-01,2024-05-05,19
HHN-BIR-01,2024-05-06,31
HHN-BIR-01,2024-05-07,27
HHN-BIR-01,2024-05-08,40
HHN-BIR-01,2024-05-09,40
HHN-BIR-01,2024-05-10,34
HHN-BIR-01,2024-05-11,23
HHN-BIR-01,2024-05-12,22
HHN-BIR-01,2024-05-13,25
HHN-BIR-01,2024-05-14,21
HHN-BIR-01,2024-05-15,28
HHN-BIR-01,2024-05-16,24
HHN-BIR-01,2024-05-17,26
HHN-BIR-01,2024-05-18,40
HHN-BIR-01,2024-05-19,26
HHN-BIR-01,2024-05-20,22
HHN-BIR-01,2024-05-21,20
HHN-BIR-01,2024-05-22,24
HHN-BIR-01,2024-05-23,30
HHN-BIR-01,2024-05-24,26
HHN-BIR-01,2024-05-25,32
HHN-BIR-01,2024-05-26,33
HHN-BIR-01,2024-05-27,25
HHN-BIR-01,2024-05-28,33
HHN-BIR-01,2024-05-29,25
HHN-BIR-01,2024-05-30,37
HHN-BIR-01,2024-05-31,26
HHN-BIR-01,2024-06-01,28
HHN-BIR-01,2024-06-02,28
HHN-BIR-01,2024-06-03,36
HHN-BIR-01,2024-06-04,36
HHN-BIR-01,2024-06-05,27
HHN-BIR-01,2024-06-06,24
HHN-BIR-01,2024-06-07,27
HHN-BIR-01,2024-06-08,33
HHN-BIR-01,2024-06-09,30
HHN-BIR-01,2024-06-10,37
HHN-BIR-01,2024-06-11,34
HHN-BIR-01,2024-06-12,45
HHN-BIR-01,2024-06-13,41
HHN-BIR-01,2024-06-14,27
HHN-BIR-01,2024-06-15,38
HHN-BIR-01,2024-06-16,46
HHN-BIR-01,2024-06-17,20
HHN-BIR-01,2024-06-18,26
HHN-BIR-01,2024-06-19,26
HHN-BIR-01,2024-06-20,19
HHN-BIR-01,2024-06-21,28
HHN-BIR-01,2024-06-22,15
HHN-BIR-01,2024-06-23,29
HHN-BIR-01,2024-06-24,21
HHN-BIR-01,2024-06-25,21
HHN-BIR-01,2024-06-26,26
HHN-BIR-01,2024-06-27,23
HHN-BIR-01,2024-06-28,23
HHN-BIR-01,2024-06-29,28
HHN-BIR-01,2024-06-30,44
HHN-BIR-01,2024-07-01,39
HHN-BIR-01,2024-07-02,31
HHN-BIR-01,2024-07-03,26
HHN-BIR-01,2024-07-04,23
HHN-BIR-01,2024-07-05,31
HHN-BIR-01,2024-07-06,27
HHN-BIR-01,2024-07-07,22
HHN-BIR-01,2024-07-08,28
HHN-BIR-01,2024-07-09,22
HHN-BIR-01,2024-07-10,20
HHN-BIR-01,2024-07-11,19
HHN-BIR-01,2024-07-12,27
HHN-BIR-01,2024-07-13,17
HHN-BIR-01,2024-07-14,27
HHN-BIR-01,2024-07-15,23
HHN-BIR-01,2024-07-16,16
HHN-BIR-01,2024-07-17,23
HHN-BIR-01,2024-07-18,27
HHN-BIR-01,2024-07-19,32
HHN-BIR-01,2024-07-20,12
HHN-BIR-01,2024-07-21,25
HHN-BIR-01,2024-07-22,18
HHN-BIR-01,2024-07-23,27
HHN-BIR-01,2024-07-24,26
HHN-BIR-01,2024-07-25,39
HHN-BIR-01,2024-07-26,30
HHN-BIR-01,2024-07-27,22
HHN-BIR-01,2024-07-28,25
HHN-BIR-01,2024-07-29,27
HHN-BIR-01,2024-07-30,32
HHN-BIR-01,2024-07-31,35
HHN-BIR-01,2024-08-01,18
HHN-BIR-01,2024-08-02,18
HHN-BIR-01,2024-08-03,26
HHN-BIR-01,2024-08-04,31
HHN-BIR-01,2024-08-05,22
HHN-BIR-01,2024-08-06,17
HHN-BIR-01,2024-08-07,22
HHN-BIR-01,2024-08-08,20
HHN-BIR-01,2024-08-09,23
HHN-BIR-01,2024-08-10,18
HHN-BIR-01,2024-08-11,24
HHN-BIR-01,2024-08-12,23
HHN-BIR-01,2024-08-13,26
HHN-BIR-01,2024-08-14,30
HHN-BIR-01,2024-08-15,29
HHN-BIR-01,2024-08-16,14
HHN-BIR-01,2024-08-17,15
HHN-BIR-01,2024-08-18,15
HHN-BIR-01,2024-08-19,28
HHN-BIR-01,2024-08-20,21
HHN-BIR-01,2024-08-21,15
HHN-BIR-01,2024-08-22,20
HHN-BIR-01,2024-08-23,21
HHN-BIR-01,2024-08-24,14
HHN-BIR-01,2024-08-25,22
HHN-BIR-01,2024-08-26,15
HHN-BIR-01,2024-08-27,12
HHN-BIR-01,2024-08-28,25
HHN-BIR-01,2024-08-29,28
HHN-BIR-01,2024-08-30,24
HHN-BIR-01,2024-08-31,25
HHN-BIR-01,2024-09-01,20
HHN-BIR-01,2024-09-02,21
HHN-BIR-01,2024-09-03,20
HHN-BIR-01,2024-09-04,33
HHN-BIR-01,2024-09-05,38
HHN-BIR-01,2024-09-06,36
HHN-BIR-01,2024-09-07,25
HHN-BIR-01,2024-09-08,18
HHN-BIR-01,2024-09-09,24
HHN-BIR-01,2024-09-10,32
HHN-BIR-01,2024-09-11,19
HHN-BIR-01,2024-09-12,28
HHN-BIR-01,2024-09-13,22
HHN-BIR-01,2024-09-14,25
HHN-BIR-01,2024-09-15,27
HHN-BIR-01,2024-09-16,30
HHN-BIR-01,2024-09-17,33
HHN-BIR-01,2024-09-18,27
HHN-BIR-01,2024-09-19,28
HHN-BIR-01,2024-09-20,22
HHN-BIR-01,2024-09-21,27
HHN-BIR-01,2024-09-22,23
HHN-BIR-01,2024-09-23,32
HHN-BIR-01,2024-09-24,21
HHN-BIR-01,2024-09-25,32
HHN-BIR-01,2024-09-26,25
HHN-BIR-01,2024-09-27,36
HHN-BIR-01,2024-09-28,15
HHN-BIR-01,2024-09-29,27
HHN-BIR-01,2024-09-30,23
HHN-BIR-01,2024-10-01,31
HHN-BIR-01,2024-10-02,26
HHN-BIR-01,2024-10-03,25
HHN-BIR-01,2024-10-04,27
HHN-BIR-01,2024-10-05,22
HHN-BIR-01,2024-10-06,29
HHN-BIR-01,2024-10-07,39
HHN-BIR-01,2024-10-08,43
HHN-BIR-01,2024-10-09,27
HHN-BIR-01,2024-10-10,29
HHN-BIR-01,2024-10-11,28
HHN-BIR-01,2024-10-12,24
HHN-BIR-01,2024-10-13,36
HHN-BIR-01,2024-10-14,28
HHN-BIR-01,2024-10-15,26
HHN-BIR-01,2024-10-16,34
HHN-BIR-01,2024-10-17,25
HHN-BIR-01,2024-10-18,26
HHN-BIR-01,2024-10-19,36
HHN-BIR-01,2024-10-20,36
HHN-BIR-01,2024-10-21,21
HHN-BIR-01,2024-10-22,26
HHN-BIR-01,2024-10-23,33
HHN-BIR-01,2024-10-24,28
HHN-BIR-01,2024-10-25,34
HHN-BIR-01,2024-10-26,30
HHN-BIR-01,2024-10-27,30
HHN-BIR-01,2024-10-28,42
HHN-BIR-01,2024-10-29,31
HHN-BIR-01,2024-10-30,37
HHN-BIR-01,2024-10-31,33
HHN-BIR-01,2024-11-01,29
HHN-BIR-01,2024-11-02,22
HHN-BIR-01,2024-11-03,23
HHN-BIR-01,2024-11-04,29
HHN-BIR-01,2024-11-05,32
HHN-BIR-01,2024-11-06,31
HHN-BIR-01,2024-11-07,33
HHN-BIR-01,2024-11-08,38
HHN-BIR-01,2024-11-09,34
HHN-BIR-01,2024-11-10,27
HHN-BIR-01,2024-11-11,28
HHN-BIR-01,2024-11-12,36
HHN-BIR-01,2024-11-13,28
HHN-BIR-01,2024-11-14,30
HHN-BIR-01,2024-11-15,32
HHN-BIR-01,2024-11-16,21
HHN-BIR-01,2024-11-17,26
HHN-BIR-01,2024-11-18,25
HHN-BIR-01,2024-11-19,27
HHN-BIR-01,2024-11-20,30
HHN-BIR-01,2024-11-21,33
HHN-BIR-01,2024-11-22,25
HHN-BIR-01,2024-11-23,28
HHN-BIR-01,2024-11-24,32
HHN-BIR-01,2024-11-25,32
HHN-BIR-01,2024-11-26,28
HHN-BIR-01,2024-11-27,23
HHN-BIR-01,2024-11-28,30
HHN-BIR-01,2024-11-29,24
HHN-BIR-01,2024-11-30,32
HHN-BIR-01,2024-12-01,39
HHN-BIR-01,2024-12-02,35
HHN-BIR-01,2024-12-03,33
HHN-BIR-01,2024-12-04,27
HHN-BIR-01,2024-12-05,27
HHN-BIR-01,2024-12-06,30
HHN-BIR-01,2024-12-07,45
HHN-BIR-01,2024-12-08,37
HHN-BIR-01,2024-12-09,29
HHN-BIR-01,2024-12-10,40
HHN-BIR-01,2024-12-11,45
HHN-BIR-01,2024-12-12,41
HHN-BIR-01,2024-12-13,39
HHN-BIR-01,2024-12-14,39
HHN-BIR-01,2024-12-15,39
HHN-BIR-01,2024-12-16,22
HHN-BIR-01,2024-12-17,39
HHN-BIR-01,2024-12-18,30
HHN-BIR-01,2024-12-19,35
HHN-BIR-01,2024-12-20,40
HHN-BIR-01,2024-12-21,44
HHN-BIR-01,2024-12-22,38
HHN-BIR-01,2024-12-23,31
HHN-BIR-01,2024-12-24,27
HHN-BIR-01,2024-12-25,33
HHN-BIR-01,2024-12-26,31
HHN-BIR-01,2024-12-27,17
HHN-BIR-01,2024-12-28,21
HHN-BIR-01,2024-12-29,37
HHN-BIR-01,2024-12-30,32
HHN-BIR-01,2024-12-31,33
HHN-BIR-01,2025-01-01,38
HHN-BIR-01,2025-01-02,36
HHN-BIR-01,2025-01-03,29
HHN-BIR-01,2025-01-04,31
HHN-BIR-01,2025-01-05,39
HHN-BIR-01,2025-01-06,36
HHN-BIR-01,2025-01-07,35
HHN-BIR-01,2025-01-08,45
HHN-BIR-01,2025-01-09,40
HHN-BIR-01,2025-01-10,37
HHN-BIR-01,2025-01-11,33
HHN-BIR-01,2025-01-12,31
HHN-BIR-01,2025-01-13,32
HHN-BIR-01,2025-01-14,30
HHN-BIR-01,2025-01-15,28
HHN-BIR-01,2025-01-16,37
HHN-BIR-01,2025-01-17,29
HHN-BIR-01,2025-01-18,27
HHN-BIR-01,2025-01-19,30
HHN-BIR-01,2025-01-20,41
HHN-BIR-01,2025-01-21,41
HHN-BIR-01,2025-01-22,28
HHN-BIR-01,2025-01-23,41
HHN-BIR-01,2025-01-24,39
HHN-BIR-01,2025-01-25,33
HHN-BIR-01,2025-01-26,42
HHN-BIR-01,2025-01-27,39
HHN-BIR-01,2025-01-28,45
HHN-BIR-01,2025-01-29,31
HHN-BIR-01,2025-01-30,36
HHN-BIR-01,2025-01-31,44
HHN-BIR-01,2025-02-01,33
HHN-BIR-01,2025-02-02,34
HHN-BIR-01,2025-02-03,32
HHN-BIR-01,2025-02-04,42
HHN-BIR-01,2025-02-05,35
HHN-BIR-01,2025-02-06,25
HHN-BIR-01,2025-02-07,27
HHN-BIR-01,2025-02-08,30
HHN-BIR-01,2025-02-09,39
HHN-BIR-01,2025-02-10,31
HHN-BIR-01,2025-02-11,50
HHN-BIR-01,2025-02-12,46
HHN-BIR-01,2025-02-13,45
HHN-BIR-01,2025-02-14,50
HHN-BIR-01,2025-02-15,30
HHN-BIR-01,2025-02-16,39
HHN-BIR-01,2025-02-17,40
HHN-BIR-01,2025-02-18,32
HHN-BIR-01,2025-02-19,35
HHN-BIR-01,2025-02-20,49
HHN-BIR-01,2025-02-21,43
HHN-BIR-01,2025-02-22,52
HHN-BIR-01,2025-02-23,43
HHN-BIR-01,2025-02-24,30
HHN-BIR-01,2025-02-25,30
HHN-BIR-01,2025-02-26,34
HHN-BIR-01,2025-02-27,45
HHN-BIR-01,2025-02-28,31
HHN-BIR-01,2025-03-01,42
HHN-BIR-01,2025-03-02,32
HHN-BIR-01,2025-03-03,34
HHN-BIR-01,2025-03-04,38
HHN-BIR-01,2025-03-05,30
HHN-BIR-01,2025-03-06,29
HHN-BIR-01,2025-03-07,34
HHN-BIR-01,2025-03-08,30
HHN-BIR-01,2025-03-09,28
HHN-BIR-01,2025-03-10,25
HHN-BIR-01,2025-03-11,39
HHN-BIR-01,2025-03-12,19
HHN-BIR-01,2025-03-13,28
HHN-BIR-01,2025-03-14,22
HHN-BIR-01,2025-03-15,30
HHN-BIR-01,2025-03-16,27
HHN-BIR-01,2025-03-17,19
HHN-BIR-01,2025-03-18,22
HHN-BIR-01,2025-03-19,28
HHN-BIR-01,2025-03-20,22
HHN-BIR-01,2025-03-21,42
HHN-BIR-01,2025-03-22,31
HHN-BIR-01,2025-03-23,31
HHN-BIR-01,2025-03-24,40
HHN-BIR-01,2025-03-25,22
HHN-BIR-01,2025-03-26,31
HHN-BIR-01,2025-03-27,25
HHN-BIR-01,2025-03-28,32
HHN-BIR-01,2025-03-29,33
HHN-BIR-01,2025-03-30,32
HHN-BIR-01,2025-03-31,26
HHN-BIR-01,2025-04-01,21
HHN-BIR-01,2025-04-02,35
HHN-BIR-01,2025-04-03,31
HHN-BIR-01,2025-04-04,33
HHN-BIR-01,2025-04-05,20
HHN-BIR-01,2025-04-06,33
HHN-BIR-01,2025-04-07,30
HHN-BIR-01,2025-04-08,40
HHN-BIR-01,2025-04-09,37
HHN-BIR-01,2025-04-10,30
HHN-BIR-01,2025-04-11,30
HHN-BIR-01,2025-04-12,20
HHN-BIR-01,2025-04-13,29
HHN-BIR-01,2025-04-14,30
HHN-BIR-01,2025-04-15,29
HHN-BIR-01,2025-04-16,31
HHN-BIR-01,2025-04-17,22
HHN-BIR-01,2025-04-18,26
HHN-BIR-01,2025-04-19,39
HHN-BIR-01,2025-04-20,31
HHN-BIR-01,2025-04-21,22
HHN-BIR-01,2025-04-22,24
HHN-BIR-01,2025-04-23,26
HHN-BIR-01,2025-04-24,27
HHN-BIR-01,2025-04-25,33
HHN-BIR-01,2025-04-26,26
HHN-BIR-01,2025-04-27,37
HHN-BIR-01,2025-04-28,30
HHN-BIR-01,2025-04-29,27
HHN-BIR-01,2025-04-30,35
HHN-BIR-01,2025-05-01,32
HHN-BIR-01,2025-05-02,33
HHN-BIR-01,2025-05-03,27
HHN-BIR-01,2025-05-04,43
HHN-BIR-01,2025-05-05,22
HHN-BIR-01,2025-05-06,35
HHN-BIR-01,2025-05-07,41
HHN-BIR-01,2025-05-08,33
HHN-BIR-01,2025-05-09,27
HHN-BIR-01,2025-05-10,23
HHN-BIR-01,2025-05-11,28
HHN-BIR-01,2025-05-12,34
HHN-BIR-01,2025-05-13,34
HHN-BIR-01,2025-05-14,37
HHN-BIR-01,2025-05-15,33
HHN-BIR-01,2025-05-16,21
HHN-BIR-01,2025-05-17,23
HHN-BIR-01,2025-05-18,28
HHN-BIR-01,2025-05-19,29
HHN-BIR-01,2025-05-20,28
HHN-BIR-01,2025-05-21,32
HHN-BIR-01,2025-05-22,30
HHN-BIR-01,2025-05-23,30
HHN-BIR-01,2025-05-24,31
HHN-BIR-01,2025-05-25,24
HHN-BIR-01,2025-05-26,24
HHN-BIR-01,2025-05-27,23
HHN-BIR-01,2025-05-28,18
HHN-BIR-01,2025-05-29,27
HHN-BIR-01,2025-05-30,21
HHN-BIR-01,2025-05-31,27
HHN-BIR-01,2025-06-01,24
HHN-BIR-01,2025-06-02,25
HHN-BIR-01,2025-06-03,17
HHN-BIR-01,2025-06-04,24
HHN-BIR-01,2025-06-05,23
HHN-BIR-01,2025-06-06,30
HHN-BIR-01,2025-06-07,27
HHN-BIR-01,2025-06-08,15
HHN-BIR-01,2025-06-09,22
HHN-BIR-01,2025-06-10,20
HHN-BIR-01,2025-06-11,22
HHN-BIR-01,2025-06-12,18
HHN-BIR-01,2025-06-13,22
HHN-BIR-01,2025-06-14,26
HHN-BIR-01,2025-06-15,22
HHN-BIR-01,2025-06-16,25
HHN-BIR-01,2025-06-17,23
HHN-BIR-01,2025-06-18,14
HHN-BIR-01,2025-06-19,29
HHN-BIR-01,2025-06-20,33
HHN-BIR-01,2025-06-21,29
HHN-BIR-01,2025-06-22,30
HHN-BIR-01,2025-06-23,29
HHN-BIR-01,2025-06-24,23
HHN-BIR-01,2025-06-25,23
HHN-BIR-01,2025-06-26,25
HHN-BIR-01,2025-06-27,35
HHN-BIR-01,2025-06-28,25
HHN-BIR-01,2025-06-29,21
HHN-BIR-01,2025-06-30,23
HHN-BIR-01,2025-07-01,26
HHN-BIR-01,2025-07-02,19
HHN-BIR-01,2025-07-03,38
HHN-BIR-01,2025-07-04,32
HHN-BIR-01,2025-07-05,27
HHN-BIR-01,2025-07-06,22
HHN-BIR-01,2025-07-07,40
HHN-BIR-01,2025-07-08,23
HHN-BIR-01,2025-07-09,28
HHN-BIR-01,2025-07-10,26
HHN-BIR-01,2025-07-11,24
HHN-BIR-01,2025-07-12,19
HHN-BIR-01,2025-07-13,31
HHN-BIR-01,2025-07-14,20
HHN-BIR-01,2025-07-15,20
HHN-BIR-01,2025-07-16,20
HHN-BIR-01,2025-07-17,23
HHN-BIR-01,2025-07-18,27
HHN-BIR-01,2025-07-19,28
HHN-BIR-01,2025-07-20,21
HHN-BIR-01,2025-07-21,16
HHN-BIR-01,2025-07-22,32
HHN-BIR-01,2025-07-23,22
HHN-BIR-01,2025-07-24,37
HHN-BIR-01,2025-07-25,32
HHN-BIR-01,2025-07-26,9
HHN-BIR-01,2025-07-27,28
HHN-BIR-01,2025-07-28,13
HHN-BIR-01,2025-07-29,30
HHN-BIR-01,2025-07-30,32
HHN-BIR-01,2025-07-31,38
HHN-BIR-01,2025-08-01,31
HHN-BIR-01,2025-08-02,27
HHN-BIR-01,2025-08-03,35
HHN-BIR-01,2025-08-04,20
HHN-BIR-01,2025-08-05,20
HHN-BIR-01,2025-08-06,24
HHN-BIR-01,2025-08-07,31
HHN-BIR-01,2025-08-08,21
HHN-BIR-01,2025-08-09,27
HHN-BIR-01,2025-08-10,30
HHN-BIR-01,2025-08-11,33
HHN-BIR-01,2025-08-12,23
HHN-BIR-01,2025-08-13,21
HHN-BIR-01,2025-08-14,21
HHN-BIR-01,2025-08-15,30
HHN-BIR-01,2025-08-16,20
HHN-BIR-01,2025-08-17,27
HHN-BIR-01,2025-08-18,23
HHN-BIR-01,2025-08-19,22
HHN-BIR-01,2025-08-20,21
HHN-BIR-01,2025-08-21,22
HHN-BIR-01,2025-08-22,22
HHN-BIR-01,2025-08-23,27
HHN-BIR-01,2025-08-24,23
HHN-BIR-01,2025-08-25,22
HHN-BIR-01,2025-08-26,32
HHN-BIR-01,2025-08-27,19
HHN-BIR-01,2025-08-28,24
HHN-BIR-01,2025-08-29,18
HHN-BIR-01,2025-08-30,17
HHN-BIR-01,2025-08-31,22
HHN-BIR-01,2025-09-01,19
HHN-BIR-01,2025-09-02,20
HHN-BIR-01,2025-09-03,26
HHN-BIR-01,2025-09-04,30
HHN-BIR-01,2025-09-05,29
HHN-BIR-01,2025-09-06,21
HHN-BIR-01,2025-09-07,29
HHN-BIR-01,2025-09-08,25
HHN-BIR-01,2025-09-09,29
HHN-BIR-01,2025-09-10,27
HHN-BIR-01,2025-09-11,32
HHN-BIR-01,2025-09-12,32
HHN-BIR-01,2025-09-13,24
HHN-BIR-01,2025-09-14,29
HHN-BIR-01,2025-09-15,23
HHN-BIR-01,2025-09-16,26
HHN-BIR-01,2025-09-17,18
HHN-BIR-01,2025-09-18,26
HHN-BIR-01,2025-09-19,31
HHN-BIR-01,2025-09-20,31
HHN-BIR-01,2025-09-21,40
HHN-BIR-01,2025-09-22,24
HHN-BIR-01,2025-09-23,34
HHN-BIR-01,2025-09-24,31
HHN-BIR-01,2025-09-25,33
HHN-BIR-01,2025-09-26,25
HHN-BIR-01,2025-09-27,36
HHN-BIR-01,2025-09-28,43
HHN-BIR-01,2025-09-29,43
HHN-BIR-01,2025-09-30,25
HHN-BIR-01,2025-10-01,22
HHN-BIR-01,2025-10-02,27
HHN-BIR-01,2025-10-03,36
HHN-BIR-01,2025-10-04,31
HHN-BIR-01,2025-10-05,26
HHN-BIR-01,2025-10-06,22
HHN-BIR-01,2025-10-07,34
HHN-BIR-01,2025-10-08,30
HHN-BIR-01,2025-10-09,24
HHN-BIR-01,2025-10-10,32
HHN-BIR-01,2025-10-11,33
HHN-BIR-01,2025-10-12,19
HHN-BIR-01,2025-10-13,23
HHN-BIR-01,2025-10-14,28
HHN-BIR-01,2025-10-15,34
HHN-BIR-01,2025-10-16,35
HHN-BIR-01,2025-10-17,30
HHN-BIR-01,2025-10-18,31
HHN-BIR-01,2025-10-19,27
HHN-BIR-01,2025-10-20,23
HHN-BIR-01,2025-10-21,37
HHN-BIR-01,2025-10-22,26
HHN-BIR-01,2025-10-23,29
HHN-BIR-01,2025-10-24,41
HHN-BIR-01,2025-10-25,31
HHN-BIR-01,2025-10-26,40
HHN-BIR-01,2025-10-27,27
HHN-BIR-01,2025-10-28,36
HHN-BIR-01,2025-10-29,32
HHN-BIR-01,2025-10-30,25
HHN-BIR-01,2025-10-31,35
HHN-BIR-01,2025-11-01,32
HHN-BIR-01,2025-11-02,33
HHN-BIR-01,2025-11-03,26
HHN-BIR-01,2025-11-04,27
HHN-BIR-01,2025-11-05,24
HHN-BIR-01,2025-11-06,26
HHN-BIR-01,2025-11-07,32
HHN-BIR-01,2025-11-08,28
HHN-BIR-01,2025-11-09,30
HHN-BIR-01,2025-11-10,24
HHN-BIR-01,2025-11-11,31
HHN-BIR-01,2025-11-12,32
HHN-BIR-01,2025-11-13,33
HHN-BIR-01,2025-11-14,23
HHN-BIR-01,2025-11-15,35
HHN-BIR-01,2025-11-16,34
HHN-BIR-01,2025-11-17,34
HHN-BIR-01,2025-11-18,26
HHN-BIR-01,2025-11-19,41
HHN-BIR-01,2025-11-20,30
HHN-BIR-01,2025-11-21,28
HHN-BIR-01,2025-11-22,28
HHN-BIR-01,2025-11-23,33
HHN-BIR-01,2025-11-24,46
HHN-BIR-01,2025-11-25,29
HHN-BIR-01,2025-11-26,43
HHN-BIR-01,2025-11-27,39
HHN-BIR-01,2025-11-28,42
HHN-BIR-01,2025-11-29,32
HHN-BIR-01,2025-11-30,34
HHN-BIR-01,2025-12-01,45
HHN-BIR-01,2025-12-02,35
HHN-BIR-01,2025-12-03,39
HHN-BIR-01,2025-12-04,30
HHN-BIR-01,2025-12-05,33
HHN-BIR-01,2025-12-06,24
HHN-BIR-01,2025-12-07,37
HHN-BIR-01,2025-12-08,25
HHN-BIR-01,2025-12-09,34
HHN-BIR-01,2025-12-10,35
HHN-BIR-01,2025-12-11,24
HHN-BIR-01,2025-12-12,42
HHN-BIR-01,2025-12-13,22
HHN-BIR-01,2025-12-14,38
HHN-BIR-01,2025-12-15,30
HHN-BIR-01,2025-12-16,35
HHN-BIR-01,2025-12-17,24
HHN-BIR-01,2025-12-18,46
HHN-BIR-01,2025-12-19,45
HHN-BIR-01,2025-12-20,50
HHN-BIR-01,2025-12-21,42
HHN-BIR-01,2025-12-22,47
HHN-BIR-01,2025-12-23,26
HHN-BIR-01,2025-12-24,24
HHN-BIR-01,2025-12-25,34
HHN-BIR-01,2025-12-26,41
HHN-BIR-01,2025-12-27,29
HHN-BIR-01,2025-12-28,31
HHN-BIR-01,2025-12-29,42
HHN-BIR-01,2025-12-30,37
HHN-BIR-01,2025-12-31,49
HHN-BIR-01,2026-01-01,35
HHN-BIR-01,2026-01-02,27
HHN-BIR-01,2026-01-03,19
HHN-BIR-01,2026-01-04,13
HHN-BIR-01,2026-01-05,9
HHN-BIR-01,2026-01-06,7
HHN-BIR-01,2026-01-07,4
HHN-BIR-01,2026-01-08,3
HHN-BIR-01,2026-01-09,2
HHN-BIR-01,2026-01-10,1
HHN-BIR-01,2026-01-11,2
HHN-BIR-01,2026-01-17,1
HHN-BIR-01,2026-01-20,1
HHN-BIR-01,2026-01-22,1
HHN-EDI-01,2024-01-02,3
HHN-EDI-01,2024-01-03,15
HHN-EDI-01,2024-01-04,11
HHN-EDI-01,2024-01-05,15
HHN-EDI-01,2024-01-06,16
HHN-EDI-01,2024-01-07,29
HHN-EDI-01,2024-01-08,20
HHN-EDI-01,2024-01-09,33
HHN-EDI-01,2024-01-10,23
HHN-EDI-01,2024-01-11,32
HHN-EDI-01,2024-01-12,27
HHN-EDI-01,2024-01-13,31
HHN-EDI-01,2024-01-14,30
HHN-EDI-01,2024-01-15,30
HHN-EDI-01,2024-01-16,24
HHN-EDI-01,2024-01-17,18
HHN-EDI-01,2024-01-18,30
HHN-EDI-01,2024-01-19,17
HHN-EDI-01,2024-01-20,25
HHN-EDI-01,2024-01-21,24
HHN-EDI-01,2024-01-22,26
HHN-EDI-01,2024-01-23,24
HHN-EDI-01,2024-01-24,25
HHN-EDI-01,2024-01-25,31
HHN-EDI-01,2024-01-26,30
HHN-EDI-01,2024-01-27,23
HHN-EDI-01,2024-01-28,26
HHN-EDI-01,2024-01-29,22
HHN-EDI-01,2024-01-30,33
HHN-EDI-01,2024-01-31,24
HHN-EDI-01,2024-02-01,23
HHN-EDI-01,2024-02-02,20
HHN-EDI-01,2024-02-03,38
HHN-EDI-01,2024-02-04,24
HHN-EDI-01,2024-02-05,21
HHN-EDI-01,2024-02-06,19
HHN-EDI-01,2024-02-07,19
HHN-EDI-01,2024-02-08,31
HHN-EDI-01,2024-02-09,28
HHN-EDI-01,2024-02-10,23
HHN-EDI-01,2024-02-11,26
HHN-EDI-01,2024-02-12,25
HHN-EDI-01,2024-02-13,30
HHN-EDI-01,2024-02-14,35
HHN-EDI-01,2024-02-15,22
HHN-EDI-01,2024-02-16,39
HHN-EDI-01,2024-02-17,29
HHN-EDI-01,2024-02-18,30
HHN-EDI-01,2024-02-19,37
HHN-EDI-01,2024-02-20,35
HHN-EDI-01,2024-02-21,28
HHN-EDI-01,2024-02-22,35
HHN-EDI-01,2024-02-23,21
HHN-EDI-01,2024-02-24,33
HHN-EDI-01,2024-02-25,23
HHN-EDI-01,2024-02-26,27
HHN-EDI-01,2024-02-27,32
HHN-EDI-01,2024-02-28,20
HHN-EDI-01,2024-02-29,32
HHN-EDI-01,2024-03-01,24
HHN-EDI-01,2024-03-02,20
HHN-EDI-01,2024-03-03,21
HHN-EDI-01,2024-03-04,25
HHN-EDI-01,2024-03-05,33
HHN-EDI-01,2024-03-06,16
HHN-EDI-01,2024-03-07,19
HHN-EDI-01,2024-03-08,30
HHN-EDI-01,2024-03-09,20
HHN-EDI-01,2024-03-10,27
HHN-EDI-01,2024-03-11,26
HHN-EDI-01,2024-03-12,22
HHN-EDI-01,2024-03-13,18
HHN-EDI-01,2024-03-14,26
HHN-EDI-01,2024-03-15,31
HHN-EDI-01,2024-03-16,22
HHN-EDI-01,2024-03-17,23
HHN-EDI-01,2024-03-18,27
HHN-EDI-01,2024-03-19,19
HHN-EDI-01,2024-03-20,32
HHN-EDI-01,2024-03-21,17
HHN-EDI-01,2024-03-22,23
HHN-EDI-01,2024-03-23,17
HHN-EDI-01,2024-03-24,18
HHN-EDI-01,2024-03-25,22
HHN-EDI-01,2024-03-26,19
HHN-EDI-01,2024-03-27,17
HHN-EDI-01,2024-03-28,25
HHN-EDI-01,2024-03-29,18
HHN-EDI-01,2024-03-30,18
HHN-EDI-01,2024-03-31,24
HHN-EDI-01,2024-04-01,12
HHN-EDI-01,2024-04-02,14
HHN-EDI-01,2024-04-03,25
HHN-EDI-01,2024-04-04,17
HHN-EDI-01,2024-04-05,31
HHN-EDI-01,2024-04-06,20
HHN-EDI-01,2024-04-07,28
HHN-EDI-01,2024-04-08,26
HHN-EDI-01,2024-04-09,18
HHN-EDI-01,2024-04-10,26
HHN-EDI-01,2024-04-11,20
HHN-EDI-01,2024-04-12,25
HHN-EDI-01,2024-04-13,16
HHN-EDI-01,2024-04-14,25
HHN-EDI-01,2024-04-15,22
HHN-EDI-01,2024-04-16,22
HHN-EDI-01,2024-04-17,22
HHN-EDI-01,2024-04-18,15
HHN-EDI-01,2024-04-19,26
HHN-EDI-01,2024-04-20,27
HHN-EDI-01,2024-04-21,22
HHN-EDI-01,2024-04-22,20
HHN-EDI-01,2024-04-23,15
HHN-EDI-01,2024-04-24,28
HHN-EDI-01,2024-04-25,16
HHN-EDI-01,2024-04-26,24
HHN-EDI-01,2024-04-27,23
HHN-EDI-01,2024-04-28,15
HHN-EDI-01,2024-04-29,18
HHN-EDI-01,2024-04-30,34
HHN-EDI-01,2024-05-01,10
HHN-EDI-01,2024-05-02,21
HHN-EDI-01,2024-05-03,29
HHN-EDI-01,2024-05-04,22
HHN-EDI-01,2024-05-05,13
HHN-EDI-01,2024-05-06,20
HHN-EDI-01,2024-05-07,18
HHN-EDI-01,2024-05-08,20
HHN-EDI-01,2024-05-09,15
HHN-EDI-01,2024-05-10,16
HHN-EDI-01,2024-05-11,19
HHN-EDI-01,2024-05-12,23
HHN-EDI-01,2024-05-13,17
HHN-EDI-01,2024-05-14,23
HHN-EDI-01,2024-05-15,19
HHN-EDI-01,2024-05-16,19
HHN-EDI-01,2024-05-17,29
HHN-EDI-01,2024-05-18,24
HHN-EDI-01,2024-05-19,23
HHN-EDI-01,2024-05-20,25
HHN-EDI-01,2024-05-21,17
HHN-EDI-01,2024-05-22,16
HHN-EDI-01,2024-05-23,25
HHN-EDI-01,2024-05-24,27
HHN-EDI-01,2024-05-25,25
HHN-EDI-01,2024-05-26,27
HHN-EDI-01,2024-05-27,17
HHN-EDI-01,2024-05-28,18
HHN-EDI-01,2024-05-29,16
HHN-EDI-01,2024-05-30,15
HHN-EDI-01,2024-05-31,19
HHN-EDI-01,2024-06-01,22
HHN-EDI-01,2024-06-02,15
HHN-EDI-01,2024-06-03,18
HHN-EDI-01,2024-06-04,17
HHN-EDI-01,2024-06-05,19
HHN-EDI-01,2024-06-06,14
HHN-EDI-01,2024-06-07,16
HHN-EDI-01,2024-06-08,22
HHN-EDI-01,2024-06-09,13
HHN-EDI-01,2024-06-10,19
HHN-EDI-01,2024-06-11,19
HHN-EDI-01,2024-06-12,15
HHN-EDI-01,2024-06-13,18
HHN-EDI-01,2024-06-14,23
HHN-EDI-01,2024-06-15,13
HHN-EDI-01,2024-06-16,16
HHN-EDI-01,2024-06-17,22
HHN-EDI-01,2024-06-18,20
HHN-EDI-01,2024-06-19,19
HHN-EDI-01,2024-06-20,22
HHN-EDI-01,2024-06-21,21
HHN-EDI-01,2024-06-22,15
HHN-EDI-01,2024-06-23,20
HHN-EDI-01,2024-06-24,17
HHN-EDI-01,2024-06-25,23
HHN-EDI-01,2024-06-26,13
HHN-EDI-01,2024-06-27,19
HHN-EDI-01,2024-06-28,23
HHN-EDI-01,2024-06-29,14
HHN-EDI-01,2024-06-30,18
HHN-EDI-01,2024-07-01,19
HHN-EDI-01,2024-07-02,10
HHN-EDI-01,2024-07-03,11
HHN-EDI-01,2024-07-04,13
HHN-EDI-01,2024-07-05,18
HHN-EDI-01,2024-07-06,17
HHN-EDI-01,2024-07-07,19
HHN-EDI-01,2024-07-08,13
HHN-EDI-01,2024-07-09,12
HHN-EDI-01,2024-07-10,15
HHN-EDI-01,2024-07-11,8
HHN-EDI-01,2024-07-12,20
HHN-EDI-01,2024-07-13,23
HHN-EDI-01,2024-07-14,16
HHN-EDI-01,2024-07-15,17
HHN-EDI-01,2024-07-16,24
HHN-EDI-01,2024-07-17,15
HHN-EDI-01,2024-07-18,21
HHN-EDI-01,2024-07-19,20
HHN-EDI-01,2024-07-20,24
HHN-EDI-01,2024-07-21,16
HHN-EDI-01,2024-07-22,27
HHN-EDI-01,2024-07-23,21
HHN-EDI-01,2024-07-24,25
HHN-EDI-01,2024-07-25,21
HHN-EDI-01,2024-07-26,21
HHN-EDI-01,2024-07-27,24
HHN-EDI-01,2024-07-28,19
HHN-EDI-01,2024-07-29,19
HHN-EDI-01,2024-07-30,20
HHN-EDI-01,2024-07-31,15
HHN-EDI-01,2024-08-01,14
HHN-EDI-01,2024-08-02,15
HHN-EDI-01,2024-08-03,20
HHN-EDI-01,2024-08-04,15
HHN-EDI-01,2024-08-05,14
HHN-EDI-01,2024-08-06,11
HHN-EDI-01,2024-08-07,18
HHN-EDI-01,2024-08-08,17
HHN-EDI-01,2024-08-09,22
HHN-EDI-01,2024-08-10,20
HHN-EDI-01,2024-08-11,9
HHN-EDI-01,2024-08-12,15
HHN-EDI-01,2024-08-13,27
HHN-EDI-01,2024-08-14,19
HHN-EDI-01,2024-08-15,17
HHN-EDI-01,2024-08-16,24
HHN-EDI-01,2024-08-17,14
HHN-EDI-01,2024-08-18,19
HHN-EDI-01,2024-08-19,27
HHN-EDI-01,2024-08-20,21
HHN-EDI-01,2024-08-21,13
HHN-EDI-01,2024-08-22,16
HHN-EDI-01,2024-08-23,20
HHN-EDI-01,2024-08-24,18
HHN-EDI-01,2024-08-25,21
HHN-EDI-01,2024-08-26,12
HHN-EDI-01,2024-08-27,13
HHN-EDI-01,2024-08-28,8
HHN-EDI-01,2024-08-29,13
HHN-EDI-01,2024-08-30,17
HHN-EDI-01,2024-08-31,15
HHN-EDI-01,2024-09-01,14
HHN-EDI-01,2024-09-02,15
HHN-EDI-01,2024-09-03,13
HHN-EDI-01,2024-09-04,19
HHN-EDI-01,2024-09-05,27
HHN-EDI-01,2024-09-06,24
HHN-EDI-01,2024-09-07,23
HHN-EDI-01,2024-09-08,19
HHN-EDI-01,2024-09-09,27
HHN-EDI-01,2024-09-10,19
HHN-EDI-01,2024-09-11,26
HHN-EDI-01,2024-09-12,30
HHN-EDI-01,2024-09-13,23
HHN-EDI-01,2024-09-14,22
HHN-EDI-01,2024-09-15,18
HHN-EDI-01,2024-09-16,17
HHN-EDI-01,2024-09-17,24
HHN-EDI-01,2024-09-18,26
HHN-EDI-01,2024-09-19,16
HHN-EDI-01,2024-09-20,19
HHN-EDI-01,2024-09-21,17
HHN-EDI-01,2024-09-22,18
HHN-EDI-01,2024-09-23,23
HHN-EDI-01,2024-09-24,25
HHN-EDI-01,2024-09-25,16
HHN-EDI-01,2024-09-26,22
HHN-EDI-01,2024-09-27,26
HHN-EDI-01,2024-09-28,13
HHN-EDI-01,2024-09-29,21
HHN-EDI-01,2024-09-30,20
HHN-EDI-01,2024-10-01,19
HHN-EDI-01,2024-10-02,24
HHN-EDI-01,2024-10-03,7
HHN-EDI-01,2024-10-04,20
HHN-EDI-01,2024-10-05,17
HHN-EDI-01,2024-10-06,17
HHN-EDI-01,2024-10-07,11
HHN-EDI-01,2024-10-08,17
HHN-EDI-01,2024-10-09,27
HHN-EDI-01,2024-10-10,20
HHN-EDI-01,2024-10-11,23
HHN-EDI-01,2024-10-12,20
HHN-EDI-01,2024-10-13,22
HHN-EDI-01,2024-10-14,26
HHN-EDI-01,2024-10-15,20
HHN-EDI-01,2024-10-16,23
HHN-EDI-01,2024-10-17,18
HHN-EDI-01,2024-10-18,26
HHN-EDI-01,2024-10-19,17
HHN-EDI-01,2024-10-20,23
HHN-EDI-01,2024-10-21,25
HHN-EDI-01,2024-10-22,28
HHN-EDI-01,2024-10-23,20
HHN-EDI-01,2024-10-24,19
HHN-EDI-01,2024-10-25,31
HHN-EDI-01,2024-10-26,15
HHN-EDI-01,2024-10-27,26
HHN-EDI-01,2024-10-28,18
HHN-EDI-01,2024-10-29,22
HHN-EDI-01,2024-10-30,24
HHN-EDI-01,2024-10-31,24
HHN-EDI-01,2024-11-01,28
HHN-EDI-01,2024-11-02,21
HHN-EDI-01,2024-11-03,26
HHN-EDI-01,2024-11-04,20
HHN-EDI-01,2024-11-05,16
HHN-EDI-01,2024-11-06,25
HHN-EDI-01,2024-11-07,29
HHN-EDI-01,2024-11-08,24
HHN-EDI-01,2024-11-09,18
HHN-EDI-01,2024-11-10,18
HHN-EDI-01,2024-11-11,20
HHN-EDI-01,2024-11-12,28
HHN-EDI-01,2024-11-13,13
HHN-EDI-01,2024-11-14,17
HHN-EDI-01,2024-11-15,17
HHN-EDI-01,2024-11-16,24
HHN-EDI-01,2024-11-17,17
HHN-EDI-01,2024-11-18,21
HHN-EDI-01,2024-11-19,29
HHN-EDI-01,2024-11-20,21
HHN-EDI-01,2024-11-21,25
HHN-EDI-01,2024-11-22,27
HHN-EDI-01,2024-11-23,27
HHN-EDI-01,2024-11-24,27
HHN-EDI-01,2024-11-25,31
HHN-EDI-01,2024-11-26,25
HHN-EDI-01,2024-11-27,20
HHN-EDI-01,2024-11-28,31
HHN-EDI-01,2024-11-29,21
HHN-EDI-01,2024-11-30,23
HHN-EDI-01,2024-12-01,23
HHN-EDI-01,2024-12-02,31
HHN-EDI-01,2024-12-03,20
HHN-EDI-01,2024-12-04,30
HHN-EDI-01,2024-12-05,33
HHN-EDI-01,2024-12-06,25
HHN-EDI-01,2024-12-07,29
HHN-EDI-01,2024-12-08,23
HHN-EDI-01,2024-12-09,25
HHN-EDI-01,2024-12-10,17
HHN-EDI-01,2024-12-11,20
HHN-EDI-01,2024-12-12,18
HHN-EDI-01,2024-12-13,16
HHN-EDI-01,2024-12-14,35
HHN-EDI-01,2024-12-15,27
HHN-EDI-01,2024-12-16,28
HHN-EDI-01,2024-12-17,18
HHN-EDI-01,2024-12-18,20
HHN-EDI-01,2024-12-19,22
HHN-EDI-01,2024-12-20,26
HHN-EDI-01,2024-12-21,30
HHN-EDI-01,2024-12-22,18
HHN-EDI-01,2024-12-23,21
HHN-EDI-01,2024-12-24,28
HHN-EDI-01,2024-12-25,20
HHN-EDI-01,2024-12-26,30
HHN-EDI-01,2024-12-27,26
HHN-EDI-01,2024-12-28,24
HHN-EDI-01,2024-12-29,23
HHN-EDI-01,2024-12-30,23
HHN-EDI-01,2024-12-31,30
HHN-EDI-01,2025-01-01,23
HHN-EDI-01,2025-01-02,25
HHN-EDI-01,2025-01-03,22
HHN-EDI-01,2025-01-04,35
HHN-EDI-01,2025-01-05,30
HHN-EDI-01,2025-01-06,28
HHN-EDI-01,2025-01-07,23
HHN-EDI-01,2025-01-08,28
HHN-EDI-01,2025-01-09,17
HHN-EDI-01,2025-01-10,24
HHN-EDI-01,2025-01-11,33
HHN-EDI-01,2025-01-12,28
HHN-EDI-01,2025-01-13,20
HHN-EDI-01,2025-01-14,23
HHN-EDI-01,2025-01-15,20
HHN-EDI-01,2025-01-16,28
HHN-EDI-01,2025-01-17,21
HHN-EDI-01,2025-01-18,27
HHN-EDI-01,2025-01-19,21
HHN-EDI-01,2025-01-20,25
HHN-EDI-01,2025-01-21,19
HHN-EDI-01,2025-01-22,29
HHN-EDI-01,2025-01-23,28
HHN-EDI-01,2025-01-24,27
HHN-EDI-01,2025-01-25,17
HHN-EDI-01,2025-01-26,28
HHN-EDI-01,2025-01-27,24
HHN-EDI-01,2025-01-28,21
HHN-EDI-01,2025-01-29,15
HHN-EDI-01,2025-01-30,23
HHN-EDI-01,2025-01-31,21
HHN-EDI-01,2025-02-01,26
HHN-EDI-01,2025-02-02,25
HHN-EDI-01,2025-02-03,41
HHN-EDI-01,2025-02-04,28
HHN-EDI-01,2025-02-05,30
HHN-EDI-01,2025-02-06,26
HHN-EDI-01,2025-02-07,23
HHN-EDI-01,2025-02-08,26
HHN-EDI-01,2025-02-09,28
HHN-EDI-01,2025-02-10,19
HHN-EDI-01,2025-02-11,26
HHN-EDI-01,2025-02-12,18
HHN-EDI-01,2025-02-13,26
HHN-EDI-01,2025-02-14,25
HHN-EDI-01,2025-02-15,29
HHN-EDI-01,2025-02-16,29
HHN-EDI-01,2025-02-17,37
HHN-EDI-01,2025-02-18,29
HHN-EDI-01,2025-02-19,19
HHN-EDI-01,2025-02-20,23
HHN-EDI-01,2025-02-21,26
HHN-EDI-01,2025-02-22,27
HHN-EDI-01,2025-02-23,20
HHN-EDI-01,2025-02-24,23
HHN-EDI-01,2025-02-25,27
HHN-EDI-01,2025-02-26,19
HHN-EDI-01,2025-02-27,25
HHN-EDI-01,2025-02-28,27
HHN-EDI-01,2025-03-01,26
HHN-EDI-01,2025-03-02,19
HHN-EDI-01,2025-03-03,19
HHN-EDI-01,2025-03-04,18
HHN-EDI-01,2025-03-05,34
HHN-EDI-01,2025-03-06,30
HHN-EDI-01,2025-03-07,28
HHN-EDI-01,2025-03-08,27
HHN-EDI-01,2025-03-09,15
HHN-EDI-01,2025-03-10,26
HHN-EDI-01,2025-03-11,23
HHN-EDI-01,2025-03-12,29
HHN-EDI-01,2025-03-13,29
HHN-EDI-01,2025-03-14,25
HHN-EDI-01,2025-03-15,32
HHN-EDI-01,2025-03-16,33
HHN-EDI-01,2025-03-17,24
HHN-EDI-01,2025-03-18,25
HHN-EDI-01,2025-03-19,26
HHN-EDI-01,2025-03-20,34
HHN-EDI-01,2025-03-21,28
HHN-EDI-01,2025-03-22,28
HHN-EDI-01,2025-03-23,15
HHN-EDI-01,2025-03-24,13
HHN-EDI-01,2025-03-25,30
HHN-EDI-01,2025-03-26,22
HHN-EDI-01,2025-03-27,23
HHN-EDI-01,2025-03-28,26
HHN-EDI-01,2025-03-29,21
HHN-EDI-01,2025-03-30,26
HHN-EDI-01,2025-03-31,16
HHN-EDI-01,2025-04-01,20
HHN-EDI-01,2025-04-02,17
HHN-EDI-01,2025-04-03,22
HHN-EDI-01,2025-04-04,26
HHN-EDI-01,2025-04-05,16
HHN-EDI-01,2025-04-06,16
HHN-EDI-01,2025-04-07,27
HHN-EDI-01,2025-04-08,15
HHN-EDI-01,2025-04-09,18
HHN-EDI-01,2025-04-10,24
HHN-EDI-01,2025-04-11,15
HHN-EDI-01,2025-04-12,19
HHN-EDI-01,2025-04-13,26
HHN-EDI-01,2025-04-14,17
HHN-EDI-01,2025-04-15,30
HHN-EDI-01,2025-04-16,21
HHN-EDI-01,2025-04-17,26
HHN-EDI-01,2025-04-18,27
HHN-EDI-01,2025-04-19,22
HHN-EDI-01,2025-04-20,24
HHN-EDI-01,2025-04-21,20
HHN-EDI-01,2025-04-22,19
HHN-EDI-01,2025-04-23,27
HHN-EDI-01,2025-04-24,20
HHN-EDI-01,2025-04-25,15
HHN-EDI-01,2025-04-26,25
HHN-EDI-01,2025-04-27,13
HHN-EDI-01,2025-04-28,19
HHN-EDI-01,2025-04-29,21
HHN-EDI-01,2025-04-30,20
HHN-EDI-01,2025-05-01,25
HHN-EDI-01,2025-05-02,21
HHN-EDI-01,2025-05-03,25
HHN-EDI-01,2025-05-04,21
HHN-EDI-01,2025-05-05,19
HHN-EDI-01,2025-05-06,13
HHN-EDI-01,2025-05-07,10
HHN-EDI-01,2025-05-08,16
HHN-EDI-01,2025-05-09,19
HHN-EDI-01,2025-05-10,27
HHN-EDI-01,2025-05-11,12
HHN-EDI-01,2025-05-12,25
HHN-EDI-01,2025-05-13,13
HHN-EDI-01,2025-05-14,25
HHN-EDI-01,2025-05-15,22
HHN-EDI-01,2025-05-16,18
HHN-EDI-01,2025-05-17,20
HHN-EDI-01,2025-05-18,16
HHN-EDI-01,2025-05-19,14
HHN-EDI-01,2025-05-20,14
HHN-EDI-01,2025-05-21,26
HHN-EDI-01,2025-05-22,21
HHN-EDI-01,2025-05-23,18
HHN-EDI-01,2025-05-24,17
HHN-EDI-01,2025-05-25,15
HHN-EDI-01,2025-05-26,18
HHN-EDI-01,2025-05-27,16
HHN-EDI-01,2025-05-28,19
HHN-EDI-01,2025-05-29,15
HHN-EDI-01,2025-05-30,17
HHN-EDI-01,2025-05-31,19
HHN-EDI-01,2025-06-01,24
HHN-EDI-01,2025-06-02,15
HHN-EDI-01,2025-06-03,15
HHN-EDI-01,2025-06-04,9
HHN-EDI-01,2025-06-05,14
HHN-EDI-01,2025-06-06,20
HHN-EDI-01,2025-06-07,22
HHN-EDI-01,2025-06-08,22
HHN-EDI-01,2025-06-09,29
HHN-EDI-01,2025-06-10,20
HHN-EDI-01,2025-06-11,14
HHN-EDI-01,2025-06-12,17
HHN-EDI-01,2025-06-13,20
HHN-EDI-01,2025-06-14,24
HHN-EDI-01,2025-06-15,19
HHN-EDI-01,2025-06-16,17
HHN-EDI-01,2025-06-17,21
HHN-EDI-01,2025-06-18,13
HHN-EDI-01,2025-06-19,27
HHN-EDI-01,2025-06-20,18
HHN-EDI-01,2025-06-21,27
HHN-EDI-01,2025-06-22,18
HHN-EDI-01,2025-06-23,23
HHN-EDI-01,2025-06-24,23
HHN-EDI-01,2025-06-25,20
HHN-EDI-01,2025-06-26,25
HHN-EDI-01,2025-06-27,15
HHN-EDI-01,2025-06-28,17
HHN-EDI-01,2025-06-29,19
HHN-EDI-01,2025-06-30,15
HHN-EDI-01,2025-07-01,22
HHN-EDI-01,2025-07-02,13
HHN-EDI-01,2025-07-03,25
HHN-EDI-01,2025-07-04,16
HHN-EDI-01,2025-07-05,19
HHN-EDI-01,2025-07-06,9
HHN-EDI-01,2025-07-07,16
HHN-EDI-01,2025-07-08,17
HHN-EDI-01,2025-07-09,15
HHN-EDI-01,2025-07-10,17
HHN-EDI-01,2025-07-11,18
HHN-EDI-01,2025-07-12,22
HHN-EDI-01,2025-07-13,19
HHN-EDI-01,2025-07-14,15
HHN-EDI-01,2025-07-15,21
HHN-EDI-01,2025-07-16,11
HHN-EDI-01,2025-07-17,17
HHN-EDI-01,2025-07-18,22
HHN-EDI-01,2025-07-19,17
HHN-EDI-01,2025-07-20,24
HHN-EDI-01,2025-07-21,12
HHN-EDI-01,2025-07-22,12
HHN-EDI-01,2025-07-23,18
HHN-EDI-01,2025-07-24,18
HHN-EDI-01,2025-07-25,18
HHN-EDI-01,2025-07-26,16
HHN-EDI-01,2025-07-27,11
HHN-EDI-01,2025-07-28,18
HHN-EDI-01,2025-07-29,16
HHN-EDI-01,2025-07-30,19
HHN-EDI-01,2025-07-31,20
HHN-EDI-01,2025-08-01,15
HHN-EDI-01,2025-08-02,14
HHN-EDI-01,2025-08-03,17
HHN-EDI-01,2025-08-04,21
HHN-EDI-01,2025-08-05,21
HHN-EDI-01,2025-08-06,17
HHN-EDI-01,2025-08-07,11
HHN-EDI-01,2025-08-08,18
HHN-EDI-01,2025-08-09,12
HHN-EDI-01,2025-08-10,13
HHN-EDI-01,2025-08-11,14
HHN-EDI-01,2025-08-12,11
HHN-EDI-01,2025-08-13,19
HHN-EDI-01,2025-08-14,24
HHN-EDI-01,2025-08-15,16
HHN-EDI-01,2025-08-16,15
HHN-EDI-01,2025-08-17,14
HHN-EDI-01,2025-08-18,32
HHN-EDI-01,2025-08-19,17
HHN-EDI-01,2025-08-20,12
HHN-EDI-01,2025-08-21,18
HHN-EDI-01,2025-08-22,18
HHN-EDI-01,2025-08-23,11
HHN-EDI-01,2025-08-24,15
HHN-EDI-01,2025-08-25,12
HHN-EDI-01,2025-08-26,23
HHN-EDI-01,2025-08-27,13
HHN-EDI-01,2025-08-28,11
HHN-EDI-01,2025-08-29,11
HHN-EDI-01,2025-08-30,11
HHN-EDI-01,2025-08-31,19
HHN-EDI-01,2025-09-01,18
HHN-EDI-01,2025-09-02,22
HHN-EDI-01,2025-09-03,18
HHN-EDI-01,2025-09-04,10
HHN-EDI-01,2025-09-05,18
HHN-EDI-01,2025-09-06,15
HHN-EDI-01,2025-09-07,18
HHN-EDI-01,2025-09-08,21
HHN-EDI-01,2025-09-09,20
HHN-EDI-01,2025-09-10,6
HHN-EDI-01,2025-09-11,12
HHN-EDI-01,2025-09-12,18
HHN-EDI-01,2025-09-13,19
HHN-EDI-01,2025-09-14,23
HHN-EDI-01,2025-09-15,21
HHN-EDI-01,2025-09-16,18
HHN-EDI-01,2025-09-17,15
HHN-EDI-01,2025-09-18,20
HHN-EDI-01,2025-09-19,17
HHN-EDI-01,2025-09-20,16
HHN-EDI-01,2025-09-21,28
HHN-EDI-01,2025-09-22,24
HHN-EDI-01,2025-09-23,22
HHN-EDI-01,2025-09-24,19
HHN-EDI-01,2025-09-25,26
HHN-EDI-01,2025-09-26,23
HHN-EDI-01,2025-09-27,21
HHN-EDI-01,2025-09-28,20
HHN-EDI-01,2025-09-29,27
HHN-EDI-01,2025-09-30,19
HHN-EDI-01,2025-10-01,27
HHN-EDI-01,2025-10-02,18
HHN-EDI-01,2025-10-03,23
HHN-EDI-01,2025-10-04,15
HHN-EDI-01,2025-10-05,16
HHN-EDI-01,2025-10-06,14
HHN-EDI-01,2025-10-07,16
HHN-EDI-01,2025-10-08,22
HHN-EDI-01,2025-10-09,30
HHN-EDI-01,2025-10-10,14
HHN-EDI-01,2025-10-11,27
HHN-EDI-01,2025-10-12,25
HHN-EDI-01,2025-10-13,26
HHN-EDI-01,2025-10-14,18
HHN-EDI-01,2025-10-15,15
HHN-EDI-01,2025-10-16,16
HHN-EDI-01,2025-10-17,24
HHN-EDI-01,2025-10-18,15
HHN-EDI-01,2025-10-19,20
HHN-EDI-01,2025-10-20,24
HHN-EDI-01,2025-10-21,19
HHN-EDI-01,2025-10-22,19
HHN-EDI-01,2025-10-23,25
HHN-EDI-01,2025-10-24,17
HHN-EDI-01,2025-10-25,17
HHN-EDI-01,2025-10-26,20
HHN-EDI-01,2025-10-27,23
HHN-EDI-01,2025-10-28,28
HHN-EDI-01,2025-10-29,26
HHN-EDI-01,2025-10-30,26
HHN-EDI-01,2025-10-31,22
HHN-EDI-01,2025-11-01,16
HHN-EDI-01,2025-11-02,29
HHN-EDI-01,2025-11-03,20
HHN-EDI-01,2025-11-04,23
HHN-EDI-01,2025-11-05,33
HHN-EDI-01,2025-11-06,19
HHN-EDI-01,2025-11-07,20
HHN-EDI-01,2025-11-08,20
HHN-EDI-01,2025-11-09,26
HHN-EDI-01,2025-11-10,18
HHN-EDI-01,2025-11-11,25
HHN-EDI-01,2025-11-12,27
HHN-EDI-01,2025-11-13,28
HHN-EDI-01,2025-11-14,30
HHN-EDI-01,2025-11-15,20
HHN-EDI-01,2025-11-16,17
HHN-EDI-01,2025-11-17,20
HHN-EDI-01,2025-11-18,17
HHN-EDI-01,2025-11-19,31
HHN-EDI-01,2025-11-20,13
HHN-EDI-01,2025-11-21,18
HHN-EDI-01,2025-11-22,29
HHN-EDI-01,2025-11-23,21
HHN-EDI-01,2025-11-24,22
HHN-EDI-01,2025-11-25,20
HHN-EDI-01,2025-11-26,25
HHN-EDI-01,2025-11-27,19
HHN-EDI-01,2025-11-28,30
HHN-EDI-01,2025-11-29,20
HHN-EDI-01,2025-11-30,20
HHN-EDI-01,2025-12-01,25
HHN-EDI-01,2025-12-02,24
HHN-EDI-01,2025-12-03,18
HHN-EDI-01,2025-12-04,23
HHN-EDI-01,2025-12-05,34
HHN-EDI-01,2025-12-06,27
HHN-EDI-01,2025-12-07,24
HHN-EDI-01,2025-12-08,27
HHN-EDI-01,2025-12-09,26
HHN-EDI-01,2025-12-10,21
HHN-EDI-01,2025-12-11,26
HHN-EDI-01,2025-12-12,23
HHN-EDI-01,2025-12-13,27
HHN-EDI-01,2025-12-14,25
HHN-EDI-01,2025-12-15,24
HHN-EDI-01,2025-12-16,32
HHN-EDI-01,2025-12-17,29
HHN-EDI-01,2025-12-18,23
HHN-EDI-01,2025-12-19,27
HHN-EDI-01,2025-12-20,26
HHN-EDI-01,2025-12-21,30
HHN-EDI-01,2025-12-22,26
HHN-EDI-01,2025-12-23,23
HHN-EDI-01,2025-12-24,30
HHN-EDI-01,2025-12-25,22
HHN-EDI-01,2025-12-26,32
HHN-EDI-01,2025-12-27,26
HHN-EDI-01,2025-12-28,20
HHN-EDI-01,2025-12-29,31
HHN-EDI-01,2025-12-30,30
HHN-EDI-01,2025-12-31,29
HHN-EDI-01,2026-01-01,27
HHN-EDI-01,2026-01-02,15
HHN-EDI-01,2026-01-03,15
HHN-EDI-01,2026-01-04,13
HHN-EDI-01,2026-01-05,7
HHN-EDI-01,2026-01-06,3
HHN-EDI-01,2026-01-07,3
HHN-EDI-01,2026-01-08,1
HHN-EDI-01,2026-01-09,2
HHN-EDI-01,2026-01-10,4
HHN-EDI-01,2026-01-11,2
HHN-EDI-01,2026-01-13,2
HHN-EDI-01,2026-01-14,1
HHN-LON-01,2024-01-01,3
HHN-LON-01,2024-01-02,13
HHN-LON-01,2024-01-03,23
HHN-LON-01,2024-01-04,44
HHN-LON-01,2024-01-05,60
HHN-LON-01,2024-01-06,52
HHN-LON-01,2024-01-07,57
HHN-LON-01,2024-01-08,61
HHN-LON-01,2024-01-09,52
HHN-LON-01,2024-01-10,49
HHN-LON-01,2024-01-11,52
HHN-LON-01,2024-01-12,62
HHN-LON-01,2024-01-13,50
HHN-LON-01,2024-01-14,64
HHN-LON-01,2024-01-15,69
HHN-LON-01,2024-01-16,71
HHN-LON-01,2024-01-17,79
HHN-LON-01,2024-01-18,67
HHN-LON-01,2024-01-19,60
HHN-LON-01,2024-01-20,76
HHN-LON-01,2024-01-21,53
HHN-LON-01,2024-01-22,54
HHN-LON-01,2024-01-23,48
HHN-LON-01,2024-01-24,48
HHN-LON-01,2024-01-25,69
HHN-LON-01,2024-01-26,47
HHN-LON-01,2024-01-27,74
HHN-LON-01,2024-01-28,64
HHN-LON-01,2024-01-29,68
HHN-LON-01,2024-01-30,56
HHN-LON-01,2024-01-31,65
HHN-LON-01,2024-02-01,61
HHN-LON-01,2024-02-02,76
HHN-LON-01,2024-02-03,71
HHN-LON-01,2024-02-04,73
HHN-LON-01,2024-02-05,57
HHN-LON-01,2024-02-06,53
HHN-LON-01,2024-02-07,60
HHN-LON-01,2024-02-08,75
HHN-LON-01,2024-02-09,59
HHN-LON-01,2024-02-10,51
HHN-LON-01,2024-02-11,52
HHN-LON-01,2024-02-12,58
HHN-LON-01,2024-02-13,67
HHN-LON-01,2024-02-14,66
HHN-LON-01,2024-02-15,69
HHN-LON-01,2024-02-16,64
HHN-LON-01,2024-02-17,75
HHN-LON-01,2024-02-18,77
HHN-LON-01,2024-02-19,78
HHN-LON-01,2024-02-20,74
HHN-LON-01,2024-02-21,69
HHN-LON-01,2024-02-22,89
HHN-LON-01,2024-02-23,59
HHN-LON-01,2024-02-24,61
HHN-LON-01,2024-02-25,48
HHN-LON-01,2024-02-26,64
HHN-LON-01,2024-02-27,63
HHN-LON-01,2024-02-28,58
HHN-LON-01,2024-02-29,61
HHN-LON-01,2024-03-01,67
HHN-LON-01,2024-03-02,62
HHN-LON-01,2024-03-03,56
HHN-LON-01,2024-03-04,57
HHN-LON-01,2024-03-05,61
HHN-LON-01,2024-03-06,48
HHN-LON-01,2024-03-07,68
HHN-LON-01,2024-03-08,50
HHN-LON-01,2024-03-09,61
HHN-LON-01,2024-03-10,70
HHN-LON-01,2024-03-11,71
HHN-LON-01,2024-03-12,66
HHN-LON-01,2024-03-13,70
HHN-LON-01,2024-03-14,86
HHN-LON-01,2024-03-15,61
HHN-LON-01,2024-03-16,61
HHN-LON-01,2024-03-17,41
HHN-LON-01,2024-03-18,61
HHN-LON-01,2024-03-19,58
HHN-LON-01,2024-03-20,44
HHN-LON-01,2024-03-21,51
HHN-LON-01,2024-03-22,50
HHN-LON-01,2024-03-23,58
HHN-LON-01,2024-03-24,48
HHN-LON-01,2024-03-25,60
HHN-LON-01,2024-03-26,56
HHN-LON-01,2024-03-27,59
HHN-LON-01,2024-03-28,49
HHN-LON-01,2024-03-29,41
HHN-LON-01,2024-03-30,51
HHN-LON-01,2024-03-31,45
HHN-LON-01,2024-04-01,46
HHN-LON-01,2024-04-02,54
HHN-LON-01,2024-04-03,51
HHN-LON-01,2024-04-04,52
HHN-LON-01,2024-04-05,56
HHN-LON-01,2024-04-06,37
HHN-LON-01,2024-04-07,52
HHN-LON-01,2024-04-08,56
HHN-LON-01,2024-04-09,71
HHN-LON-01,2024-04-10,58
HHN-LON-01,2024-04-11,73
HHN-LON-01,2024-04-12,61
HHN-LON-01,2024-04-13,62
HHN-LON-01,2024-04-14,66
HHN-LON-01,2024-04-15,42
HHN-LON-01,2024-04-16,47
HHN-LON-01,2024-04-17,50
HHN-LON-01,2024-04-18,49
HHN-LON-01,2024-04-19,47
HHN-LON-01,2024-04-20,54
HHN-LON-01,2024-04-21,52
HHN-LON-01,2024-04-22,61
HHN-LON-01,2024-04-23,64
HHN-LON-01,2024-04-24,45
HHN-LON-01,2024-04-25,62
HHN-LON-01,2024-04-26,56
HHN-LON-01,2024-04-27,42
HHN-LON-01,2024-04-28,61
HHN-LON-01,2024-04-29,52
HHN-LON-01,2024-04-30,36
HHN-LON-01,2024-05-01,56
HHN-LON-01,2024-05-02,53
HHN-LON-01,2024-05-03,49
HHN-LON-01,2024-05-04,46
HHN-LON-01,2024-05-05,50
HHN-LON-01,2024-05-06,35
HHN-LON-01,2024-05-07,37
HHN-LON-01,2024-05-08,36
HHN-LON-01,2024-05-09,32
HHN-LON-01,2024-05-10,43
HHN-LON-01,2024-05-11,52
HHN-LON-01,2024-05-12,52
HHN-LON-01,2024-05-13,43
HHN-LON-01,2024-05-14,47
HHN-LON-01,2024-05-15,47
HHN-LON-01,2024-05-16,37
HHN-LON-01,2024-05-17,55
HHN-LON-01,2024-05-18,48
HHN-LON-01,2024-05-19,36
HHN-LON-01,2024-05-20,55
HHN-LON-01,2024-05-21,38
HHN-LON-01,2024-05-22,37
HHN-LON-01,2024-05-23,53
HHN-LON-01,2024-05-24,55
HHN-LON-01,2024-05-25,48
HHN-LON-01,2024-05-26,52
HHN-LON-01,2024-05-27,43
HHN-LON-01,2024-05-28,43
HHN-LON-01,2024-05-29,41
HHN-LON-01,2024-05-30,48
HHN-LON-01,2024-05-31,35
HHN-LON-01,2024-06-01,46
HHN-LON-01,2024-06-02,48
HHN-LON-01,2024-06-03,44
HHN-LON-01,2024-06-04,42
HHN-LON-01,2024-06-05,41
HHN-LON-01,2024-06-06,43
HHN-LON-01,2024-06-07,48
HHN-LON-01,2024-06-08,42
HHN-LON-01,2024-06-09,41
HHN-LON-01,2024-06-10,41
HHN-LON-01,2024-06-11,48
HHN-LON-01,2024-06-12,50
HHN-LON-01,2024-06-13,47
HHN-LON-01,2024-06-14,51
HHN-LON-01,2024-06-15,44
HHN-LON-01,2024-06-16,46
HHN-LON-01,2024-06-17,61
HHN-LON-01,2024-06-18,42
HHN-LON-01,2024-06-19,59
HHN-LON-01,2024-06-20,56
HHN-LON-01,2024-06-21,52
HHN-LON-01,2024-06-22,43
HHN-LON-01,2024-06-23,42
HHN-LON-01,2024-06-24,42
HHN-LON-01,2024-06-25,47
HHN-LON-01,2024-06-26,49
HHN-LON-01,2024-06-27,40
HHN-LON-01,2024-06-28,51
HHN-LON-01,2024-06-29,32
HHN-LON-01,2024-06-30,42
HHN-LON-01,2024-07-01,51
HHN-LON-01,2024-07-02,37
HHN-LON-01,2024-07-03,24
HHN-LON-01,2024-07-04,42
HHN-LON-01,2024-07-05,41
HHN-LON-01,2024-07-06,41
HHN-LON-01,2024-07-07,35
HHN-LON-01,2024-07-08,44
HHN-LON-01,2024-07-09,36
HHN-LON-01,2024-07-10,49
HHN-LON-01,2024-07-11,51
HHN-LON-01,2024-07-12,49
HHN-LON-01,2024-07-13,50
HHN-LON-01,2024-07-14,43
HHN-LON-01,2024-07-15,44
HHN-LON-01,2024-07-16,38
HHN-LON-01,2024-07-17,34
HHN-LON-01,2024-07-18,41
HHN-LON-01,2024-07-19,45
HHN-LON-01,2024-07-20,40
HHN-LON-01,2024-07-21,41
HHN-LON-01,2024-07-22,41
HHN-LON-01,2024-07-23,43
HHN-LON-01,2024-07-24,36
HHN-LON-01,2024-07-25,63
HHN-LON-01,2024-07-26,62
HHN-LON-01,2024-07-27,56
HHN-LON-01,2024-07-28,56
HHN-LON-01,2024-07-29,42
HHN-LON-01,2024-07-30,38
HHN-LON-01,2024-07-31,48
HHN-LON-01,2024-08-01,30
HHN-LON-01,2024-08-02,38
HHN-LON-01,2024-08-03,33
HHN-LON-01,2024-08-04,29
HHN-LON-01,2024-08-05,40
HHN-LON-01,2024-08-06,35
HHN-LON-01,2024-08-07,29
HHN-LON-01,2024-08-08,23
HHN-LON-01,2024-08-09,38
HHN-LON-01,2024-08-10,27
HHN-LON-01,2024-08-11,27
HHN-LON-01,2024-08-12,32
HHN-LON-01,2024-08-13,33
HHN-LON-01,2024-08-14,41
HHN-LON-01,2024-08-15,29
HHN-LON-01,2024-08-16,45
HHN-LON-01,2024-08-17,42
HHN-LON-01,2024-08-18,39
HHN-LON-01,2024-08-19,33
HHN-LON-01,2024-08-20,38
HHN-LON-01,2024-08-21,38
HHN-LON-01,2024-08-22,38
HHN-LON-01,2024-08-23,39
HHN-LON-01,2024-08-24,29
HHN-LON-01,2024-08-25,38
HHN-LON-01,2024-08-26,35
HHN-LON-01,2024-08-27,32
HHN-LON-01,2024-08-28,28
HHN-LON-01,2024-08-29,32
HHN-LON-01,2024-08-30,38
HHN-LON-01,2024-08-31,30
HHN-LON-01,2024-09-01,49
HHN-LON-01,2024-09-02,41
HHN-LON-01,2024-09-03,36
HHN-LON-01,2024-09-04,52
HHN-LON-01,2024-09-05,41
HHN-LON-01,2024-09-06,55
HHN-LON-01,2024-09-07,46
HHN-LON-01,2024-09-08,47
HHN-LON-01,2024-09-09,38
HHN-LON-01,2024-09-10,36
HHN-LON-01,2024-09-11,46
HHN-LON-01,2024-09-12,50
HHN-LON-01,2024-09-13,35
HHN-LON-01,2024-09-14,40
HHN-LON-01,2024-09-15,45
HHN-LON-01,2024-09-16,40
HHN-LON-01,2024-09-17,48
HHN-LON-01,2024-09-18,48
HHN-LON-01,2024-09-19,49
HHN-LON-01,2024-09-20,45
HHN-LON-01,2024-09-21,41
HHN-LON-01,2024-09-22,71
HHN-LON-01,2024-09-23,52
HHN-LON-01,2024-09-24,44
HHN-LON-01,2024-09-25,41
HHN-LON-01,2024-09-26,63
HHN-LON-01,2024-09-27,53
HHN-LON-01,2024-09-28,44
HHN-LON-01,2024-09-29,55
HHN-LON-01,2024-09-30,44
HHN-LON-01,2024-10-01,57
HHN-LON-01,2024-10-02,47
HHN-LON-01,2024-10-03,44
HHN-LON-01,2024-10-04,48
HHN-LON-01,2024-10-05,58
HHN-LON-01,2024-10-06,48
HHN-LON-01,2024-10-07,42
HHN-LON-01,2024-10-08,48
HHN-LON-01,2024-10-09,43
HHN-LON-01,2024-10-10,53
HHN-LON-01,2024-10-11,57
HHN-LON-01,2024-10-12,66
HHN-LON-01,2024-10-13,60
HHN-LON-01,2024-10-14,47
HHN-LON-01,2024-10-15,68
HHN-LON-01,2024-10-16,39
HHN-LON-01,2024-10-17,31
HHN-LON-01,2024-10-18,56
HHN-LON-01,2024-10-19,47
HHN-LON-01,2024-10-20,49
HHN-LON-01,2024-10-21,49
HHN-LON-01,2024-10-22,46
HHN-LON-01,2024-10-23,47
HHN-LON-01,2024-10-24,58
HHN-LON-01,2024-10-25,50
HHN-LON-01,2024-10-26,41
HHN-LON-01,2024-10-27,46
HHN-LON-01,2024-10-28,55
HHN-LON-01,2024-10-29,52
HHN-LON-01,2024-10-30,53
HHN-LON-01,2024-10-31,61
HHN-LON-01,2024-11-01,50
HHN-LON-01,2024-11-02,40
HHN-LON-01,2024-11-03,46
HHN-LON-01,2024-11-04,55
HHN-LON-01,2024-11-05,59
HHN-LON-01,2024-11-06,75
HHN-LON-01,2024-11-07,71
HHN-LON-01,2024-11-08,66
HHN-LON-01,2024-11-09,76
HHN-LON-01,2024-11-10,62
HHN-LON-01,2024-11-11,58
HHN-LON-01,2024-11-12,56
HHN-LON-01,2024-11-13,57
HHN-LON-01,2024-11-14,49
HHN-LON-01,2024-11-15,57
HHN-LON-01,2024-11-16,51
HHN-LON-01,2024-11-17,57
HHN-LON-01,2024-11-18,53
HHN-LON-01,2024-11-19,56
HHN-LON-01,2024-11-20,55
HHN-LON-01,2024-11-21,51
HHN-LON-01,2024-11-22,54
HHN-LON-01,2024-11-23,53
HHN-LON-01,2024-11-24,51
HHN-LON-01,2024-11-25,58
HHN-LON-01,2024-11-26,66
HHN-LON-01,2024-11-27,61
HHN-LON-01,2024-11-28,80
HHN-LON-01,2024-11-29,55
HHN-LON-01,2024-11-30,50
HHN-LON-01,2024-12-01,64
HHN-LON-01,2024-12-02,60
HHN-LON-01,2024-12-03,54
HHN-LON-01,2024-12-04,56
HHN-LON-01,2024-12-05,54
HHN-LON-01,2024-12-06,55
HHN-LON-01,2024-12-07,67
HHN-LON-01,2024-12-08,68
HHN-LON-01,2024-12-09,48
HHN-LON-01,2024-12-10,59
HHN-LON-01,2024-12-11,55
HHN-LON-01,2024-12-12,67
HHN-LON-01,2024-12-13,42
HHN-LON-01,2024-12-14,56
HHN-LON-01,2024-12-15,57
HHN-LON-01,2024-12-16,55
HHN-LON-01,2024-12-17,70
HHN-LON-01,2024-12-18,52
HHN-LON-01,2024-12-19,53
HHN-LON-01,2024-12-20,56
HHN-LON-01,2024-12-21,53
HHN-LON-01,2024-12-22,53
HHN-LON-01,2024-12-23,59
HHN-LON-01,2024-12-24,62
HHN-LON-01,2024-12-25,51
HHN-LON-01,2024-12-26,71
HHN-LON-01,2024-12-27,65
HHN-LON-01,2024-12-28,47
HHN-LON-01,2024-12-29,53
HHN-LON-01,2024-12-30,58
HHN-LON-01,2024-12-31,56
HHN-LON-01,2025-01-01,45
HHN-LON-01,2025-01-02,67
HHN-LON-01,2025-01-03,62
HHN-LON-01,2025-01-04,56
HHN-LON-01,2025-01-05,51
HHN-LON-01,2025-01-06,60
HHN-LON-01,2025-01-07,36
HHN-LON-01,2025-01-08,59
HHN-LON-01,2025-01-09,53
HHN-LON-01,2025-01-10,59
HHN-LON-01,2025-01-11,67
HHN-LON-01,2025-01-12,64
HHN-LON-01,2025-01-13,63
HHN-LON-01,2025-01-14,69
HHN-LON-01,2025-01-15,51
HHN-LON-01,2025-01-16,44
HHN-LON-01,2025-01-17,66
HHN-LON-01,2025-01-18,80
HHN-LON-01,2025-01-19,73
HHN-LON-01,2025-01-20,78
HHN-LON-01,2025-01-21,61
HHN-LON-01,2025-01-22,58
HHN-LON-01,2025-01-23,65
HHN-LON-01,2025-01-24,60
HHN-LON-01,2025-01-25,48
HHN-LON-01,2025-01-26,52
HHN-LON-01,2025-01-27,68
HHN-LON-01,2025-01-28,66
HHN-LON-01,2025-01-29,49
HHN-LON-01,2025-01-30,63
HHN-LON-01,2025-01-31,73
HHN-LON-01,2025-02-01,65
HHN-LON-01,2025-02-02,76
HHN-LON-01,2025-02-03,77
HHN-LON-01,2025-02-04,83
HHN-LON-01,2025-02-05,81
HHN-LON-01,2025-02-06,71
HHN-LON-01,2025-02-07,69
HHN-LON-01,2025-02-08,87
HHN-LON-01,2025-02-09,74
HHN-LON-01,2025-02-10,69
HHN-LON-01,2025-02-11,65
HHN-LON-01,2025-02-12,85
HHN-LON-01,2025-02-13,87
HHN-LON-01,2025-02-14,87
HHN-LON-01,2025-02-15,68
HHN-LON-01,2025-02-16,68
HHN-LON-01,2025-02-17,54
HHN-LON-01,2025-02-18,51
HHN-LON-01,2025-02-19,69
HHN-LON-01,2025-02-20,49
HHN-LON-01,2025-02-21,72
HHN-LON-01,2025-02-22,67
HHN-LON-01,2025-02-23,63
HHN-LON-01,2025-02-24,76
HHN-LON-01,2025-02-25,73
HHN-LON-01,2025-02-26,70
HHN-LON-01,2025-02-27,61
HHN-LON-01,2025-02-28,67
HHN-LON-01,2025-03-01,74
HHN-LON-01,2025-03-02,61
HHN-LON-01,2025-03-03,62
HHN-LON-01,2025-03-04,60
HHN-LON-01,2025-03-05,60
HHN-LON-01,2025-03-06,61
HHN-LON-01,2025-03-07,65
HHN-LON-01,2025-03-08,56
HHN-LON-01,2025-03-09,53
HHN-LON-01,2025-03-10,56
HHN-LON-01,2025-03-11,58
HHN-LON-01,2025-03-12,52
HHN-LON-01,2025-03-13,71
HHN-LON-01,2025-03-14,49
HHN-LON-01,2025-03-15,57
HHN-LON-01,2025-03-16,60
HHN-LON-01,2025-03-17,58
HHN-LON-01,2025-03-18,64
HHN-LON-01,2025-03-19,34
HHN-LON-01,2025-03-20,54
HHN-LON-01,2025-03-21,51
HHN-LON-01,2025-03-22,49
HHN-LON-01,2025-03-23,58
HHN-LON-01,2025-03-24,68
HHN-LON-01,2025-03-25,56
HHN-LON-01,2025-03-26,58
HHN-LON-01,2025-03-27,55
HHN-LON-01,2025-03-28,68
HHN-LON-01,2025-03-29,47
HHN-LON-01,2025-03-30,50
HHN-LON-01,2025-03-31,50
HHN-LON-01,2025-04-01,51
HHN-LON-01,2025-04-02,45
HHN-LON-01,2025-04-03,57
HHN-LON-01,2025-04-04,44
HHN-LON-01,2025-04-05,45
HHN-LON-01,2025-04-06,45
HHN-LON-01,2025-04-07,50
HHN-LON-01,2025-04-08,47
HHN-LON-01,2025-04-09,49
HHN-LON-01,2025-04-10,65
HHN-LON-01,2025-04-11,42
HHN-LON-01,2025-04-12,66
HHN-LON-01,2025-04-13,47
HHN-LON-01,2025-04-14,52
HHN-LON-01,2025-04-15,50
HHN-LON-01,2025-04-16,45
HHN-LON-01,2025-04-17,53
HHN-LON-01,2025-04-18,57
HHN-LON-01,2025-04-19,51
HHN-LON-01,2025-04-20,43
HHN-LON-01,2025-04-21,57
HHN-LON-01,2025-04-22,46
HHN-LON-01,2025-04-23,49
HHN-LON-01,2025-04-24,49
HHN-LON-01,2025-04-25,58
HHN-LON-01,2025-04-26,55
HHN-LON-01,2025-04-27,43
HHN-LON-01,2025-04-28,55
HHN-LON-01,2025-04-29,47
HHN-LON-01,2025-04-30,52
HHN-LON-01,2025-05-01,52
HHN-LON-01,2025-05-02,49
HHN-LON-01,2025-05-03,55
HHN-LON-01,2025-05-04,44
HHN-LON-01,2025-05-05,42
HHN-LON-01,2025-05-06,51
HHN-LON-01,2025-05-07,58
HHN-LON-01,2025-05-08,45
HHN-LON-01,2025-05-09,53
HHN-LON-01,2025-05-10,58
HHN-LON-01,2025-05-11,52
HHN-LON-01,2025-05-12,60
HHN-LON-01,2025-05-13,50
HHN-LON-01,2025-05-14,52
HHN-LON-01,2025-05-15,48
HHN-LON-01,2025-05-16,63
HHN-LON-01,2025-05-17,36
HHN-LON-01,2025-05-18,46
HHN-LON-01,2025-05-19,32
HHN-LON-01,2025-05-20,42
HHN-LON-01,2025-05-21,37
HHN-LON-01,2025-05-22,42
HHN-LON-01,2025-05-23,48
HHN-LON-01,2025-05-24,56
HHN-LON-01,2025-05-25,55
HHN-LON-01,2025-05-26,65
HHN-LON-01,2025-05-27,49
HHN-LON-01,2025-05-28,46
HHN-LON-01,2025-05-29,63
HHN-LON-01,2025-05-30,54
HHN-LON-01,2025-05-31,52
HHN-LON-01,2025-06-01,48
HHN-LON-01,2025-06-02,56
HHN-LON-01,2025-06-03,51
HHN-LON-01,2025-06-04,47
HHN-LON-01,2025-06-05,48
HHN-LON-01,2025-06-06,53
HHN-LON-01,2025-06-07,49
HHN-LON-01,2025-06-08,31
HHN-LON-01,2025-06-09,46
HHN-LON-01,2025-06-10,43
HHN-LON-01,2025-06-11,45
HHN-LON-01,2025-06-12,49
HHN-LON-01,2025-06-13,51
HHN-LON-01,2025-06-14,39
HHN-LON-01,2025-06-15,39
HHN-LON-01,2025-06-16,42
HHN-LON-01,2025-06-17,36
HHN-LON-01,2025-06-18,34
HHN-LON-01,2025-06-19,36
HHN-LON-01,2025-06-20,53
HHN-LON-01,2025-06-21,42
HHN-LON-01,2025-06-22,42
HHN-LON-01,2025-06-23,39
HHN-LON-01,2025-06-24,42
HHN-LON-01,2025-06-25,38
HHN-LON-01,2025-06-26,56
HHN-LON-01,2025-06-27,49
HHN-LON-01,2025-06-28,49
HHN-LON-01,2025-06-29,55
HHN-LON-01,2025-06-30,42
HHN-LON-01,2025-07-01,29
HHN-LON-01,2025-07-02,52
HHN-LON-01,2025-07-03,35
HHN-LON-01,2025-07-04,47
HHN-LON-01,2025-07-05,48
HHN-LON-01,2025-07-06,53
HHN-LON-01,2025-07-07,48
HHN-LON-01,2025-07-08,38
HHN-LON-01,2025-07-09,51
HHN-LON-01,2025-07-10,47
HHN-LON-01,2025-07-11,53
HHN-LON-01,2025-07-12,46
HHN-LON-01,2025-07-13,32
HHN-LON-01,2025-07-14,57
HHN-LON-01,2025-07-15,49
HHN-LON-01,2025-07-16,44
HHN-LON-01,2025-07-17,50
HHN-LON-01,2025-07-18,47
HHN-LON-01,2025-07-19,46
HHN-LON-01,2025-07-20,46
HHN-LON-01,2025-07-21,54
HHN-LON-01,2025-07-22,46
HHN-LON-01,2025-07-23,47
HHN-LON-01,2025-07-24,45
HHN-LON-01,2025-07-25,49
HHN-LON-01,2025-07-26,51
HHN-LON-01,2025-07-27,51
HHN-LON-01,2025-07-28,55
HHN-LON-01,2025-07-29,59
HHN-LON-01,2025-07-30,47
HHN-LON-01,2025-07-31,44
HHN-LON-01,2025-08-01,62
HHN-LON-01,2025-08-02,52
HHN-LON-01,2025-08-03,36
HHN-LON-01,2025-08-04,35
HHN-LON-01,2025-08-05,47
HHN-LON-01,2025-08-06,38
HHN-LON-01,2025-08-07,28
HHN-LON-01,2025-08-08,44
HHN-LON-01,2025-08-09,43
HHN-LON-01,2025-08-10,37
HHN-LON-01,2025-08-11,26
HHN-LON-01,2025-08-12,43
HHN-LON-01,2025-08-13,35
HHN-LON-01,2025-08-14,33
HHN-LON-01,2025-08-15,55
HHN-LON-01,2025-08-16,50
HHN-LON-01,2025-08-17,43
HHN-LON-01,2025-08-18,41
HHN-LON-01,2025-08-19,45
HHN-LON-01,2025-08-20,37
HHN-LON-01,2025-08-21,31
HHN-LON-01,2025-08-22,40
HHN-LON-01,2025-08-23,45
HHN-LON-01,2025-08-24,39
HHN-LON-01,2025-08-25,50
HHN-LON-01,2025-08-26,34
HHN-LON-01,2025-08-27,40
HHN-LON-01,2025-08-28,43
HHN-LON-01,2025-08-29,30
HHN-LON-01,2025-08-30,30
HHN-LON-01,2025-08-31,38
HHN-LON-01,2025-09-01,52
HHN-LON-01,2025-09-02,48
HHN-LON-01,2025-09-03,42
HHN-LON-01,2025-09-04,44
HHN-LON-01,2025-09-05,52
HHN-LON-01,2025-09-06,58
HHN-LON-01,2025-09-07,50
HHN-LON-01,2025-09-08,45
HHN-LON-01,2025-09-09,43
HHN-LON-01,2025-09-10,47
HHN-LON-01,2025-09-11,52
HHN-LON-01,2025-09-12,45
HHN-LON-01,2025-09-13,47
HHN-LON-01,2025-09-14,41
HHN-LON-01,2025-09-15,56
HHN-LON-01,2025-09-16,44
HHN-LON-01,2025-09-17,38
HHN-LON-01,2025-09-18,46
HHN-LON-01,2025-09-19,52
HHN-LON-01,2025-09-20,34
HHN-LON-01,2025-09-21,41
HHN-LON-01,2025-09-22,47
HHN-LON-01,2025-09-23,45
HHN-LON-01,2025-09-24,41
HHN-LON-01,2025-09-25,36
HHN-LON-01,2025-09-26,41
HHN-LON-01,2025-09-27,48
HHN-LON-01,2025-09-28,52
HHN-LON-01,2025-09-29,57
HHN-LON-01,2025-09-30,34
HHN-LON-01,2025-10-01,47
HHN-LON-01,2025-10-02,44
HHN-LON-01,2025-10-03,50
HHN-LON-01,2025-10-04,58
HHN-LON-01,2025-10-05,52
HHN-LON-01,2025-10-06,48
HHN-LON-01,2025-10-07,46
HHN-LON-01,2025-10-08,46
HHN-LON-01,2025-10-09,43
HHN-LON-01,2025-10-10,46
HHN-LON-01,2025-10-11,56
HHN-LON-01,2025-10-12,60
HHN-LON-01,2025-10-13,64
HHN-LON-01,2025-10-14,47
HHN-LON-01,2025-10-15,45
HHN-LON-01,2025-10-16,52
HHN-LON-01,2025-10-17,45
HHN-LON-01,2025-10-18,53
HHN-LON-01,2025-10-19,63
HHN-LON-01,2025-10-20,69
HHN-LON-01,2025-10-21,64
HHN-LON-01,2025-10-22,70
HHN-LON-01,2025-10-23,57
HHN-LON-01,2025-10-24,46
HHN-LON-01,2025-10-25,46
HHN-LON-01,2025-10-26,49
HHN-LON-01,2025-10-27,47
HHN-LON-01,2025-10-28,44
HHN-LON-01,2025-10-29,45
HHN-LON-01,2025-10-30,59
HHN-LON-01,2025-10-31,55
HHN-LON-01,2025-11-01,56
HHN-LON-01,2025-11-02,39
HHN-LON-01,2025-11-03,54
HHN-LON-01,2025-11-04,42
HHN-LON-01,2025-11-05,56
HHN-LON-01,2025-11-06,49
HHN-LON-01,2025-11-07,50
HHN-LON-01,2025-11-08,58
HHN-LON-01,2025-11-09,62
HHN-LON-01,2025-11-10,62
HHN-LON-01,2025-11-11,48
HHN-LON-01,2025-11-12,47
HHN-LON-01,2025-11-13,49
HHN-LON-01,2025-11-14,66
HHN-LON-01,2025-11-15,57
HHN-LON-01,2025-11-16,52
HHN-LON-01,2025-11-17,56
HHN-LON-01,2025-11-18,55
HHN-LON-01,2025-11-19,61
HHN-LON-01,2025-11-20,58
HHN-LON-01,2025-11-21,55
HHN-LON-01,2025-11-22,41
HHN-LON-01,2025-11-23,59
HHN-LON-01,2025-11-24,49
HHN-LON-01,2025-11-25,52
HHN-LON-01,2025-11-26,56
HHN-LON-01,2025-11-27,51
HHN-LON-01,2025-11-28,54
HHN-LON-01,2025-11-29,63
HHN-LON-01,2025-11-30,52
HHN-LON-01,2025-12-01,53
HHN-LON-01,2025-12-02,56
HHN-LON-01,2025-12-03,56
HHN-LON-01,2025-12-04,45
HHN-LON-01,2025-12-05,55
HHN-LON-01,2025-12-06,58
HHN-LON-01,2025-12-07,69
HHN-LON-01,2025-12-08,54
HHN-LON-01,2025-12-09,48
HHN-LON-01,2025-12-10,52
HHN-LON-01,2025-12-11,78
HHN-LON-01,2025-12-12,71
HHN-LON-01,2025-12-13,67
HHN-LON-01,2025-12-14,72
HHN-LON-01,2025-12-15,52
HHN-LON-01,2025-12-16,58
HHN-LON-01,2025-12-17,56
HHN-LON-01,2025-12-18,46
HHN-LON-01,2025-12-19,57
HHN-LON-01,2025-12-20,58
HHN-LON-01,2025-12-21,55
HHN-LON-01,2025-12-22,45
HHN-LON-01,2025-12-23,66
HHN-LON-01,2025-12-24,53
HHN-LON-01,2025-12-25,55
HHN-LON-01,2025-12-26,57
HHN-LON-01,2025-12-27,57
HHN-LON-01,2025-12-28,56
HHN-LON-01,2025-12-29,47
HHN-LON-01,2025-12-30,66
HHN-LON-01,2025-12-31,59
HHN-LON-01,2026-01-01,57
HHN-LON-01,2026-01-02,50
HHN-LON-01,2026-01-03,44
HHN-LON-01,2026-01-04,22
HHN-LON-01,2026-01-05,16
HHN-LON-01,2026-01-06,9
HHN-LON-01,2026-01-07,4
HHN-LON-01,2026-01-08,4
HHN-LON-01,2026-01-09,3
HHN-LON-01,2026-01-11,2
HHN-LON-01,2026-01-12,3
HHN-LON-01,2026-01-14,2
HHN-LON-01,2026-01-15,1
HHN-LON-01,2026-01-17,2
HHN-LON-01,2026-01-19,2
HHN-LON-01,2026-01-20,1
HHN-LON-01,2026-01-22,1
HHN-LON-02,2024-01-01,1
HHN-LON-02,2024-01-02,13
HHN-LON-02,2024-01-03,22
HHN-LON-02,2024-01-04,21
HHN-LON-02,2024-01-05,26
HHN-LON-02,2024-01-06,26
HHN-LON-02,2024-01-07,33
HHN-LON-02,2024-01-08,44
HHN-LON-02,2024-01-09,34
HHN-LON-02,2024-01-10,50
HHN-LON-02,2024-01-11,43
HHN-LON-02,2024-01-12,45
HHN-LON-02,2024-01-13,34
HHN-LON-02,2024-01-14,34
HHN-LON-02,2024-01-15,40
HHN-LON-02,2024-01-16,32
HHN-LON-02,2024-01-17,38
HHN-LON-02,2024-01-18,36
HHN-LON-02,2024-01-19,47
HHN-LON-02,2024-01-20,36
HHN-LON-02,2024-01-21,38
HHN-LON-02,2024-01-22,36
HHN-LON-02,2024-01-23,44
HHN-LON-02,2024-01-24,52
HHN-LON-02,2024-01-25,38
HHN-LON-02,2024-01-26,42
HHN-LON-02,2024-01-27,40
HHN-LON-02,2024-01-28,40
HHN-LON-02,2024-01-29,35
HHN-LON-02,2024-01-30,47
HHN-LON-02,2024-01-31,45
HHN-LON-02,2024-02-01,45
HHN-LON-02,2024-02-02,36
HHN-LON-02,2024-02-03,37
HHN-LON-02,2024-02-04,42
HHN-LON-02,2024-02-05,43
HHN-LON-02,2024-02-06,39
HHN-LON-02,2024-02-07,40
HHN-LON-02,2024-02-08,51
HHN-LON-02,2024-02-09,44
HHN-LON-02,2024-02-10,44
HHN-LON-02,2024-02-11,59
HHN-LON-02,2024-02-12,59
HHN-LON-02,2024-02-13,61
HHN-LON-02,2024-02-14,49
HHN-LON-02,2024-02-15,66
HHN-LON-02,2024-02-16,39
HHN-LON-02,2024-02-17,60
HHN-LON-02,2024-02-18,41
HHN-LON-02,2024-02-19,37
HHN-LON-02,2024-02-20,38
HHN-LON-02,2024-02-21,37
HHN-LON-02,2024-02-22,32
HHN-LON-02,2024-02-23,46
HHN-LON-02,2024-02-24,46
HHN-LON-02,2024-02-25,55
HHN-LON-02,2024-02-26,50
HHN-LON-02,2024-02-27,45
HHN-LON-02,2024-02-28,36
HHN-LON-02,2024-02-29,31
HHN-LON-02,2024-03-01,52
HHN-LON-02,2024-03-02,41
HHN-LON-02,2024-03-03,51
HHN-LON-02,2024-03-04,57
HHN-LON-02,2024-03-05,40
HHN-LON-02,2024-03-06,45
HHN-LON-02,2024-03-07,30
HHN-LON-02,2024-03-08,44
HHN-LON-02,2024-03-09,39
HHN-LON-02,2024-03-10,41
HHN-LON-02,2024-03-11,38
HHN-LON-02,2024-03-12,34
HHN-LON-02,2024-03-13,40
HHN-LON-02,2024-03-14,47
HHN-LON-02,2024-03-15,38
HHN-LON-02,2024-03-16,35
HHN-LON-02,2024-03-17,36
HHN-LON-02,2024-03-18,47
HHN-LON-02,2024-03-19,28
HHN-LON-02,2024-03-20,39
HHN-LON-02,2024-03-21,44
HHN-LON-02,2024-03-22,40
HHN-LON-02,2024-03-23,52
HHN-LON-02,2024-03-24,50
HHN-LON-02,2024-03-25,43
HHN-LON-02,2024-03-26,32
HHN-LON-02,2024-03-27,53
HHN-LON-02,2024-03-28,44
HHN-LON-02,2024-03-29,31
HHN-LON-02,2024-03-30,30
HHN-LON-02,2024-03-31,35
HHN-LON-02,2024-04-01,27
HHN-LON-02,2024-04-02,34
HHN-LON-02,2024-04-03,27
HHN-LON-02,2024-04-04,39
HHN-LON-02,2024-04-05,45
HHN-LON-02,2024-04-06,42
HHN-LON-02,2024-04-07,35
HHN-LON-02,2024-04-08,50
HHN-LON-02,2024-04-09,37
HHN-LON-02,2024-04-10,34
HHN-LON-02,2024-04-11,34
HHN-LON-02,2024-04-12,31
HHN-LON-02,2024-04-13,24
HHN-LON-02,2024-04-14,32
HHN-LON-02,2024-04-15,36
HHN-LON-02,2024-04-16,23
HHN-LON-02,2024-04-17,38
HHN-LON-02,2024-04-18,41
HHN-LON-02,2024-04-19,37
HHN-LON-02,2024-04-20,30
HHN-LON-02,2024-04-21,41
HHN-LON-02,2024-04-22,31
HHN-LON-02,2024-04-23,33
HHN-LON-02,2024-04-24,18
HHN-LON-02,2024-04-25,29
HHN-LON-02,2024-04-26,37
HHN-LON-02,2024-04-27,39
HHN-LON-02,2024-04-28,29
HHN-LON-02,2024-04-29,41
HHN-LON-02,2024-04-30,24
HHN-LON-02,2024-05-01,50
HHN-LON-02,2024-05-02,26
HHN-LON-02,2024-05-03,37
HHN-LON-02,2024-05-04,27
HHN-LON-02,2024-05-05,23
HHN-LON-02,2024-05-06,32
HHN-LON-02,2024-05-07,25
HHN-LON-02,2024-05-08,13
HHN-LON-02,2024-05-09,24
HHN-LON-02,2024-05-10,39
HHN-LON-02,2024-05-11,21
HHN-LON-02,2024-05-12,35
HHN-LON-02,2024-05-13,41
HHN-LON-02,2024-05-14,28
HHN-LON-02,2024-05-15,36
HHN-LON-02,2024-05-16,32
HHN-LON-02,2024-05-17,35
HHN-LON-02,2024-05-18,33
HHN-LON-02,2024-05-19,34
HHN-LON-02,2024-05-20,31
HHN-LON-02,2024-05-21,38
HHN-LON-02,2024-05-22,34
HHN-LON-02,2024-05-23,34
HHN-LON-02,2024-05-24,40
HHN-LON-02,2024-05-25,26
HHN-LON-02,2024-05-26,33
HHN-LON-02,2024-05-27,30
HHN-LON-02,2024-05-28,27
HHN-LON-02,2024-05-29,35
HHN-LON-02,2024-05-30,31
HHN-LON-02,2024-05-31,31
HHN-LON-02,2024-06-01,35
HHN-LON-02,2024-06-02,36
HHN-LON-02,2024-06-03,38
HHN-LON-02,2024-06-04,31
HHN-LON-02,2024-06-05,35
HHN-LON-02,2024-06-06,30
HHN-LON-02,2024-06-07,23
HHN-LON-02,2024-06-08,26
HHN-LON-02,2024-06-09,30
HHN-LON-02,2024-06-10,37
HHN-LON-02,2024-06-11,31
HHN-LON-02,2024-06-12,20
HHN-LON-02,2024-06-13,35
HHN-LON-02,2024-06-14,39
HHN-LON-02,2024-06-15,30
HHN-LON-02,2024-06-16,31
HHN-LON-02,2024-06-17,25
HHN-LON-02,2024-06-18,22
HHN-LON-02,2024-06-19,21
HHN-LON-02,2024-06-20,25
HHN-LON-02,2024-06-21,35
HHN-LON-02,2024-06-22,39
HHN-LON-02,2024-06-23,29
HHN-LON-02,2024-06-24,28
HHN-LON-02,2024-06-25,27
HHN-LON-02,2024-06-26,30
HHN-LON-02,2024-06-27,37
HHN-LON-02,2024-06-28,42
HHN-LON-02,2024-06-29,38
HHN-LON-02,2024-06-30,32
HHN-LON-02,2024-07-01,30
HHN-LON-02,2024-07-02,30
HHN-LON-02,2024-07-03,38
HHN-LON-02,2024-07-04,29
HHN-LON-02,2024-07-05,39
HHN-LON-02,2024-07-06,37
HHN-LON-02,2024-07-07,29
HHN-LON-02,2024-07-08,40
HHN-LON-02,2024-07-09,21
HHN-LON-02,2024-07-10,39
HHN-LON-02,2024-07-11,33
HHN-LON-02,2024-07-12,28
HHN-LON-02,2024-07-13,37
HHN-LON-02,2024-07-14,33
HHN-LON-02,2024-07-15,24
HHN-LON-02,2024-07-16,30
HHN-LON-02,2024-07-17,33
HHN-LON-02,2024-07-18,33
HHN-LON-02,2024-07-19,44
HHN-LON-02,2024-07-20,37
HHN-LON-02,2024-07-21,31
HHN-LON-02,2024-07-22,32
HHN-LON-02,2024-07-23,47
HHN-LON-02,2024-07-24,39
HHN-LON-02,2024-07-25,31
HHN-LON-02,2024-07-26,41
HHN-LON-02,2024-07-27,32
HHN-LON-02,2024-07-28,29
HHN-LON-02,2024-07-29,31
HHN-LON-02,2024-07-30,28
HHN-LON-02,2024-07-31,21
HHN-LON-02,2024-08-01,35
HHN-LON-02,2024-08-02,27
HHN-LON-02,2024-08-03,30
HHN-LON-02,2024-08-04,25
HHN-LON-02,2024-08-05,20
HHN-LON-02,2024-08-06,28
HHN-LON-02,2024-08-07,30
HHN-LON-02,2024-08-08,32
HHN-LON-02,2024-08-09,30
HHN-LON-02,2024-08-10,23
HHN-LON-02,2024-08-11,32
HHN-LON-02,2024-08-12,29
HHN-LON-02,2024-08-13,32
HHN-LON-02,2024-08-14,19
HHN-LON-02,2024-08-15,23
HHN-LON-02,2024-08-16,27
HHN-LON-02,2024-08-17,18
HHN-LON-02,2024-08-18,21
HHN-LON-02,2024-08-19,23
HHN-LON-02,2024-08-20,23
HHN-LON-02,2024-08-21,18
HHN-LON-02,2024-08-22,18
HHN-LON-02,2024-08-23,27
HHN-LON-02,2024-08-24,27
HHN-LON-02,2024-08-25,20
HHN-LON-02,2024-08-26,28
HHN-LON-02,2024-08-27,33
HHN-LON-02,2024-08-28,29
HHN-LON-02,2024-08-29,30
HHN-LON-02,2024-08-30,24
HHN-LON-02,2024-08-31,32
HHN-LON-02,2024-09-01,26
HHN-LON-02,2024-09-02,36
HHN-LON-02,2024-09-03,35
HHN-LON-02,2024-09-04,36
HHN-LON-02,2024-09-05,34
HHN-LON-02,2024-09-06,41
HHN-LON-02,2024-09-07,39
HHN-LON-02,2024-09-08,24
HHN-LON-02,2024-09-09,32
HHN-LON-02,2024-09-10,41
HHN-LON-02,2024-09-11,45
HHN-LON-02,2024-09-12,38
HHN-LON-02,2024-09-13,29
HHN-LON-02,2024-09-14,25
HHN-LON-02,2024-09-15,41
HHN-LON-02,2024-09-16,45
HHN-LON-02,2024-09-17,44
HHN-LON-02,2024-09-18,43
HHN-LON-02,2024-09-19,33
HHN-LON-02,2024-09-20,26
HHN-LON-02,2024-09-21,32
HHN-LON-02,2024-09-22,26
HHN-LON-02,2024-09-23,31
HHN-LON-02,2024-09-24,34
HHN-LON-02,2024-09-25,43
HHN-LON-02,2024-09-26,44
HHN-LON-02,2024-09-27,29
HHN-LON-02,2024-09-28,24
HHN-LON-02,2024-09-29,37
HHN-LON-02,2024-09-30,33
HHN-LON-02,2024-10-01,34
HHN-LON-02,2024-10-02,45
HHN-LON-02,2024-10-03,43
HHN-LON-02,2024-10-04,47
HHN-LON-02,2024-10-05,38
HHN-LON-02,2024-10-06,44
HHN-LON-02,2024-10-07,38
HHN-LON-02,2024-10-08,40
HHN-LON-02,2024-10-09,42
HHN-LON-02,2024-10-10,58
HHN-LON-02,2024-10-11,40
HHN-LON-02,2024-10-12,49
HHN-LON-02,2024-10-13,44
HHN-LON-02,2024-10-14,40
HHN-LON-02,2024-10-15,38
HHN-LON-02,2024-10-16,32
HHN-LON-02,2024-10-17,31
HHN-LON-02,2024-10-18,39
HHN-LON-02,2024-10-19,29
HHN-LON-02,2024-10-20,31
HHN-LON-02,2024-10-21,30
HHN-LON-02,2024-10-22,32
HHN-LON-02,2024-10-23,33
HHN-LON-02,2024-10-24,30
HHN-LON-02,2024-10-25,32
HHN-LON-02,2024-10-26,32
HHN-LON-02,2024-10-27,46
HHN-LON-02,2024-10-28,46
HHN-LON-02,2024-10-29,31
HHN-LON-02,2024-10-30,60
HHN-LON-02,2024-10-31,43
HHN-LON-02,2024-11-01,49
HHN-LON-02,2024-11-02,40
HHN-LON-02,2024-11-03,41
HHN-LON-02,2024-11-04,40
HHN-LON-02,2024-11-05,31
HHN-LON-02,2024-11-06,35
HHN-LON-02,2024-11-07,33
HHN-LON-02,2024-11-08,44
HHN-LON-02,2024-11-09,46
HHN-LON-02,2024-11-10,49
HHN-LON-02,2024-11-11,41
HHN-LON-02,2024-11-12,39
HHN-LON-02,2024-11-13,41
HHN-LON-02,2024-11-14,43
HHN-LON-02,2024-11-15,48
HHN-LON-02,2024-11-16,37
HHN-LON-02,2024-11-17,31
HHN-LON-02,2024-11-18,32
HHN-LON-02,2024-11-19,37
HHN-LON-02,2024-11-20,38
HHN-LON-02,2024-11-21,55
HHN-LON-02,2024-11-22,42
HHN-LON-02,2024-11-23,43
HHN-LON-02,2024-11-24,25
HHN-LON-02,2024-11-25,39
HHN-LON-02,2024-11-26,41
HHN-LON-02,2024-11-27,33
HHN-LON-02,2024-11-28,32
HHN-LON-02,2024-11-29,40
HHN-LON-02,2024-11-30,44
HHN-LON-02,2024-12-01,28
HHN-LON-02,2024-12-02,36
HHN-LON-02,2024-12-03,41
HHN-LON-02,2024-12-04,37
HHN-LON-02,2024-12-05,39
HHN-LON-02,2024-12-06,48
HHN-LON-02,2024-12-07,44
HHN-LON-02,2024-12-08,45
HHN-LON-02,2024-12-09,43
HHN-LON-02,2024-12-10,45
HHN-LON-02,2024-12-11,35
HHN-LON-02,2024-12-12,38
HHN-LON-02,2024-12-13,53
HHN-LON-02,2024-12-14,46
HHN-LON-02,2024-12-15,46
HHN-LON-02,2024-12-16,33
HHN-LON-02,2024-12-17,38
HHN-LON-02,2024-12-18,35
HHN-LON-02,2024-12-19,30
HHN-LON-02,2024-12-20,45
HHN-LON-02,2024-12-21,39
HHN-LON-02,2024-12-22,36
HHN-LON-02,2024-12-23,35
HHN-LON-02,2024-12-24,31
HHN-LON-02,2024-12-25,34
HHN-LON-02,2024-12-26,45
HHN-LON-02,2024-12-27,34
HHN-LON-02,2024-12-28,27
HHN-LON-02,2024-12-29,32
HHN-LON-02,2024-12-30,40
HHN-LON-02,2024-12-31,39
HHN-LON-02,2025-01-01,42
HHN-LON-02,2025-01-02,21
HHN-LON-02,2025-01-03,29
HHN-LON-02,2025-01-04,30
HHN-LON-02,2025-01-05,44
HHN-LON-02,2025-01-06,32
HHN-LON-02,2025-01-07,26
HHN-LON-02,2025-01-08,49
HHN-LON-02,2025-01-09,43
HHN-LON-02,2025-01-10,42
HHN-LON-02,2025-01-11,47
HHN-LON-02,2025-01-12,41
HHN-LON-02,2025-01-13,47
HHN-LON-02,2025-01-14,42
HHN-LON-02,2025-01-15,41
HHN-LON-02,2025-01-16,34
HHN-LON-02,2025-01-17,37
HHN-LON-02,2025-01-18,27
HHN-LON-02,2025-01-19,45
HHN-LON-02,2025-01-20,37
HHN-LON-02,2025-01-21,51
HHN-LON-02,2025-01-22,43
HHN-LON-02,2025-01-23,41
HHN-LON-02,2025-01-24,55
HHN-LON-02,2025-01-25,45
HHN-LON-02,2025-01-26,58
HHN-LON-02,2025-01-27,50
HHN-LON-02,2025-01-28,40
HHN-LON-02,2025-01-29,42
HHN-LON-02,2025-01-30,57
HHN-LON-02,2025-01-31,45
HHN-LON-02,2025-02-01,47
HHN-LON-02,2025-02-02,48
HHN-LON-02,2025-02-03,49
HHN-LON-02,2025-02-04,51
HHN-LON-02,2025-02-05,58
HHN-LON-02,2025-02-06,47
HHN-LON-02,2025-02-07,41
HHN-LON-02,2025-02-08,38
HHN-LON-02,2025-02-09,31
HHN-LON-02,2025-02-10,46
HHN-LON-02,2025-02-11,46
HHN-LON-02,2025-02-12,43
HHN-LON-02,2025-02-13,40
HHN-LON-02,2025-02-14,49
HHN-LON-02,2025-02-15,48
HHN-LON-02,2025-02-16,39
HHN-LON-02,2025-02-17,56
HHN-LON-02,2025-02-18,51
HHN-LON-02,2025-02-19,42
HHN-LON-02,2025-02-20,47
HHN-LON-02,2025-02-21,41
HHN-LON-02,2025-02-22,31
HHN-LON-02,2025-02-23,37
HHN-LON-02,2025-02-24,43
HHN-LON-02,2025-02-25,32
HHN-LON-02,2025-02-26,37
HHN-LON-02,2025-02-27,35
HHN-LON-02,2025-02-28,37
HHN-LON-02,2025-03-01,39
HHN-LON-02,2025-03-02,37
HHN-LON-02,2025-03-03,38
HHN-LON-02,2025-03-04,39
HHN-LON-02,2025-03-05,45
HHN-LON-02,2025-03-06,43
HHN-LON-02,2025-03-07,38
HHN-LON-02,2025-03-08,41
HHN-LON-02,2025-03-09,45
HHN-LON-02,2025-03-10,36
HHN-LON-02,2025-03-11,39
HHN-LON-02,2025-03-12,33
HHN-LON-02,2025-03-13,30
HHN-LON-02,2025-03-14,38
HHN-LON-02,2025-03-15,38
HHN-LON-02,2025-03-16,44
HHN-LON-02,2025-03-17,40
HHN-LON-02,2025-03-18,42
HHN-LON-02,2025-03-19,38
HHN-LON-02,2025-03-20,33
HHN-LON-02,2025-03-21,32
HHN-LON-02,2025-03-22,38
HHN-LON-02,2025-03-23,31
HHN-LON-02,2025-03-24,44
HHN-LON-02,2025-03-25,47
HHN-LON-02,2025-03-26,52
HHN-LON-02,2025-03-27,37
HHN-LON-02,2025-03-28,46
HHN-LON-02,2025-03-29,34
HHN-LON-02,2025-03-30,36
HHN-LON-02,2025-03-31,29
HHN-LON-02,2025-04-01,32
HHN-LON-02,2025-04-02,48
HHN-LON-02,2025-04-03,34
HHN-LON-02,2025-04-04,38
HHN-LON-02,2025-04-05,37
HHN-LON-02,2025-04-06,37
HHN-LON-02,2025-04-07,42
HHN-LON-02,2025-04-08,33
HHN-LON-02,2025-04-09,36
HHN-LON-02,2025-04-10,28
HHN-LON-02,2025-04-11,41
HHN-LON-02,2025-04-12,40
HHN-LON-02,2025-04-13,30
HHN-LON-02,2025-04-14,46
HHN-LON-02,2025-04-15,40
HHN-LON-02,2025-04-16,42
HHN-LON-02,2025-04-17,42
HHN-LON-02,2025-04-18,37
HHN-LON-02,2025-04-19,37
HHN-LON-02,2025-04-20,30
HHN-LON-02,2025-04-21,23
HHN-LON-02,2025-04-22,22
HHN-LON-02,2025-04-23,34
HHN-LON-02,2025-04-24,23
HHN-LON-02,2025-04-25,32
HHN-LON-02,2025-04-26,29
HHN-LON-02,2025-04-27,37
HHN-LON-02,2025-04-28,35
HHN-LON-02,2025-04-29,30
HHN-LON-02,2025-04-30,29
HHN-LON-02,2025-05-01,40
HHN-LON-02,2025-05-02,49
HHN-LON-02,2025-05-03,44
HHN-LON-02,2025-05-04,31
HHN-LON-02,2025-05-05,29
HHN-LON-02,2025-05-06,28
HHN-LON-02,2025-05-07,26
HHN-LON-02,2025-05-08,24
HHN-LON-02,2025-05-09,34
HHN-LON-02,2025-05-10,37
HHN-LON-02,2025-05-11,45
HHN-LON-02,2025-05-12,36
HHN-LON-02,2025-05-13,41
HHN-LON-02,2025-05-14,42
HHN-LON-02,2025-05-15,41
HHN-LON-02,2025-05-16,49
HHN-LON-02,2025-05-17,23
HHN-LON-02,2025-05-18,31
HHN-LON-02,2025-05-19,29
HHN-LON-02,2025-05-20,22
HHN-LON-02,2025-05-21,34
HHN-LON-02,2025-05-22,28
HHN-LON-02,2025-05-23,42
HHN-LON-02,2025-05-24,40
HHN-LON-02,2025-05-25,38
HHN-LON-02,2025-05-26,23
HHN-LON-02,2025-05-27,27
HHN-LON-02,2025-05-28,30
HHN-LON-02,2025-05-29,31
HHN-LON-02,2025-05-30,25
HHN-LON-02,2025-05-31,29
HHN-LON-02,2025-06-01,36
HHN-LON-02,2025-06-02,47
HHN-LON-02,2025-06-03,42
HHN-LON-02,2025-06-04,49
HHN-LON-02,2025-06-05,47
HHN-LON-02,2025-06-06,38
HHN-LON-02,2025-06-07,30
HHN-LON-02,2025-06-08,27
HHN-LON-02,2025-06-09,30
HHN-LON-02,2025-06-10,37
HHN-LON-02,2025-06-11,35
HHN-LON-02,2025-06-12,30
HHN-LON-02,2025-06-13,35
HHN-LON-02,2025-06-14,33
HHN-LON-02,2025-06-15,35
HHN-LON-02,2025-06-16,33
HHN-LON-02,2025-06-17,24
HHN-LON-02,2025-06-18,35
HHN-LON-02,2025-06-19,38
HHN-LON-02,2025-06-20,33
HHN-LON-02,2025-06-21,35
HHN-LON-02,2025-06-22,27
HHN-LON-02,2025-06-23,38
HHN-LON-02,2025-06-24,34
HHN-LON-02,2025-06-25,33
HHN-LON-02,2025-06-26,46
HHN-LON-02,2025-06-27,38
HHN-LON-02,2025-06-28,44
HHN-LON-02,2025-06-29,21
HHN-LON-02,2025-06-30,38
HHN-LON-02,2025-07-01,32
HHN-LON-02,2025-07-02,29
HHN-LON-02,2025-07-03,32
HHN-LON-02,2025-07-04,34
HHN-LON-02,2025-07-05,34
HHN-LON-02,2025-07-06,28
HHN-LON-02,2025-07-07,25
HHN-LON-02,2025-07-08,39
HHN-LON-02,2025-07-09,28
HHN-LON-02,2025-07-10,28
HHN-LON-02,2025-07-11,34
HHN-LON-02,2025-07-12,28
HHN-LON-02,2025-07-13,31
HHN-LON-02,2025-07-14,34
HHN-LON-02,2025-07-15,26
HHN-LON-02,2025-07-16,31
HHN-LON-02,2025-07-17,30
HHN-LON-02,2025-07-18,45
HHN-LON-02,2025-07-19,35
HHN-LON-02,2025-07-20,32
HHN-LON-02,2025-07-21,30
HHN-LON-02,2025-07-22,36
HHN-LON-02,2025-07-23,32
HHN-LON-02,2025-07-24,27
HHN-LON-02,2025-07-25,30
HHN-LON-02,2025-07-26,18
HHN-LON-02,2025-07-27,30
HHN-LON-02,2025-07-28,35
HHN-LON-02,2025-07-29,30
HHN-LON-02,2025-07-30,20
HHN-LON-02,2025-07-31,28
HHN-LON-02,2025-08-01,35
HHN-LON-02,2025-08-02,20
HHN-LON-02,2025-08-03,20
HHN-LON-02,2025-08-04,41
HHN-LON-02,2025-08-05,36
HHN-LON-02,2025-08-06,28
HHN-LON-02,2025-08-07,31
HHN-LON-02,2025-08-08,23
HHN-LON-02,2025-08-09,26
HHN-LON-02,2025-08-10,24
HHN-LON-02,2025-08-11,39
HHN-LON-02,2025-08-12,25
HHN-LON-02,2025-08-13,14
HHN-LON-02,2025-08-14,23
HHN-LON-02,2025-08-15,25
HHN-LON-02,2025-08-16,30
HHN-LON-02,2025-08-17,33
HHN-LON-02,2025-08-18,22
HHN-LON-02,2025-08-19,27
HHN-LON-02,2025-08-20,29
HHN-LON-02,2025-08-21,22
HHN-LON-02,2025-08-22,23
HHN-LON-02,2025-08-23,28
HHN-LON-02,2025-08-24,25
HHN-LON-02,2025-08-25,34
HHN-LON-02,2025-08-26,23
HHN-LON-02,2025-08-27,27
HHN-LON-02,2025-08-28,28
HHN-LON-02,2025-08-29,32
HHN-LON-02,2025-08-30,28
HHN-LON-02,2025-08-31,18
HHN-LON-02,2025-09-01,22
HHN-LON-02,2025-09-02,34
HHN-LON-02,2025-09-03,27
HHN-LON-02,2025-09-04,24
HHN-LON-02,2025-09-05,34
HHN-LON-02,2025-09-06,28
HHN-LON-02,2025-09-07,31
HHN-LON-02,2025-09-08,27
HHN-LON-02,2025-09-09,36
HHN-LON-02,2025-09-10,29
HHN-LON-02,2025-09-11,42
HHN-LON-02,2025-09-12,37
HHN-LON-02,2025-09-13,37
HHN-LON-02,2025-09-14,49
HHN-LON-02,2025-09-15,47
HHN-LON-02,2025-09-16,33
HHN-LON-02,2025-09-17,31
HHN-LON-02,2025-09-18,35
HHN-LON-02,2025-09-19,33
HHN-LON-02,2025-09-20,30
HHN-LON-02,2025-09-21,23
HHN-LON-02,2025-09-22,43
HHN-LON-02,2025-09-23,20
HHN-LON-02,2025-09-24,23
HHN-LON-02,2025-09-25,35
HHN-LON-02,2025-09-26,34
HHN-LON-02,2025-09-27,37
HHN-LON-02,2025-09-28,33
HHN-LON-02,2025-09-29,22
HHN-LON-02,2025-09-30,34
HHN-LON-02,2025-10-01,41
HHN-LON-02,2025-10-02,45
HHN-LON-02,2025-10-03,41
HHN-LON-02,2025-10-04,43
HHN-LON-02,2025-10-05,35
HHN-LON-02,2025-10-06,29
HHN-LON-02,2025-10-07,30
HHN-LON-02,2025-10-08,37
HHN-LON-02,2025-10-09,28
HHN-LON-02,2025-10-10,43
HHN-LON-02,2025-10-11,40
HHN-LON-02,2025-10-12,41
HHN-LON-02,2025-10-13,51
HHN-LON-02,2025-10-14,48
HHN-LON-02,2025-10-15,32
HHN-LON-02,2025-10-16,41
HHN-LON-02,2025-10-17,37
HHN-LON-02,2025-10-18,41
HHN-LON-02,2025-10-19,40
HHN-LON-02,2025-10-20,35
HHN-LON-02,2025-10-21,44
HHN-LON-02,2025-10-22,37
HHN-LON-02,2025-10-23,33
HHN-LON-02,2025-10-24,40
HHN-LON-02,2025-10-25,31
HHN-LON-02,2025-10-26,32
HHN-LON-02,2025-10-27,28
HHN-LON-02,2025-10-28,31
HHN-LON-02,2025-10-29,45
HHN-LON-02,2025-10-30,36
HHN-LON-02,2025-10-31,30
HHN-LON-02,2025-11-01,36
HHN-LON-02,2025-11-02,38
HHN-LON-02,2025-11-03,39
HHN-LON-02,2025-11-04,30
HHN-LON-02,2025-11-05,40
HHN-LON-02,2025-11-06,39
HHN-LON-02,2025-11-07,39
HHN-LON-02,2025-11-08,35
HHN-LON-02,2025-11-09,41
HHN-LON-02,2025-11-10,33
HHN-LON-02,2025-11-11,33
HHN-LON-02,2025-11-12,25
HHN-LON-02,2025-11-13,34
HHN-LON-02,2025-11-14,34
HHN-LON-02,2025-11-15,26
HHN-LON-02,2025-11-16,28
HHN-LON-02,2025-11-17,30
HHN-LON-02,2025-11-18,40
HHN-LON-02,2025-11-19,37
HHN-LON-02,2025-11-20,26
HHN-LON-02,2025-11-21,36
HHN-LON-02,2025-11-22,46
HHN-LON-02,2025-11-23,44
HHN-LON-02,2025-11-24,36
HHN-LON-02,2025-11-25,48
HHN-LON-02,2025-11-26,34
HHN-LON-02,2025-11-27,33
HHN-LON-02,2025-11-28,44
HHN-LON-02,2025-11-29,34
HHN-LON-02,2025-11-30,47
HHN-LON-02,2025-12-01,37
HHN-LON-02,2025-12-02,39
HHN-LON-02,2025-12-03,42
HHN-LON-02,2025-12-04,44
HHN-LON-02,2025-12-05,46
HHN-LON-02,2025-12-06,54
HHN-LON-02,2025-12-07,30
HHN-LON-02,2025-12-08,64
HHN-LON-02,2025-12-09,40
HHN-LON-02,2025-12-10,52
HHN-LON-02,2025-12-11,65
HHN-LON-02,2025-12-12,39
HHN-LON-02,2025-12-13,39
HHN-LON-02,2025-12-14,45
HHN-LON-02,2025-12-15,57
HHN-LON-02,2025-12-16,32
HHN-LON-02,2025-12-17,40
HHN-LON-02,2025-12-18,42
HHN-LON-02,2025-12-19,48
HHN-LON-02,2025-12-20,47
HHN-LON-02,2025-12-21,37
HHN-LON-02,2025-12-22,40
HHN-LON-02,2025-12-23,45
HHN-LON-02,2025-12-24,36
HHN-LON-02,2025-12-25,29
HHN-LON-02,2025-12-26,49
HHN-LON-02,2025-12-27,31
HHN-LON-02,2025-12-28,44
HHN-LON-02,2025-12-29,41
HHN-LON-02,2025-12-30,31
HHN-LON-02,2025-12-31,32
HHN-LON-02,2026-01-01,45
HHN-LON-02,2026-01-02,32
HHN-LON-02,2026-01-03,19
HHN-LON-02,2026-01-04,14
HHN-LON-02,2026-01-05,15
HHN-LON-02,2026-01-06,4
HHN-LON-02,2026-01-07,9
HHN-LON-02,2026-01-08,4
HHN-LON-02,2026-01-09,3
HHN-LON-02,2026-01-11,4
HHN-LON-02,2026-01-12,1
HHN-LON-02,2026-01-13,1
HHN-LON-02,2026-01-16,2
HHN-LON-02,2026-01-17,1
HHN-LON-02,2026-02-14,1
HHN-MAN-01,2024-01-01,1
HHN-MAN-01,2024-01-02,10
HHN-MAN-01,2024-01-03,12
HHN-MAN-01,2024-01-04,21
HHN-MAN-01,2024-01-05,29
HHN-MAN-01,2024-01-06,39
HHN-MAN-01,2024-01-07,37
HHN-MAN-01,2024-01-08,46
HHN-MAN-01,2024-01-09,37
HHN-MAN-01,2024-01-10,41
HHN-MAN-01,2024-01-11,52
HHN-MAN-01,2024-01-12,46
HHN-MAN-01,2024-01-13,49
HHN-MAN-01,2024-01-14,47
HHN-MAN-01,2024-01-15,41
HHN-MAN-01,2024-01-16,32
HHN-MAN-01,2024-01-17,40
HHN-MAN-01,2024-01-18,38
HHN-MAN-01,2024-01-19,45
HHN-MAN-01,2024-01-20,40
HHN-MAN-01,2024-01-21,40
HHN-MAN-01,2024-01-22,54
HHN-MAN-01,2024-01-23,51
HHN-MAN-01,2024-01-24,34
HHN-MAN-01,2024-01-25,44
HHN-MAN-01,2024-01-26,55
HHN-MAN-01,2024-01-27,59
HHN-MAN-01,2024-01-28,50
HHN-MAN-01,2024-01-29,45
HHN-MAN-01,2024-01-30,43
HHN-MAN-01,2024-01-31,48
HHN-MAN-01,2024-02-01,42
HHN-MAN-01,2024-02-02,53
HHN-MAN-01,2024-02-03,57
HHN-MAN-01,2024-02-04,58
HHN-MAN-01,2024-02-05,51
HHN-MAN-01,2024-02-06,47
HHN-MAN-01,2024-02-07,43
HHN-MAN-01,2024-02-08,53
HHN-MAN-01,2024-02-09,51
HHN-MAN-01,2024-02-10,51
HHN-MAN-01,2024-02-11,54
HHN-MAN-01,2024-02-12,44
HHN-MAN-01,2024-02-13,55
HHN-MAN-01,2024-02-14,45
HHN-MAN-01,2024-02-15,66
HHN-MAN-01,2024-02-16,56
HHN-MAN-01,2024-02-17,48
HHN-MAN-01,2024-02-18,47
HHN-MAN-01,2024-02-19,55
HHN-MAN-01,2024-02-20,56
HHN-MAN-01,2024-02-21,48
HHN-MAN-01,2024-02-22,59
HHN-MAN-01,2024-02-23,59
HHN-MAN-01,2024-02-24,55
HHN-MAN-01,2024-02-25,42
HHN-MAN-01,2024-02-26,34
HHN-MAN-01,2024-02-27,44
HHN-MAN-01,2024-02-28,44
HHN-MAN-01,2024-02-29,52
HHN-MAN-01,2024-03-01,51
HHN-MAN-01,2024-03-02,41
HHN-MAN-01,2024-03-03,45
HHN-MAN-01,2024-03-04,49
HHN-MAN-01,2024-03-05,45
HHN-MAN-01,2024-03-06,37
HHN-MAN-01,2024-03-07,41
HHN-MAN-01,2024-03-08,50
HHN-MAN-01,2024-03-09,43
HHN-MAN-01,2024-03-10,40
HHN-MAN-01,2024-03-11,62
HHN-MAN-01,2024-03-12,38
HHN-MAN-01,2024-03-13,54
HHN-MAN-01,2024-03-14,43
HHN-MAN-01,2024-03-15,41
HHN-MAN-01,2024-03-16,38
HHN-MAN-01,2024-03-17,56
HHN-MAN-01,2024-03-18,50
HHN-MAN-01,2024-03-19,46
HHN-MAN-01,2024-03-20,37
HHN-MAN-01,2024-03-21,34
HHN-MAN-01,2024-03-22,48
HHN-MAN-01,2024-03-23,51
HHN-MAN-01,2024-03-24,49
HHN-MAN-01,2024-03-25,43
HHN-MAN-01,2024-03-26,47
HHN-MAN-01,2024-03-27,47
HHN-MAN-01,2024-03-28,41
HHN-MAN-01,2024-03-29,45
HHN-MAN-01,2024-03-30,46
HHN-MAN-01,2024-03-31,48
HHN-MAN-01,2024-04-01,29
HHN-MAN-01,2024-04-02,38
HHN-MAN-01,2024-04-03,22
HHN-MAN-01,2024-04-04,31
HHN-MAN-01,2024-04-05,34
HHN-MAN-01,2024-04-06,34
HHN-MAN-01,2024-04-07,49
HHN-MAN-01,2024-04-08,44
HHN-MAN-01,2024-04-09,35
HHN-MAN-01,2024-04-10,41
HHN-MAN-01,2024-04-11,43
HHN-MAN-01,2024-04-12,36
HHN-MAN-01,2024-04-13,38
HHN-MAN-01,2024-04-14,45
HHN-MAN-01,2024-04-15,52
HHN-MAN-01,2024-04-16,25
HHN-MAN-01,2024-04-17,43
HHN-MAN-01,2024-04-18,39
HHN-MAN-01,2024-04-19,44
HHN-MAN-01,2024-04-20,29
HHN-MAN-01,2024-04-21,40
HHN-MAN-01,2024-04-22,44
HHN-MAN-01,2024-04-23,46
HHN-MAN-01,2024-04-24,41
HHN-MAN-01,2024-04-25,49
HHN-MAN-01,2024-04-26,40
HHN-MAN-01,2024-04-27,48
HHN-MAN-01,2024-04-28,43
HHN-MAN-01,2024-04-29,53
HHN-MAN-01,2024-04-30,48
HHN-MAN-01,2024-05-01,35
HHN-MAN-01,2024-05-02,35
HHN-MAN-01,2024-05-03,40
HHN-MAN-01,2024-05-04,38
HHN-MAN-01,2024-05-05,35
HHN-MAN-01,2024-05-06,30
HHN-MAN-01,2024-05-07,32
HHN-MAN-01,2024-05-08,40
HHN-MAN-01,2024-05-09,39
HHN-MAN-01,2024-05-10,39
HHN-MAN-01,2024-05-11,28
HHN-MAN-01,2024-05-12,35
HHN-MAN-01,2024-05-13,38
HHN-MAN-01,2024-05-14,23
HHN-MAN-01,2024-05-15,38
HHN-MAN-01,2024-05-16,26
HHN-MAN-01,2024-05-17,45
HHN-MAN-01,2024-05-18,38
HHN-MAN-01,2024-05-19,48
HHN-MAN-01,2024-05-20,46
HHN-MAN-01,2024-05-21,44
HHN-MAN-01,2024-05-22,40
HHN-MAN-01,2024-05-23,41
HHN-MAN-01,2024-05-24,36
HHN-MAN-01,2024-05-25,30
HHN-MAN-01,2024-05-26,35
HHN-MAN-01,2024-05-27,36
HHN-MAN-01,2024-05-28,42
HHN-MAN-01,2024-05-29,31
HHN-MAN-01,2024-05-30,31
HHN-MAN-01,2024-05-31,35
HHN-MAN-01,2024-06-01,32
HHN-MAN-01,2024-06-02,36
HHN-MAN-01,2024-06-03,45
HHN-MAN-01,2024-06-04,37
HHN-MAN-01,2024-06-05,34
HHN-MAN-01,2024-06-06,40
HHN-MAN-01,2024-06-07,33
HHN-MAN-01,2024-06-08,33
HHN-MAN-01,2024-06-09,39
HHN-MAN-01,2024-06-10,35
HHN-MAN-01,2024-06-11,29
HHN-MAN-01,2024-06-12,43
HHN-MAN-01,2024-06-13,38
HHN-MAN-01,2024-06-14,42
HHN-MAN-01,2024-06-15,29
HHN-MAN-01,2024-06-16,29
HHN-MAN-01,2024-06-17,42
HHN-MAN-01,2024-06-18,28
HHN-MAN-01,2024-06-19,33
HHN-MAN-01,2024-06-20,30
HHN-MAN-01,2024-06-21,33
HHN-MAN-01,2024-06-22,36
HHN-MAN-01,2024-06-23,30
HHN-MAN-01,2024-06-24,32
HHN-MAN-01,2024-06-25,45
HHN-MAN-01,2024-06-26,33
HHN-MAN-01,2024-06-27,31
HHN-MAN-01,2024-06-28,35
HHN-MAN-01,2024-06-29,37
HHN-MAN-01,2024-06-30,24
HHN-MAN-01,2024-07-01,37
HHN-MAN-01,2024-07-02,35
HHN-MAN-01,2024-07-03,33
HHN-MAN-01,2024-07-04,31
HHN-MAN-01,2024-07-05,36
HHN-MAN-01,2024-07-06,30
HHN-MAN-01,2024-07-07,30
HHN-MAN-01,2024-07-08,24
HHN-MAN-01,2024-07-09,32
HHN-MAN-01,2024-07-10,38
HHN-MAN-01,2024-07-11,31
HHN-MAN-01,2024-07-12,33
HHN-MAN-01,2024-07-13,27
HHN-MAN-01,2024-07-14,34
HHN-MAN-01,2024-07-15,40
HHN-MAN-01,2024-07-16,43
HHN-MAN-01,2024-07-17,43
HHN-MAN-01,2024-07-18,42
HHN-MAN-01,2024-07-19,41
HHN-MAN-01,2024-07-20,40
HHN-MAN-01,2024-07-21,30
HHN-MAN-01,2024-07-22,35
HHN-MAN-01,2024-07-23,30
HHN-MAN-01,2024-07-24,34
HHN-MAN-01,2024-07-25,46
HHN-MAN-01,2024-07-26,32
HHN-MAN-01,2024-07-27,28
HHN-MAN-01,2024-07-28,36
HHN-MAN-01,2024-07-29,36
HHN-MAN-01,2024-07-30,30
HHN-MAN-01,2024-07-31,35
HHN-MAN-01,2024-08-01,28
HHN-MAN-01,2024-08-02,34
HHN-MAN-01,2024-08-03,27
HHN-MAN-01,2024-08-04,33
HHN-MAN-01,2024-08-05,31
HHN-MAN-01,2024-08-06,34
HHN-MAN-01,2024-08-07,31
HHN-MAN-01,2024-08-08,27
HHN-MAN-01,2024-08-09,32
HHN-MAN-01,2024-08-10,31
HHN-MAN-01,2024-08-11,30
HHN-MAN-01,2024-08-12,23
HHN-MAN-01,2024-08-13,28
HHN-MAN-01,2024-08-14,16
HHN-MAN-01,2024-08-15,24
HHN-MAN-01,2024-08-16,39
HHN-MAN-01,2024-08-17,31
HHN-MAN-01,2024-08-18,41
HHN-MAN-01,2024-08-19,29
HHN-MAN-01,2024-08-20,27
HHN-MAN-01,2024-08-21,36
HHN-MAN-01,2024-08-22,19
HHN-MAN-01,2024-08-23,31
HHN-MAN-01,2024-08-24,28
HHN-MAN-01,2024-08-25,23
HHN-MAN-01,2024-08-26,32
HHN-MAN-01,2024-08-27,33
HHN-MAN-01,2024-08-28,31
HHN-MAN-01,2024-08-29,32
HHN-MAN-01,2024-08-30,41
HHN-MAN-01,2024-08-31,27
HHN-MAN-01,2024-09-01,29
HHN-MAN-01,2024-09-02,28
HHN-MAN-01,2024-09-03,34
HHN-MAN-01,2024-09-04,46
HHN-MAN-01,2024-09-05,36
HHN-MAN-01,2024-09-06,34
HHN-MAN-01,2024-09-07,49
HHN-MAN-01,2024-09-08,37
HHN-MAN-01,2024-09-09,37
HHN-MAN-01,2024-09-10,40
HHN-MAN-01,2024-09-11,24
HHN-MAN-01,2024-09-12,46
HHN-MAN-01,2024-09-13,46
HHN-MAN-01,2024-09-14,36
HHN-MAN-01,2024-09-15,43
HHN-MAN-01,2024-09-16,41
HHN-MAN-01,2024-09-17,42
HHN-MAN-01,2024-09-18,34
HHN-MAN-01,2024-09-19,42
HHN-MAN-01,2024-09-20,36
HHN-MAN-01,2024-09-21,34
HHN-MAN-01,2024-09-22,34
HHN-MAN-01,2024-09-23,38
HHN-MAN-01,2024-09-24,30
HHN-MAN-01,2024-09-25,40
HHN-MAN-01,2024-09-26,36
HHN-MAN-01,2024-09-27,37
HHN-MAN-01,2024-09-28,40
HHN-MAN-01,2024-09-29,44
HHN-MAN-01,2024-09-30,38
HHN-MAN-01,2024-10-01,47
HHN-MAN-01,2024-10-02,37
HHN-MAN-01,2024-10-03,45
HHN-MAN-01,2024-10-04,33
HHN-MAN-01,2024-10-05,38
HHN-MAN-01,2024-10-06,42
HHN-MAN-01,2024-10-07,21
HHN-MAN-01,2024-10-08,31
HHN-MAN-01,2024-10-09,35
HHN-MAN-01,2024-10-10,39
HHN-MAN-01,2024-10-11,36
HHN-MAN-01,2024-10-12,42
HHN-MAN-01,2024-10-13,38
HHN-MAN-01,2024-10-14,33
HHN-MAN-01,2024-10-15,44
HHN-MAN-01,2024-10-16,29
HHN-MAN-01,2024-10-17,28
HHN-MAN-01,2024-10-18,37
HHN-MAN-01,2024-10-19,38
HHN-MAN-01,2024-10-20,46
HHN-MAN-01,2024-10-21,48
HHN-MAN-01,2024-10-22,43
HHN-MAN-01,2024-10-23,38
HHN-MAN-01,2024-10-24,37
HHN-MAN-01,2024-10-25,36
HHN-MAN-01,2024-10-26,35
HHN-MAN-01,2024-10-27,40
HHN-MAN-01,2024-10-28,31
HHN-MAN-01,2024-10-29,44
HHN-MAN-01,2024-10-30,31
HHN-MAN-01,2024-10-31,50
HHN-MAN-01,2024-11-01,44
HHN-MAN-01,2024-11-02,38
HHN-MAN-01,2024-11-03,36
HHN-MAN-01,2024-11-04,45
HHN-MAN-01,2024-11-05,43
HHN-MAN-01,2024-11-06,44
HHN-MAN-01,2024-11-07,43
HHN-MAN-01,2024-11-08,54
HHN-MAN-01,2024-11-09,42
HHN-MAN-01,2024-11-10,35
HHN-MAN-01,2024-11-11,30
HHN-MAN-01,2024-11-12,47
HHN-MAN-01,2024-11-13,53
HHN-MAN-01,2024-11-14,47
HHN-MAN-01,2024-11-15,52
HHN-MAN-01,2024-11-16,32
HHN-MAN-01,2024-11-17,31
HHN-MAN-01,2024-11-18,38
HHN-MAN-01,2024-11-19,37
HHN-MAN-01,2024-11-20,45
HHN-MAN-01,2024-11-21,47
HHN-MAN-01,2024-11-22,42
HHN-MAN-01,2024-11-23,51
HHN-MAN-01,2024-11-24,38
HHN-MAN-01,2024-11-25,45
HHN-MAN-01,2024-11-26,41
HHN-MAN-01,2024-11-27,34
HHN-MAN-01,2024-11-28,43
HHN-MAN-01,2024-11-29,60
HHN-MAN-01,2024-11-30,48
HHN-MAN-01,2024-12-01,46
HHN-MAN-01,2024-12-02,48
HHN-MAN-01,2024-12-03,44
HHN-MAN-01,2024-12-04,52
HHN-MAN-01,2024-12-05,45
HHN-MAN-01,2024-12-06,50
HHN-MAN-01,2024-12-07,58
HHN-MAN-01,2024-12-08,54
HHN-MAN-01,2024-12-09,50
HHN-MAN-01,2024-12-10,45
HHN-MAN-01,2024-12-11,58
HHN-MAN-01,2024-12-12,45
HHN-MAN-01,2024-12-13,63
HHN-MAN-01,2024-12-14,53
HHN-MAN-01,2024-12-15,64
HHN-MAN-01,2024-12-16,50
HHN-MAN-01,2024-12-17,53
HHN-MAN-01,2024-12-18,32
HHN-MAN-01,2024-12-19,30
HHN-MAN-01,2024-12-20,57
HHN-MAN-01,2024-12-21,33
HHN-MAN-01,2024-12-22,33
HHN-MAN-01,2024-12-23,44
HHN-MAN-01,2024-12-24,39
HHN-MAN-01,2024-12-25,41
HHN-MAN-01,2024-12-26,43
HHN-MAN-01,2024-12-27,40
HHN-MAN-01,2024-12-28,27
HHN-MAN-01,2024-12-29,45
HHN-MAN-01,2024-12-30,34
HHN-MAN-01,2024-12-31,50
HHN-MAN-01,2025-01-01,36
HHN-MAN-01,2025-01-02,51
HHN-MAN-01,2025-01-03,42
HHN-MAN-01,2025-01-04,52
HHN-MAN-01,2025-01-05,48
HHN-MAN-01,2025-01-06,63
HHN-MAN-01,2025-01-07,50
HHN-MAN-01,2025-01-08,40
HHN-MAN-01,2025-01-09,48
HHN-MAN-01,2025-01-10,45
HHN-MAN-01,2025-01-11,43
HHN-MAN-01,2025-01-12,48
HHN-MAN-01,2025-01-13,53
HHN-MAN-01,2025-01-14,40
HHN-MAN-01,2025-01-15,55
HHN-MAN-01,2025-01-16,54
HHN-MAN-01,2025-01-17,42
HHN-MAN-01,2025-01-18,52
HHN-MAN-01,2025-01-19,45
HHN-MAN-01,2025-01-20,28
HHN-MAN-01,2025-01-21,48
HHN-MAN-01,2025-01-22,27
HHN-MAN-01,2025-01-23,45
HHN-MAN-01,2025-01-24,43
HHN-MAN-01,2025-01-25,39
HHN-MAN-01,2025-01-26,49
HHN-MAN-01,2025-01-27,54
HHN-MAN-01,2025-01-28,48
HHN-MAN-01,2025-01-29,49
HHN-MAN-01,2025-01-30,35
HHN-MAN-01,2025-01-31,32
HHN-MAN-01,2025-02-01,48
HHN-MAN-01,2025-02-02,59
HHN-MAN-01,2025-02-03,48
HHN-MAN-01,2025-02-04,45
HHN-MAN-01,2025-02-05,45
HHN-MAN-01,2025-02-06,42
HHN-MAN-01,2025-02-07,55
HHN-MAN-01,2025-02-08,52
HHN-MAN-01,2025-02-09,44
HHN-MAN-01,2025-02-10,46
HHN-MAN-01,2025-02-11,43
HHN-MAN-01,2025-02-12,59
HHN-MAN-01,2025-02-13,45
HHN-MAN-01,2025-02-14,43
HHN-MAN-01,2025-02-15,44
HHN-MAN-01,2025-02-16,39
HHN-MAN-01,2025-02-17,62
HHN-MAN-01,2025-02-18,42
HHN-MAN-01,2025-02-19,54
HHN-MAN-01,2025-02-20,37
HHN-MAN-01,2025-02-21,53
HHN-MAN-01,2025-02-22,48
HHN-MAN-01,2025-02-23,48
HHN-MAN-01,2025-02-24,52
HHN-MAN-01,2025-02-25,39
HHN-MAN-01,2025-02-26,44
HHN-MAN-01,2025-02-27,41
HHN-MAN-01,2025-02-28,40
HHN-MAN-01,2025-03-01,47
HHN-MAN-01,2025-03-02,58
HHN-MAN-01,2025-03-03,69
HHN-MAN-01,2025-03-04,37
HHN-MAN-01,2025-03-05,45
HHN-MAN-01,2025-03-06,50
HHN-MAN-01,2025-03-07,44
HHN-MAN-01,2025-03-08,43
HHN-MAN-01,2025-03-09,43
HHN-MAN-01,2025-03-10,42
HHN-MAN-01,2025-03-11,35
HHN-MAN-01,2025-03-12,42
HHN-MAN-01,2025-03-13,47
HHN-MAN-01,2025-03-14,45
HHN-MAN-01,2025-03-15,42
HHN-MAN-01,2025-03-16,39
HHN-MAN-01,2025-03-17,41
HHN-MAN-01,2025-03-18,40
HHN-MAN-01,2025-03-19,43
HHN-MAN-01,2025-03-20,56
HHN-MAN-01,2025-03-21,56
HHN-MAN-01,2025-03-22,44
HHN-MAN-01,2025-03-23,42
HHN-MAN-01,2025-03-24,34
HHN-MAN-01,2025-03-25,38
HHN-MAN-01,2025-03-26,47
HHN-MAN-01,2025-03-27,38
HHN-MAN-01,2025-03-28,46
HHN-MAN-01,2025-03-29,43
HHN-MAN-01,2025-03-30,43
HHN-MAN-01,2025-03-31,51
HHN-MAN-01,2025-04-01,36
HHN-MAN-01,2025-04-02,38
HHN-MAN-01,2025-04-03,35
HHN-MAN-01,2025-04-04,36
HHN-MAN-01,2025-04-05,48
HHN-MAN-01,2025-04-06,46
HHN-MAN-01,2025-04-07,32
HHN-MAN-01,2025-04-08,40
HHN-MAN-01,2025-04-09,40
HHN-MAN-01,2025-04-10,43
HHN-MAN-01,2025-04-11,33
HHN-MAN-01,2025-04-12,46
HHN-MAN-01,2025-04-13,33
HHN-MAN-01,2025-04-14,33
HHN-MAN-01,2025-04-15,45
HHN-MAN-01,2025-04-16,41
HHN-MAN-01,2025-04-17,37
HHN-MAN-01,2025-04-18,39
HHN-MAN-01,2025-04-19,33
HHN-MAN-01,2025-04-20,30
HHN-MAN-01,2025-04-21,29
HHN-MAN-01,2025-04-22,26
HHN-MAN-01,2025-04-23,33
HHN-MAN-01,2025-04-24,36
HHN-MAN-01,2025-04-25,35
HHN-MAN-01,2025-04-26,39
HHN-MAN-01,2025-04-27,40
HHN-MAN-01,2025-04-28,34
HHN-MAN-01,2025-04-29,40
HHN-MAN-01,2025-04-30,36
HHN-MAN-01,2025-05-01,40
HHN-MAN-01,2025-05-02,40
HHN-MAN-01,2025-05-03,36
HHN-MAN-01,2025-05-04,31
HHN-MAN-01,2025-05-05,29
HHN-MAN-01,2025-05-06,50
HHN-MAN-01,2025-05-07,38
HHN-MAN-01,2025-05-08,27
HHN-MAN-01,2025-05-09,32
HHN-MAN-01,2025-05-10,33
HHN-MAN-01,2025-05-11,33
HHN-MAN-01,2025-05-12,52
HHN-MAN-01,2025-05-13,29
HHN-MAN-01,2025-05-14,46
HHN-MAN-01,2025-05-15,32
HHN-MAN-01,2025-05-16,46
HHN-MAN-01,2025-05-17,50
HHN-MAN-01,2025-05-18,37
HHN-MAN-01,2025-05-19,40
HHN-MAN-01,2025-05-20,24
HHN-MAN-01,2025-05-21,25
HHN-MAN-01,2025-05-22,46
HHN-MAN-01,2025-05-23,37
HHN-MAN-01,2025-05-24,46
HHN-MAN-01,2025-05-25,34
HHN-MAN-01,2025-05-26,38
HHN-MAN-01,2025-05-27,30
HHN-MAN-01,2025-05-28,34
HHN-MAN-01,2025-05-29,35
HHN-MAN-01,2025-05-30,48
HHN-MAN-01,2025-05-31,36
HHN-MAN-01,2025-06-01,42
HHN-MAN-01,2025-06-02,37
HHN-MAN-01,2025-06-03,22
HHN-MAN-01,2025-06-04,42
HHN-MAN-01,2025-06-05,45
HHN-MAN-01,2025-06-06,42
HHN-MAN-01,2025-06-07,34
HHN-MAN-01,2025-06-08,39
HHN-MAN-01,2025-06-09,50
HHN-MAN-01,2025-06-10,39
HHN-MAN-01,2025-06-11,39
HHN-MAN-01,2025-06-12,43
HHN-MAN-01,2025-06-13,24
HHN-MAN-01,2025-06-14,37
HHN-MAN-01,2025-06-15,33
HHN-MAN-01,2025-06-16,28
HHN-MAN-01,2025-06-17,32
HHN-MAN-01,2025-06-18,32
HHN-MAN-01,2025-06-19,34
HHN-MAN-01,2025-06-20,35
HHN-MAN-01,2025-06-21,36
HHN-MAN-01,2025-06-22,47
HHN-MAN-01,2025-06-23,42
HHN-MAN-01,2025-06-24,26
HHN-MAN-01,2025-06-25,31
HHN-MAN-01,2025-06-26,25
HHN-MAN-01,2025-06-27,37
HHN-MAN-01,2025-06-28,32
HHN-MAN-01,2025-06-29,35
HHN-MAN-01,2025-06-30,41
HHN-MAN-01,2025-07-01,33
HHN-MAN-01,2025-07-02,38
HHN-MAN-01,2025-07-03,28
HHN-MAN-01,2025-07-04,25
HHN-MAN-01,2025-07-05,50
HHN-MAN-01,2025-07-06,37
HHN-MAN-01,2025-07-07,26
HHN-MAN-01,2025-07-08,38
HHN-MAN-01,2025-07-09,30
HHN-MAN-01,2025-07-10,25
HHN-MAN-01,2025-07-11,31
HHN-MAN-01,2025-07-12,32
HHN-MAN-01,2025-07-13,23
HHN-MAN-01,2025-07-14,34
HHN-MAN-01,2025-07-15,29
HHN-MAN-01,2025-07-16,30
HHN-MAN-01,2025-07-17,32
HHN-MAN-01,2025-07-18,32
HHN-MAN-01,2025-07-19,34
HHN-MAN-01,2025-07-20,29
HHN-MAN-01,2025-07-21,37
HHN-MAN-01,2025-07-22,31
HHN-MAN-01,2025-07-23,25
HHN-MAN-01,2025-07-24,29
HHN-MAN-01,2025-07-25,41
HHN-MAN-01,2025-07-26,29
HHN-MAN-01,2025-07-27,36
HHN-MAN-01,2025-07-28,27
HHN-MAN-01,2025-07-29,42
HHN-MAN-01,2025-07-30,25
HHN-MAN-01,2025-07-31,29
HHN-MAN-01,2025-08-01,28
HHN-MAN-01,2025-08-02,30
HHN-MAN-01,2025-08-03,23
HHN-MAN-01,2025-08-04,35
HHN-MAN-01,2025-08-05,32
HHN-MAN-01,2025-08-06,24
HHN-MAN-01,2025-08-07,25
HHN-MAN-01,2025-08-08,25
HHN-MAN-01,2025-08-09,35
HHN-MAN-01,2025-08-10,35
HHN-MAN-01,2025-08-11,31
HHN-MAN-01,2025-08-12,43
HHN-MAN-01,2025-08-13,35
HHN-MAN-01,2025-08-14,43
HHN-MAN-01,2025-08-15,29
HHN-MAN-01,2025-08-16,26
HHN-MAN-01,2025-08-17,33
HHN-MAN-01,2025-08-18,17
HHN-MAN-01,2025-08-19,21
HHN-MAN-01,2025-08-20,25
HHN-MAN-01,2025-08-21,33
HHN-MAN-01,2025-08-22,21
HHN-MAN-01,2025-08-23,24
HHN-MAN-01,2025-08-24,12
HHN-MAN-01,2025-08-25,29
HHN-MAN-01,2025-08-26,23
HHN-MAN-01,2025-08-27,27
HHN-MAN-01,2025-08-28,27
HHN-MAN-01,2025-08-29,27
HHN-MAN-01,2025-08-30,31
HHN-MAN-01,2025-08-31,31
HHN-MAN-01,2025-09-01,25
HHN-MAN-01,2025-09-02,25
HHN-MAN-01,2025-09-03,25
HHN-MAN-01,2025-09-04,34
HHN-MAN-01,2025-09-05,26
HHN-MAN-01,2025-09-06,37
HHN-MAN-01,2025-09-07,24
HHN-MAN-01,2025-09-08,35
HHN-MAN-01,2025-09-09,29
HHN-MAN-01,2025-09-10,32
HHN-MAN-01,2025-09-11,34
HHN-MAN-01,2025-09-12,56
HHN-MAN-01,2025-09-13,40
HHN-MAN-01,2025-09-14,39
HHN-MAN-01,2025-09-15,40
HHN-MAN-01,2025-09-16,32
HHN-MAN-01,2025-09-17,38
HHN-MAN-01,2025-09-18,48
HHN-MAN-01,2025-09-19,38
HHN-MAN-01,2025-09-20,24
HHN-MAN-01,2025-09-21,40
HHN-MAN-01,2025-09-22,36
HHN-MAN-01,2025-09-23,57
HHN-MAN-01,2025-09-24,36
HHN-MAN-01,2025-09-25,39
HHN-MAN-01,2025-09-26,60
HHN-MAN-01,2025-09-27,38
HHN-MAN-01,2025-09-28,40
HHN-MAN-01,2025-09-29,44
HHN-MAN-01,2025-09-30,38
HHN-MAN-01,2025-10-01,39
HHN-MAN-01,2025-10-02,32
HHN-MAN-01,2025-10-03,39
HHN-MAN-01,2025-10-04,44
HHN-MAN-01,2025-10-05,38
HHN-MAN-01,2025-10-06,39
HHN-MAN-01,2025-10-07,28
HHN-MAN-01,2025-10-08,38
HHN-MAN-01,2025-10-09,48
HHN-MAN-01,2025-10-10,35
HHN-MAN-01,2025-10-11,34
HHN-MAN-01,2025-10-12,45
HHN-MAN-01,2025-10-13,39
HHN-MAN-01,2025-10-14,34
HHN-MAN-01,2025-10-15,37
HHN-MAN-01,2025-10-16,44
HHN-MAN-01,2025-10-17,42
HHN-MAN-01,2025-10-18,47
HHN-MAN-01,2025-10-19,40
HHN-MAN-01,2025-10-20,29
HHN-MAN-01,2025-10-21,51
HHN-MAN-01,2025-10-22,43
HHN-MAN-01,2025-10-23,41
HHN-MAN-01,2025-10-24,35
HHN-MAN-01,2025-10-25,34
HHN-MAN-01,2025-10-26,31
HHN-MAN-01,2025-10-27,34
HHN-MAN-01,2025-10-28,40
HHN-MAN-01,2025-10-29,29
HHN-MAN-01,2025-10-30,38
HHN-MAN-01,2025-10-31,47
HHN-MAN-01,2025-11-01,35
HHN-MAN-01,2025-11-02,32
HHN-MAN-01,2025-11-03,43
HHN-MAN-01,2025-11-04,44
HHN-MAN-01,2025-11-05,41
HHN-MAN-01,2025-11-06,42
HHN-MAN-01,2025-11-07,50
HHN-MAN-01,2025-11-08,35
HHN-MAN-01,2025-11-09,40
HHN-MAN-01,2025-11-10,56
HHN-MAN-01,2025-11-11,39
HHN-MAN-01,2025-11-12,50
HHN-MAN-01,2025-11-13,49
HHN-MAN-01,2025-11-14,40
HHN-MAN-01,2025-11-15,45
HHN-MAN-01,2025-11-16,32
HHN-MAN-01,2025-11-17,44
HHN-MAN-01,2025-11-18,46
HHN-MAN-01,2025-11-19,35
HHN-MAN-01,2025-11-20,48
HHN-MAN-01,2025-11-21,55
HHN-MAN-01,2025-11-22,47
HHN-MAN-01,2025-11-23,38
HHN-MAN-01,2025-11-24,44
HHN-MAN-01,2025-11-25,55
HHN-MAN-01,2025-11-26,38
HHN-MAN-01,2025-11-27,32
HHN-MAN-01,2025-11-28,44
HHN-MAN-01,2025-11-29,28
HHN-MAN-01,2025-11-30,47
HHN-MAN-01,2025-12-01,37
HHN-MAN-01,2025-12-02,56
HHN-MAN-01,2025-12-03,38
HHN-MAN-01,2025-12-04,47
HHN-MAN-01,2025-12-05,45
HHN-MAN-01,2025-12-06,49
HHN-MAN-01,2025-12-07,50
HHN-MAN-01,2025-12-08,47
HHN-MAN-01,2025-12-09,46
HHN-MAN-01,2025-12-10,36
HHN-MAN-01,2025-12-11,41
HHN-MAN-01,2025-12-12,38
HHN-MAN-01,2025-12-13,39
HHN-MAN-01,2025-12-14,42
HHN-MAN-01,2025-12-15,53
HHN-MAN-01,2025-12-16,41
HHN-MAN-01,2025-12-17,37
HHN-MAN-01,2025-12-18,34
HHN-MAN-01,2025-12-19,40
HHN-MAN-01,2025-12-20,37
HHN-MAN-01,2025-12-21,42
HHN-MAN-01,2025-12-22,37
HHN-MAN-01,2025-12-23,34
HHN-MAN-01,2025-12-24,25
HHN-MAN-01,2025-12-25,45
HHN-MAN-01,2025-12-26,30
HHN-MAN-01,2025-12-27,49
HHN-MAN-01,2025-12-28,40
HHN-MAN-01,2025-12-29,47
HHN-MAN-01,2025-12-30,45
HHN-MAN-01,2025-12-31,49
HHN-MAN-01,2026-01-01,37
HHN-MAN-01,2026-01-02,34
HHN-MAN-01,2026-01-03,21
HHN-MAN-01,2026-01-04,16
HHN-MAN-01,2026-01-05,14
HHN-MAN-01,2026-01-06,4
HHN-MAN-01,2026-01-07,3
HHN-MAN-01,2026-01-08,5
HHN-MAN-01,2026-01-09,1
HHN-MAN-01,2026-01-10,2
HHN-MAN-01,2026-01-12,1
HHN-MAN-01,2026-01-13,1
HHN-MAN-01,2026-01-14,1
HHN-MAN-01,2026-01-17,2
HHN-MAN-01,2026-02-03,1
HHN-MAN-01,2026-02-19,1
