hospital_id,date,completed_surgeries,expected_los
HHN-BIR-01,2024-01-02,3,1.9666666666666668
HHN-BIR-01,2024-01-03,1,1.4
HHN-BIR-01,2024-01-04,8,2.975
HHN-BIR-01,2024-01-05,13,2.338461538461538
HHN-BIR-01,2024-01-08,12,2.566666666666667
HHN-BIR-01,2024-01-09,6,3.9333333333333336
HHN-BIR-01,2024-01-10,11,2.4454545454545453
HHN-BIR-01,2024-01-11,4,2.675
HHN-BIR-01,2024-01-12,6,2.6333333333333333
HHN-BIR-01,2024-01-15,14,3.1999999999999997
HHN-BIR-01,2024-01-16,8,2.7375
HHN-BIR-01,2024-01-17,10,2.95
HHN-BIR-01,2024-01-18,5,2.4
HHN-BIR-01,2024-01-19,11,2.854545454545455
HHN-BIR-01,2024-01-22,11,3.4545454545454546
HHN-BIR-01,2024-01-23,9,2.7333333333333334
HHN-BIR-01,2024-01-24,7,3.0142857142857147
HHN-BIR-01,2024-01-25,9,2.888888888888889
HHN-BIR-01,2024-01-26,11,2.6818181818181817
HHN-BIR-01,2024-01-29,8,2.2375000000000003
HHN-BIR-01,2024-01-30,10,3.0700000000000003
HHN-BIR-01,2024-01-31,7,3.3000000000000003
HHN-BIR-01,2024-02-01,6,2.9166666666666665
HHN-BIR-01,2024-02-02,6,3.7833333333333337
HHN-BIR-01,2024-02-05,9,3.344444444444444
HHN-BIR-01,2024-02-06,12,2.6416666666666666
HHN-BIR-01,2024-02-07,12,3.841666666666667
HHN-BIR-01,2024-02-08,7,1.9714285714285713
HHN-BIR-01,2024-02-09,3,3.1
HHN-BIR-01,2024-02-12,17,3.264705882352941
HHN-BIR-01,2024-02-13,8,1.9625000000000001
HHN-BIR-01,2024-02-14,6,2.0500000000000003
HHN-BIR-01,2024-02-15,2,0.2
HHN-BIR-01,2024-02-16,5,3.0
HHN-BIR-01,2024-02-19,6,2.283333333333333
HHN-BIR-01,2024-02-20,3,3.5
HHN-BIR-01,2024-02-21,8,2.7
HHN-BIR-01,2024-02-22,7,2.4857142857142853
HHN-BIR-01,2024-02-23,4,1.75
HHN-BIR-01,2024-02-26,10,2.6399999999999997
HHN-BIR-01,2024-02-27,6,2.6999999999999997
HHN-BIR-01,2024-02-28,5,3.04
HHN-BIR-01,2024-02-29,8,3.925
HHN-BIR-01,2024-03-01,9,3.1333333333333333
HHN-BIR-01,2024-03-04,4,2.975
HHN-BIR-01,2024-03-05,10,2.54
HHN-BIR-01,2024-03-06,7,3.5285714285714285
HHN-BIR-01,2024-03-07,14,2.242857142857143
HHN-BIR-01,2024-03-08,3,5.166666666666667
HHN-BIR-01,2024-03-11,14,2.9714285714285715
HHN-BIR-01,2024-03-12,4,3.375
HHN-BIR-01,2024-03-13,6,3.116666666666667
HHN-BIR-01,2024-03-14,13,2.803846153846154
HHN-BIR-01,2024-03-15,3,2.966666666666667
HHN-BIR-01,2024-03-18,5,3.9799999999999995
HHN-BIR-01,2024-03-19,4,3.8
HHN-BIR-01,2024-03-20,10,3.4299999999999997
HHN-BIR-01,2024-03-21,8,2.7125
HHN-BIR-01,2024-03-22,7,2.2142857142857144
HHN-BIR-01,2024-03-25,6,3.266666666666667
HHN-BIR-01,2024-03-26,12,2.75
HHN-BIR-01,2024-03-27,11,3.036363636363636
HHN-BIR-01,2024-03-28,7,1.8571428571428572
HHN-BIR-01,2024-04-02,7,2.0714285714285716
HHN-BIR-01,2024-04-03,15,3.2933333333333334
HHN-BIR-01,2024-04-04,11,2.6454545454545455
HHN-BIR-01,2024-04-05,8,4.1125
HHN-BIR-01,2024-04-08,11,2.2818181818181817
HHN-BIR-01,2024-04-09,13,3.5
HHN-BIR-01,2024-04-10,8,1.6625
HHN-BIR-01,2024-04-11,3,3.966666666666667
HHN-BIR-01,2024-04-12,14,2.4214285714285713
HHN-BIR-01,2024-04-15,8,2.6
HHN-BIR-01,2024-04-16,10,2.6399999999999997
HHN-BIR-01,2024-04-17,11,2.7818181818181817
HHN-BIR-01,2024-04-18,8,3.1125
HHN-BIR-01,2024-04-19,6,3.65
HHN-BIR-01,2024-04-22,12,3.4916666666666667
HHN-BIR-01,2024-04-23,5,4.54
HHN-BIR-01,2024-04-24,20,3.225
HHN-BIR-01,2024-04-25,11,3.436363636363636
HHN-BIR-01,2024-04-26,9,2.522222222222222
HHN-BIR-01,2024-04-29,5,3.9
HHN-BIR-01,2024-04-30,18,2.716666666666667
HHN-BIR-01,2024-05-01,14,2.757142857142857
HHN-BIR-01,2024-05-02,8,3.9250000000000003
HHN-BIR-01,2024-05-03,12,3.6666666666666665
HHN-BIR-01,2024-05-07,7,2.6142857142857143
HHN-BIR-01,2024-05-08,8,2.25
HHN-BIR-01,2024-05-09,11,2.6454545454545455
HHN-BIR-01,2024-05-10,5,2.54
HHN-BIR-01,2024-05-13,12,2.983333333333333
HHN-BIR-01,2024-05-14,6,2.8833333333333333
HHN-BIR-01,2024-05-15,11,3.0
HHN-BIR-01,2024-05-16,8,3.075
HHN-BIR-01,2024-05-17,7,2.9857142857142853
HHN-BIR-01,2024-05-20,9,2.377777777777778
HHN-BIR-01,2024-05-21,8,3.75
HHN-BIR-01,2024-05-22,7,4.357142857142857
HHN-BIR-01,2024-05-23,11,3.3545454545454545
HHN-BIR-01,2024-05-24,12,3.4499999999999997
HHN-BIR-01,2024-05-28,13,2.838461538461538
HHN-BIR-01,2024-05-29,12,3.1999999999999997
HHN-BIR-01,2024-05-30,11,2.209090909090909
HHN-BIR-01,2024-05-31,15,3.14
HHN-BIR-01,2024-06-03,13,2.4846153846153842
HHN-BIR-01,2024-06-04,14,2.8214285714285716
HHN-BIR-01,2024-06-05,13,2.853846153846154
HHN-BIR-01,2024-06-06,3,2.8333333333333335
HHN-BIR-01,2024-06-07,12,2.4916666666666667
HHN-BIR-01,2024-06-10,8,2.1
HHN-BIR-01,2024-06-11,16,3.05
HHN-BIR-01,2024-06-12,13,2.976923076923077
HHN-BIR-01,2024-06-13,17,2.3000000000000003
HHN-BIR-01,2024-06-14,5,2.2600000000000002
HHN-BIR-01,2024-06-17,4,2.7
HHN-BIR-01,2024-06-18,9,2.2555555555555555
HHN-BIR-01,2024-06-19,15,2.3133333333333335
HHN-BIR-01,2024-06-20,7,2.957142857142857
HHN-BIR-01,2024-06-21,6,2.716666666666667
HHN-BIR-01,2024-06-24,5,3.6
HHN-BIR-01,2024-06-25,16,2.79375
HHN-BIR-01,2024-06-26,11,3.6818181818181817
HHN-BIR-01,2024-06-27,8,3.725
HHN-BIR-01,2024-06-28,9,3.2
HHN-BIR-01,2024-07-01,15,4.3
HHN-BIR-01,2024-07-02,10,2.4
HHN-BIR-01,2024-07-03,12,2.733333333333333
HHN-BIR-01,2024-07-04,8,2.6625
HHN-BIR-01,2024-07-05,7,2.642857142857143
HHN-BIR-01,2024-07-08,9,2.4000000000000004
HHN-BIR-01,2024-07-09,6,1.8499999999999999
HHN-BIR-01,2024-07-10,7,2.6285714285714286
HHN-BIR-01,2024-07-11,11,3.690909090909091
HHN-BIR-01,2024-07-12,18,2.5277777777777777
HHN-BIR-01,2024-07-15,11,2.109090909090909
HHN-BIR-01,2024-07-16,13,2.376923076923077
HHN-BIR-01,2024-07-17,10,2.27
HHN-BIR-01,2024-07-18,12,2.783333333333333
HHN-BIR-01,2024-07-19,5,2.38
HHN-BIR-01,2024-07-22,14,3.292857142857143
HHN-BIR-01,2024-07-23,10,2.3600000000000003
HHN-BIR-01,2024-07-24,9,3.2444444444444445
HHN-BIR-01,2024-07-25,8,2.825
HHN-BIR-01,2024-07-26,9,3.1333333333333333
HHN-BIR-01,2024-07-29,9,2.566666666666667
HHN-BIR-01,2024-07-30,10,2.66
HHN-BIR-01,2024-07-31,8,2.375
HHN-BIR-01,2024-08-01,6,2.9166666666666665
HHN-BIR-01,2024-08-02,4,2.55
HHN-BIR-01,2024-08-05,6,2.766666666666667
HHN-BIR-01,2024-08-06,2,2.45
HHN-BIR-01,2024-08-07,2,0.95
HHN-BIR-01,2024-08-08,6,2.8333333333333335
HHN-BIR-01,2024-08-09,7,3.185714285714286
HHN-BIR-01,2024-08-12,4,2.775
HHN-BIR-01,2024-08-13,4,4.85
HHN-BIR-01,2024-08-14,7,2.257142857142857
HHN-BIR-01,2024-08-15,3,2.1333333333333333
HHN-BIR-01,2024-08-16,4,4.425
HHN-BIR-01,2024-08-19,3,4.366666666666667
HHN-BIR-01,2024-08-20,7,2.3285714285714287
HHN-BIR-01,2024-08-21,3,4.133333333333334
HHN-BIR-01,2024-08-22,4,2.425
HHN-BIR-01,2024-08-23,3,3.733333333333333
HHN-BIR-01,2024-08-27,3,2.766666666666667
HHN-BIR-01,2024-08-28,2,2.15
HHN-BIR-01,2024-08-29,7,1.9857142857142858
HHN-BIR-01,2024-08-30,3,4.7
HHN-BIR-01,2024-09-02,8,2.8
HHN-BIR-01,2024-09-03,8,3.8875
HHN-BIR-01,2024-09-04,10,2.12
HHN-BIR-01,2024-09-05,13,1.4692307692307693
HHN-BIR-01,2024-09-06,6,4.466666666666667
HHN-BIR-01,2024-09-09,9,3.3
HHN-BIR-01,2024-09-10,7,3.4285714285714284
HHN-BIR-01,2024-09-11,9,3.577777777777778
HHN-BIR-01,2024-09-12,11,3.5181818181818185
HHN-BIR-01,2024-09-13,7,3.7142857142857144
HHN-BIR-01,2024-09-16,7,3.0
HHN-BIR-01,2024-09-17,9,2.977777777777778
HHN-BIR-01,2024-09-18,8,2.675
HHN-BIR-01,2024-09-19,6,2.15
HHN-BIR-01,2024-09-20,9,2.8444444444444446
HHN-BIR-01,2024-09-23,7,2.7857142857142856
HHN-BIR-01,2024-09-24,7,2.6142857142857143
HHN-BIR-01,2024-09-25,11,2.4000000000000004
HHN-BIR-01,2024-09-26,12,2.5833333333333335
HHN-BIR-01,2024-09-27,5,1.5
HHN-BIR-01,2024-09-30,8,2.7125
HHN-BIR-01,2024-10-01,6,2.483333333333334
HHN-BIR-01,2024-10-02,11,3.2363636363636363
HHN-BIR-01,2024-10-03,9,2.2
HHN-BIR-01,2024-10-04,10,3.22
HHN-BIR-01,2024-10-07,9,3.5444444444444443
HHN-BIR-01,2024-10-08,10,2.52
HHN-BIR-01,2024-10-09,7,3.557142857142857
HHN-BIR-01,2024-10-10,11,2.8727272727272726
HHN-BIR-01,2024-10-11,9,2.8222222222222224
HHN-BIR-01,2024-10-14,14,1.7
HHN-BIR-01,2024-10-15,11,3.3545454545454545
HHN-BIR-01,2024-10-16,11,2.7636363636363637
HHN-BIR-01,2024-10-17,5,3.66
HHN-BIR-01,2024-10-18,5,2.58
HHN-BIR-01,2024-10-21,5,4.12
HHN-BIR-01,2024-10-22,10,3.5199999999999996
HHN-BIR-01,2024-10-23,14,2.2214285714285715
HHN-BIR-01,2024-10-24,7,3.6571428571428575
HHN-BIR-01,2024-10-25,11,2.8363636363636364
HHN-BIR-01,2024-10-28,6,2.35
HHN-BIR-01,2024-10-29,11,2.8
HHN-BIR-01,2024-10-30,10,2.39
HHN-BIR-01,2024-10-31,8,1.9375
HHN-BIR-01,2024-11-01,4,1.475
HHN-BIR-01,2024-11-04,8,3.425
HHN-BIR-01,2024-11-05,12,2.5416666666666665
HHN-BIR-01,2024-11-06,5,4.12
HHN-BIR-01,2024-11-07,7,2.0571428571428574
HHN-BIR-01,2024-11-08,4,2.975
HHN-BIR-01,2024-11-11,7,3.128571428571429
HHN-BIR-01,2024-11-12,8,3.9375
HHN-BIR-01,2024-11-13,11,2.4727272727272727
HHN-BIR-01,2024-11-14,10,3.16
HHN-BIR-01,2024-11-15,9,3.3666666666666667
HHN-BIR-01,2024-11-18,8,2.8
HHN-BIR-01,2024-11-19,5,2.8
HHN-BIR-01,2024-11-20,11,3.6363636363636362
HHN-BIR-01,2024-11-21,4,3.125
HHN-BIR-01,2024-11-22,4,2.45
HHN-BIR-01,2024-11-25,6,2.1666666666666665
HHN-BIR-01,2024-11-26,9,2.588888888888889
HHN-BIR-01,2024-11-27,11,2.8454545454545457
HHN-BIR-01,2024-11-28,10,2.18
HHN-BIR-01,2024-11-29,2,3.2
HHN-BIR-01,2024-12-02,10,3.4899999999999998
HHN-BIR-01,2024-12-03,8,2.8375
HHN-BIR-01,2024-12-04,8,3.075
HHN-BIR-01,2024-12-05,8,1.725
HHN-BIR-01,2024-12-06,7,1.7142857142857142
HHN-BIR-01,2024-12-09,6,3.1666666666666665
HHN-BIR-01,2024-12-10,9,2.6555555555555554
HHN-BIR-01,2024-12-11,8,2.3625
HHN-BIR-01,2024-12-12,8,3.0625
HHN-BIR-01,2024-12-13,6,2.8166666666666664
HHN-BIR-01,2024-12-16,5,2.7800000000000002
HHN-BIR-01,2024-12-17,13,2.784615384615385
HHN-BIR-01,2024-12-18,1,3.0
HHN-BIR-01,2024-12-19,3,2.6
HHN-BIR-01,2024-12-20,2,3.55
HHN-BIR-01,2024-12-23,3,2.8000000000000003
HHN-BIR-01,2024-12-24,2,1.9000000000000001
HHN-BIR-01,2024-12-27,5,3.6799999999999997
HHN-BIR-01,2024-12-30,2,0.2
HHN-BIR-01,2024-12-31,2,2.25
HHN-BIR-01,2025-01-02,4,5.8
HHN-BIR-01,2025-01-03,1,5.1
HHN-BIR-01,2025-01-06,5,2.02
HHN-BIR-01,2025-01-07,4,3.225
HHN-BIR-01,2025-01-08,6,2.4166666666666665
HHN-BIR-01,2025-01-09,8,2.5625
HHN-BIR-01,2025-01-10,4,2.6500000000000004
HHN-BIR-01,2025-01-13,12,2.316666666666667
HHN-BIR-01,2025-01-14,7,3.7857142857142856
HHN-BIR-01,2025-01-15,5,2.58
HHN-BIR-01,2025-01-16,11,2.8363636363636364
HHN-BIR-01,2025-01-17,8,3.2125
HHN-BIR-01,2025-01-20,12,2.658333333333333
HHN-BIR-01,2025-01-21,7,2.3714285714285714
HHN-BIR-01,2025-01-22,6,2.25
HHN-BIR-01,2025-01-23,7,3.914285714285714
HHN-BIR-01,2025-01-24,7,2.142857142857143
HHN-BIR-01,2025-01-27,8,1.625
HHN-BIR-01,2025-01-28,5,3.88
HHN-BIR-01,2025-01-29,7,2.314285714285714
HHN-BIR-01,2025-01-30,10,2.02
HHN-BIR-01,2025-01-31,9,2.3
HHN-BIR-01,2025-02-03,7,2.5
HHN-BIR-01,2025-02-04,13,3.4000000000000004
HHN-BIR-01,2025-02-05,11,2.227272727272727
HHN-BIR-01,2025-02-06,2,3.3499999999999996
HHN-BIR-01,2025-02-07,6,1.5999999999999999
HHN-BIR-01,2025-02-10,6,2.8666666666666667
HHN-BIR-01,2025-02-11,9,2.155555555555556
HHN-BIR-01,2025-02-12,3,2.3666666666666667
HHN-BIR-01,2025-02-13,14,2.757142857142857
HHN-BIR-01,2025-02-14,7,3.6142857142857143
HHN-BIR-01,2025-02-17,7,1.3571428571428572
HHN-BIR-01,2025-02-18,14,2.7214285714285715
HHN-BIR-01,2025-02-19,10,2.5300000000000002
HHN-BIR-01,2025-02-20,6,1.4333333333333333
HHN-BIR-01,2025-02-21,9,3.177777777777778
HHN-BIR-01,2025-02-24,12,3.4583333333333335
HHN-BIR-01,2025-02-25,4,2.575
HHN-BIR-01,2025-02-26,4,2.925
HHN-BIR-01,2025-02-27,8,3.2624999999999997
HHN-BIR-01,2025-02-28,6,3.65
HHN-BIR-01,2025-03-03,4,3.675
HHN-BIR-01,2025-03-04,9,3.888888888888889
HHN-BIR-01,2025-03-05,4,2.5250000000000004
HHN-BIR-01,2025-03-06,6,2.2333333333333334
HHN-BIR-01,2025-03-07,9,1.2000000000000002
HHN-BIR-01,2025-03-10,6,2.0500000000000003
HHN-BIR-01,2025-03-11,9,1.6888888888888889
HHN-BIR-01,2025-03-12,7,3.5
HHN-BIR-01,2025-03-13,6,2.283333333333333
HHN-BIR-01,2025-03-14,5,3.08
HHN-BIR-01,2025-03-17,7,2.5142857142857147
HHN-BIR-01,2025-03-18,6,3.516666666666667
HHN-BIR-01,2025-03-19,6,2.4833333333333334
HHN-BIR-01,2025-03-20,10,4.0600000000000005
HHN-BIR-01,2025-03-21,4,1.875
HHN-BIR-01,2025-03-24,9,2.7
HHN-BIR-01,2025-03-25,11,2.8045454545454547
HHN-BIR-01,2025-03-26,6,1.3499999999999999
HHN-BIR-01,2025-03-27,9,2.7444444444444445
HHN-BIR-01,2025-03-28,5,3.1399999999999997
HHN-BIR-01,2025-03-31,11,2.3954545454545455
HHN-BIR-01,2025-04-01,7,3.271428571428572
HHN-BIR-01,2025-04-02,13,2.4384615384615382
HHN-BIR-01,2025-04-03,6,2.1333333333333333
HHN-BIR-01,2025-04-04,5,2.7399999999999998
HHN-BIR-01,2025-04-07,8,1.85
HHN-BIR-01,2025-04-08,4,2.825
HHN-BIR-01,2025-04-09,5,2.2600000000000002
HHN-BIR-01,2025-04-10,12,2.9499999999999997
HHN-BIR-01,2025-04-11,7,3.4857142857142853
HHN-BIR-01,2025-04-14,9,3.477777777777778
HHN-BIR-01,2025-04-15,6,1.9666666666666668
HHN-BIR-01,2025-04-16,12,2.425
HHN-BIR-01,2025-04-17,5,4.12
HHN-BIR-01,2025-04-22,8,4.0
HHN-BIR-01,2025-04-23,12,1.8916666666666666
HHN-BIR-01,2025-04-24,11,3.727272727272727
HHN-BIR-01,2025-04-25,11,3.6545454545454548
HHN-BIR-01,2025-04-28,11,3.4181818181818184
HHN-BIR-01,2025-04-29,10,2.0100000000000002
HHN-BIR-01,2025-04-30,6,3.516666666666667
HHN-BIR-01,2025-05-01,13,3.353846153846154
HHN-BIR-01,2025-05-02,13,2.661538461538462
HHN-BIR-01,2025-05-06,11,1.8818181818181818
HHN-BIR-01,2025-05-07,10,2.94
HHN-BIR-01,2025-05-08,10,2.62
HHN-BIR-01,2025-05-09,8,1.8375
HHN-BIR-01,2025-05-12,7,2.5
HHN-BIR-01,2025-05-13,13,2.623076923076923
HHN-BIR-01,2025-05-14,7,2.1142857142857143
HHN-BIR-01,2025-05-15,7,4.214285714285714
HHN-BIR-01,2025-05-16,8,1.7000000000000002
HHN-BIR-01,2025-05-19,14,2.207142857142857
HHN-BIR-01,2025-05-20,8,2.3
HHN-BIR-01,2025-05-21,6,2.6333333333333333
HHN-BIR-01,2025-05-22,6,2.8333333333333335
HHN-BIR-01,2025-05-23,14,2.0571428571428574
HHN-BIR-01,2025-05-27,5,2.54
HHN-BIR-01,2025-05-28,7,2.442857142857143
HHN-BIR-01,2025-05-29,11,2.5636363636363635
HHN-BIR-01,2025-05-30,7,2.0714285714285716
HHN-BIR-01,2025-06-02,15,2.7666666666666666
HHN-BIR-01,2025-06-03,5,3.34
HHN-BIR-01,2025-06-04,7,2.814285714285714
HHN-BIR-01,2025-06-05,4,2.625
HHN-BIR-01,2025-06-06,8,3.0125
HHN-BIR-01,2025-06-09,11,3.036363636363636
HHN-BIR-01,2025-06-10,6,3.3833333333333333
HHN-BIR-01,2025-06-11,9,3.4333333333333336
HHN-BIR-01,2025-06-12,5,2.6
HHN-BIR-01,2025-06-13,7,2.9
HHN-BIR-01,2025-06-16,9,3.0
HHN-BIR-01,2025-06-17,8,3.575
HHN-BIR-01,2025-06-18,11,3.1
HHN-BIR-01,2025-06-19,11,2.9545454545454546
HHN-BIR-01,2025-06-20,8,2.4375
HHN-BIR-01,2025-06-23,12,2.608333333333333
HHN-BIR-01,2025-06-24,8,3.125
HHN-BIR-01,2025-06-25,11,2.7181818181818183
HHN-BIR-01,2025-06-26,13,1.6307692307692307
HHN-BIR-01,2025-06-27,5,3.5
HHN-BIR-01,2025-06-30,9,2.988888888888889
HHN-BIR-01,2025-07-01,7,2.5214285714285714
HHN-BIR-01,2025-07-02,10,2.2800000000000002
HHN-BIR-01,2025-07-03,12,2.591666666666667
HHN-BIR-01,2025-07-04,2,2.9
HHN-BIR-01,2025-07-07,18,2.561111111111111
HHN-BIR-01,2025-07-08,4,3.25
HHN-BIR-01,2025-07-09,11,2.7181818181818183
HHN-BIR-01,2025-07-10,5,3.46
HHN-BIR-01,2025-07-11,10,3.09
HHN-BIR-01,2025-07-14,10,3.3200000000000003
HHN-BIR-01,2025-07-15,9,2.7777777777777777
HHN-BIR-01,2025-07-16,11,2.9181818181818184
HHN-BIR-01,2025-07-17,9,2.855555555555556
HHN-BIR-01,2025-07-18,6,3.233333333333333
HHN-BIR-01,2025-07-21,7,2.3714285714285714
HHN-BIR-01,2025-07-22,5,3.3
HHN-BIR-01,2025-07-23,6,2.3833333333333333
HHN-BIR-01,2025-07-24,9,2.9
HHN-BIR-01,2025-07-25,10,2.6700000000000004
HHN-BIR-01,2025-07-28,10,3.16
HHN-BIR-01,2025-07-29,7,2.757142857142857
HHN-BIR-01,2025-07-30,9,3.1444444444444444
HHN-BIR-01,2025-07-31,20,2.75
HHN-BIR-01,2025-08-01,4,3.8
HHN-BIR-01,2025-08-04,5,1.6800000000000002
HHN-BIR-01,2025-08-05,3,4.666666666666667
HHN-BIR-01,2025-08-06,8,2.2625
HHN-BIR-01,2025-08-07,5,3.56
HHN-BIR-01,2025-08-08,3,2.1999999999999997
HHN-BIR-01,2025-08-11,5,3.08
HHN-BIR-01,2025-08-12,2,4.2
HHN-BIR-01,2025-08-13,8,2.1875
HHN-BIR-01,2025-08-14,3,2.9333333333333336
HHN-BIR-01,2025-08-15,5,3.4
HHN-BIR-01,2025-08-18,7,2.7142857142857144
HHN-BIR-01,2025-08-19,3,2.1666666666666665
HHN-BIR-01,2025-08-20,8,2.175
HHN-BIR-01,2025-08-21,5,2.54
HHN-BIR-01,2025-08-22,3,2.433333333333333
HHN-BIR-01,2025-08-26,4,2.65
HHN-BIR-01,2025-08-27,6,2.4833333333333334
HHN-BIR-01,2025-08-28,4,4.1
HHN-BIR-01,2025-08-29,2,3.8000000000000003
HHN-BIR-01,2025-09-01,12,2.158333333333333
HHN-BIR-01,2025-09-02,13,2.1538461538461537
HHN-BIR-01,2025-09-03,10,2.6399999999999997
HHN-BIR-01,2025-09-04,9,2.966666666666667
HHN-BIR-01,2025-09-05,11,2.5545454545454547
HHN-BIR-01,2025-09-08,8,2.025
HHN-BIR-01,2025-09-09,11,3.2363636363636363
HHN-BIR-01,2025-09-10,7,2.757142857142857
HHN-BIR-01,2025-09-11,12,2.558333333333333
HHN-BIR-01,2025-09-12,11,2.5727272727272728
HHN-BIR-01,2025-09-15,7,3.4
HHN-BIR-01,2025-09-16,8,2.6
HHN-BIR-01,2025-09-17,17,3.1411764705882352
HHN-BIR-01,2025-09-18,14,3.442857142857143
HHN-BIR-01,2025-09-19,5,2.88
HHN-BIR-01,2025-09-22,9,2.8666666666666667
HHN-BIR-01,2025-09-23,9,3.1333333333333333
HHN-BIR-01,2025-09-24,6,3.216666666666667
HHN-BIR-01,2025-09-25,17,2.341176470588235
HHN-BIR-01,2025-09-26,10,2.57
HHN-BIR-01,2025-09-29,9,2.6444444444444444
HHN-BIR-01,2025-09-30,10,2.7800000000000002
HHN-BIR-01,2025-10-01,12,2.5666666666666664
HHN-BIR-01,2025-10-02,5,3.12
HHN-BIR-01,2025-10-03,11,2.290909090909091
HHN-BIR-01,2025-10-06,3,2.733333333333333
HHN-BIR-01,2025-10-07,8,3.15
HHN-BIR-01,2025-10-08,7,2.685714285714286
HHN-BIR-01,2025-10-09,6,3.9000000000000004
HHN-BIR-01,2025-10-10,4,2.5
HHN-BIR-01,2025-10-13,4,3.425
HHN-BIR-01,2025-10-14,15,2.2266666666666666
HHN-BIR-01,2025-10-15,12,3.941666666666667
HHN-BIR-01,2025-10-16,9,3.677777777777778
HHN-BIR-01,2025-10-17,7,3.357142857142857
HHN-BIR-01,2025-10-20,11,3.4818181818181815
HHN-BIR-01,2025-10-21,11,2.8363636363636364
HHN-BIR-01,2025-10-22,12,2.6666666666666665
HHN-BIR-01,2025-10-23,7,2.5285714285714285
HHN-BIR-01,2025-10-24,8,2.375
HHN-BIR-01,2025-10-27,7,2.8857142857142857
HHN-BIR-01,2025-10-28,6,4.066666666666666
HHN-BIR-01,2025-10-29,14,2.7285714285714286
HHN-BIR-01,2025-10-30,5,2.96
HHN-BIR-01,2025-10-31,8,2.0125
HHN-BIR-01,2025-11-03,16,2.79375
HHN-BIR-01,2025-11-04,11,2.1999999999999997
HHN-BIR-01,2025-11-05,3,1.9666666666666668
HHN-BIR-01,2025-11-06,5,3.9
HHN-BIR-01,2025-11-07,11,2.8545454545454545
HHN-BIR-01,2025-11-10,9,2.411111111111111
HHN-BIR-01,2025-11-11,5,3.2199999999999998
HHN-BIR-01,2025-11-12,8,2.5
HHN-BIR-01,2025-11-13,10,3.6799999999999997
HHN-BIR-01,2025-11-14,6,2.8166666666666664
HHN-BIR-01,2025-11-17,5,2.94
HHN-BIR-01,2025-11-18,8,3.45
HHN-BIR-01,2025-11-19,11,2.190909090909091
HHN-BIR-01,2025-11-20,13,2.4076923076923076
HHN-BIR-01,2025-11-21,7,3.8428571428571425
HHN-BIR-01,2025-11-24,11,2.2181818181818183
HHN-BIR-01,2025-11-25,3,3.4000000000000004
HHN-BIR-01,2025-11-26,11,2.4727272727272727
HHN-BIR-01,2025-11-27,7,2.542857142857143
HHN-BIR-01,2025-11-28,7,3.8857142857142857
HHN-BIR-01,2025-12-01,8,3.475
HHN-BIR-01,2025-12-02,9,2.8333333333333335
HHN-BIR-01,2025-12-03,6,1.7833333333333332
HHN-BIR-01,2025-12-04,6,3.6833333333333336
HHN-BIR-01,2025-12-05,7,3.042857142857143
HHN-BIR-01,2025-12-08,11,2.4363636363636365
HHN-BIR-01,2025-12-09,7,3.9714285714285715
HHN-BIR-01,2025-12-10,10,1.9300000000000002
HHN-BIR-01,2025-12-11,6,2.8166666666666664
HHN-BIR-01,2025-12-12,2,2.35
HHN-BIR-01,2025-12-15,7,3.1714285714285717
HHN-BIR-01,2025-12-16,8,3.275
HHN-BIR-01,2025-12-17,14,3.0142857142857147
HHN-BIR-01,2025-12-18,7,3.1571428571428575
HHN-BIR-01,2025-12-19,1,3.3
HHN-BIR-01,2025-12-22,2,3.4499999999999997
HHN-BIR-01,2025-12-23,1,4.0
HHN-BIR-01,2025-12-24,2,6.050000000000001
HHN-BIR-01,2025-12-30,2,2.025
HHN-BIR-01,2025-12-31,6,3.6833333333333336
HHN-EDI-01,2024-01-02,4,2.95
HHN-EDI-01,2024-01-03,7,2.4857142857142853
HHN-EDI-01,2024-01-04,3,3.966666666666667
HHN-EDI-01,2024-01-05,1,4.3
HHN-EDI-01,2024-01-08,5,2.6399999999999997
HHN-EDI-01,2024-01-09,8,2.875
HHN-EDI-01,2024-01-10,2,2.4
HHN-EDI-01,2024-01-11,2,1.05
HHN-EDI-01,2024-01-12,3,2.3000000000000003
HHN-EDI-01,2024-01-15,1,0.2
HHN-EDI-01,2024-01-16,1,1.8
HHN-EDI-01,2024-01-17,3,3.5333333333333337
HHN-EDI-01,2024-01-18,4,3.0
HHN-EDI-01,2024-01-19,1,3.6
HHN-EDI-01,2024-01-22,5,1.7
HHN-EDI-01,2024-01-23,1,3.2
HHN-EDI-01,2024-01-24,3,3.6
HHN-EDI-01,2024-01-25,1,3.8
HHN-EDI-01,2024-01-26,3,4.1000000000000005
HHN-EDI-01,2024-01-29,7,4.128571428571428
HHN-EDI-01,2024-01-30,8,1.8499999999999999
HHN-EDI-01,2024-01-31,5,2.2399999999999998
HHN-EDI-01,2024-02-01,5,3.7600000000000002
HHN-EDI-01,2024-02-02,1,4.4
HHN-EDI-01,2024-02-05,1,4.7
HHN-EDI-01,2024-02-06,6,3.15
HHN-EDI-01,2024-02-07,4,1.2
HHN-EDI-01,2024-02-08,4,3.0250000000000004
HHN-EDI-01,2024-02-09,4,2.05
HHN-EDI-01,2024-02-12,5,3.44
HHN-EDI-01,2024-02-13,7,2.9857142857142853
HHN-EDI-01,2024-02-14,3,4.7
HHN-EDI-01,2024-02-15,4,2.25
HHN-EDI-01,2024-02-16,2,1.4500000000000002
HHN-EDI-01,2024-02-19,4,3.8499999999999996
HHN-EDI-01,2024-02-20,5,3.3200000000000003
HHN-EDI-01,2024-02-21,2,3.0
HHN-EDI-01,2024-02-22,6,2.5833333333333335
HHN-EDI-01,2024-02-23,1,4.2
HHN-EDI-01,2024-02-26,3,3.233333333333334
HHN-EDI-01,2024-02-27,4,3.15
HHN-EDI-01,2024-02-28,3,3.1666666666666665
HHN-EDI-01,2024-02-29,4,4.975
HHN-EDI-01,2024-03-01,6,3.1999999999999997
HHN-EDI-01,2024-03-04,7,2.942857142857143
HHN-EDI-01,2024-03-05,2,0.25
HHN-EDI-01,2024-03-06,6,3.966666666666667
HHN-EDI-01,2024-03-07,7,1.5857142857142856
HHN-EDI-01,2024-03-08,2,2.6500000000000004
HHN-EDI-01,2024-03-11,3,3.1
HHN-EDI-01,2024-03-12,2,3.6500000000000004
HHN-EDI-01,2024-03-13,4,2.4
HHN-EDI-01,2024-03-14,3,4.933333333333334
HHN-EDI-01,2024-03-15,2,2.5
HHN-EDI-01,2024-03-18,3,2.766666666666667
HHN-EDI-01,2024-03-19,4,2.3
HHN-EDI-01,2024-03-20,5,3.2199999999999998
HHN-EDI-01,2024-03-21,3,3.466666666666667
HHN-EDI-01,2024-03-22,3,2.0
HHN-EDI-01,2024-03-25,8,3.4
HHN-EDI-01,2024-03-26,1,1.4
HHN-EDI-01,2024-03-27,5,3.06
HHN-EDI-01,2024-03-28,4,3.0
HHN-EDI-01,2024-04-02,10,2.37
HHN-EDI-01,2024-04-03,4,4.6
HHN-EDI-01,2024-04-04,5,2.48
HHN-EDI-01,2024-04-05,6,2.8666666666666667
HHN-EDI-01,2024-04-08,7,3.8428571428571425
HHN-EDI-01,2024-04-09,5,3.4
HHN-EDI-01,2024-04-10,10,2.12
HHN-EDI-01,2024-04-11,9,2.111111111111111
HHN-EDI-01,2024-04-12,4,1.525
HHN-EDI-01,2024-04-15,6,2.233333333333333
HHN-EDI-01,2024-04-16,8,2.85
HHN-EDI-01,2024-04-17,6,2.4499999999999997
HHN-EDI-01,2024-04-18,4,3.675
HHN-EDI-01,2024-04-19,8,2.45
HHN-EDI-01,2024-04-22,5,2.3
HHN-EDI-01,2024-04-23,5,3.08
HHN-EDI-01,2024-04-24,5,2.3
HHN-EDI-01,2024-04-25,6,3.5833333333333335
HHN-EDI-01,2024-04-26,2,1.75
HHN-EDI-01,2024-04-29,2,2.6
HHN-EDI-01,2024-04-30,6,1.7
HHN-EDI-01,2024-05-01,3,3.1333333333333333
HHN-EDI-01,2024-05-02,4,2.6999999999999997
HHN-EDI-01,2024-05-03,3,3.233333333333333
HHN-EDI-01,2024-05-07,6,4.633333333333334
HHN-EDI-01,2024-05-08,4,2.75
HHN-EDI-01,2024-05-09,2,2.9
HHN-EDI-01,2024-05-10,7,3.957142857142857
HHN-EDI-01,2024-05-13,2,2.45
HHN-EDI-01,2024-05-14,7,3.5
HHN-EDI-01,2024-05-15,8,1.7125
HHN-EDI-01,2024-05-16,9,1.9888888888888887
HHN-EDI-01,2024-05-17,7,1.9142857142857144
HHN-EDI-01,2024-05-20,13,2.707692307692308
HHN-EDI-01,2024-05-21,2,4.5
HHN-EDI-01,2024-05-22,4,3.425
HHN-EDI-01,2024-05-23,4,4.375
HHN-EDI-01,2024-05-24,5,3.78
HHN-EDI-01,2024-05-28,4,2.425
HHN-EDI-01,2024-05-29,8,2.45
HHN-EDI-01,2024-05-30,5,2.6399999999999997
HHN-EDI-01,2024-05-31,7,3.3857142857142857
HHN-EDI-01,2024-06-03,6,3.4
HHN-EDI-01,2024-06-04,3,2.4333333333333336
HHN-EDI-01,2024-06-05,4,1.9750000000000003
HHN-EDI-01,2024-06-06,4,2.975
HHN-EDI-01,2024-06-10,7,2.1285714285714286
HHN-EDI-01,2024-06-11,6,2.05
HHN-EDI-01,2024-06-12,6,2.9666666666666663
HHN-EDI-01,2024-06-13,5,1.4
HHN-EDI-01,2024-06-14,1,4.2
HHN-EDI-01,2024-06-17,8,3.3375
HHN-EDI-01,2024-06-18,7,3.1999999999999997
HHN-EDI-01,2024-06-19,5,2.7800000000000002
HHN-EDI-01,2024-06-20,3,4.166666666666667
HHN-EDI-01,2024-06-21,3,3.5666666666666664
HHN-EDI-01,2024-06-25,3,1.9000000000000001
HHN-EDI-01,2024-06-26,5,4.0600000000000005
HHN-EDI-01,2024-06-27,7,3.742857142857143
HHN-EDI-01,2024-06-28,4,2.7
HHN-EDI-01,2024-07-01,5,2.58
HHN-EDI-01,2024-07-02,6,3.3666666666666667
HHN-EDI-01,2024-07-03,7,3.385714285714286
HHN-EDI-01,2024-07-04,5,4.0200000000000005
HHN-EDI-01,2024-07-05,2,5.550000000000001
HHN-EDI-01,2024-07-08,3,1.9666666666666666
HHN-EDI-01,2024-07-09,7,3.057142857142857
HHN-EDI-01,2024-07-10,6,2.4833333333333334
HHN-EDI-01,2024-07-11,10,3.6
HHN-EDI-01,2024-07-12,4,2.3
HHN-EDI-01,2024-07-15,5,3.34
HHN-EDI-01,2024-07-16,8,3.45
HHN-EDI-01,2024-07-17,7,3.2857142857142856
HHN-EDI-01,2024-07-18,6,3.75
HHN-EDI-01,2024-07-19,6,3.033333333333333
HHN-EDI-01,2024-07-22,10,1.54
HHN-EDI-01,2024-07-23,8,2.2
HHN-EDI-01,2024-07-24,3,3.1666666666666665
HHN-EDI-01,2024-07-25,4,2.475
HHN-EDI-01,2024-07-26,3,3.533333333333333
HHN-EDI-01,2024-07-29,2,2.25
HHN-EDI-01,2024-07-30,4,1.75
HHN-EDI-01,2024-07-31,7,1.4714285714285715
HHN-EDI-01,2024-08-01,4,1.925
HHN-EDI-01,2024-08-02,4,1.725
HHN-EDI-01,2024-08-05,3,3.866666666666667
HHN-EDI-01,2024-08-06,6,3.533333333333333
HHN-EDI-01,2024-08-07,1,3.9
HHN-EDI-01,2024-08-08,3,4.8
HHN-EDI-01,2024-08-09,2,2.45
HHN-EDI-01,2024-08-12,3,5.066666666666666
HHN-EDI-01,2024-08-13,4,2.075
HHN-EDI-01,2024-08-14,4,3.5
HHN-EDI-01,2024-08-15,2,4.05
HHN-EDI-01,2024-08-16,2,4.75
HHN-EDI-01,2024-08-19,1,0.2
HHN-EDI-01,2024-08-20,6,2.4
HHN-EDI-01,2024-08-21,5,3.34
HHN-EDI-01,2024-08-22,4,1.9
HHN-EDI-01,2024-08-23,3,2.766666666666667
HHN-EDI-01,2024-08-27,6,3.1166666666666667
HHN-EDI-01,2024-08-28,3,3.233333333333333
HHN-EDI-01,2024-08-29,1,0.2
HHN-EDI-01,2024-08-30,3,3.8666666666666667
HHN-EDI-01,2024-09-02,5,3.3
HHN-EDI-01,2024-09-03,5,3.04
HHN-EDI-01,2024-09-04,7,3.085714285714286
HHN-EDI-01,2024-09-05,5,2.66
HHN-EDI-01,2024-09-06,4,1.8
HHN-EDI-01,2024-09-09,9,3.8333333333333335
HHN-EDI-01,2024-09-10,5,4.08
HHN-EDI-01,2024-09-11,8,3.5875
HHN-EDI-01,2024-09-12,7,2.6142857142857143
HHN-EDI-01,2024-09-13,2,4.25
HHN-EDI-01,2024-09-16,7,3.7285714285714286
HHN-EDI-01,2024-09-17,6,3.3333333333333335
HHN-EDI-01,2024-09-18,10,3.5
HHN-EDI-01,2024-09-19,6,3.266666666666667
HHN-EDI-01,2024-09-20,7,3.1714285714285713
HHN-EDI-01,2024-09-23,7,2.457142857142857
HHN-EDI-01,2024-09-24,7,3.3000000000000003
HHN-EDI-01,2024-09-25,5,3.3200000000000003
HHN-EDI-01,2024-09-26,9,3.1888888888888887
HHN-EDI-01,2024-09-27,6,1.6333333333333335
HHN-EDI-01,2024-09-30,7,2.3857142857142857
HHN-EDI-01,2024-10-01,5,1.6
HHN-EDI-01,2024-10-02,6,2.216666666666667
HHN-EDI-01,2024-10-03,4,3.9250000000000003
HHN-EDI-01,2024-10-04,4,5.375
HHN-EDI-01,2024-10-07,5,4.9
HHN-EDI-01,2024-10-08,9,3.2333333333333334
HHN-EDI-01,2024-10-09,6,1.9833333333333334
HHN-EDI-01,2024-10-10,10,3.25
HHN-EDI-01,2024-10-11,3,0.20000000000000004
HHN-EDI-01,2024-10-14,4,1.65
HHN-EDI-01,2024-10-15,6,3.35
HHN-EDI-01,2024-10-16,4,3.575
HHN-EDI-01,2024-10-17,2,2.5
HHN-EDI-01,2024-10-18,3,1.4000000000000001
HHN-EDI-01,2024-10-21,4,1.9000000000000001
HHN-EDI-01,2024-10-22,7,2.5142857142857147
HHN-EDI-01,2024-10-23,6,3.75
HHN-EDI-01,2024-10-24,5,2.6399999999999997
HHN-EDI-01,2024-10-25,4,1.55
HHN-EDI-01,2024-10-28,9,3.3777777777777778
HHN-EDI-01,2024-10-29,3,3.266666666666667
HHN-EDI-01,2024-10-30,6,1.7166666666666668
HHN-EDI-01,2024-10-31,10,3.3200000000000003
HHN-EDI-01,2024-11-01,7,3.9714285714285715
HHN-EDI-01,2024-11-04,5,2.82
HHN-EDI-01,2024-11-05,8,2.825
HHN-EDI-01,2024-11-06,2,4.5
HHN-EDI-01,2024-11-07,5,2.7
HHN-EDI-01,2024-11-08,3,2.966666666666667
HHN-EDI-01,2024-11-11,5,1.4
HHN-EDI-01,2024-11-12,8,2.9875
HHN-EDI-01,2024-11-13,5,3.6399999999999997
HHN-EDI-01,2024-11-14,3,2.966666666666667
HHN-EDI-01,2024-11-15,2,5.4
HHN-EDI-01,2024-11-18,10,2.7800000000000002
HHN-EDI-01,2024-11-19,5,2.7199999999999998
HHN-EDI-01,2024-11-20,5,1.54
HHN-EDI-01,2024-11-21,5,2.9
HHN-EDI-01,2024-11-22,4,1.975
HHN-EDI-01,2024-11-25,6,3.0
HHN-EDI-01,2024-11-26,6,2.6999999999999997
HHN-EDI-01,2024-11-27,5,2.04
HHN-EDI-01,2024-11-28,3,2.7999999999999994
HHN-EDI-01,2024-11-29,5,5.24
HHN-EDI-01,2024-12-02,4,3.375
HHN-EDI-01,2024-12-03,6,2.6999999999999997
HHN-EDI-01,2024-12-04,5,2.54
HHN-EDI-01,2024-12-05,1,2.5
HHN-EDI-01,2024-12-06,3,1.1666666666666667
HHN-EDI-01,2024-12-09,3,3.1
HHN-EDI-01,2024-12-10,5,4.5200000000000005
HHN-EDI-01,2024-12-11,5,2.8600000000000003
HHN-EDI-01,2024-12-12,3,3.6
HHN-EDI-01,2024-12-13,3,3.6333333333333333
HHN-EDI-01,2024-12-16,8,1.875
HHN-EDI-01,2024-12-17,5,2.68
HHN-EDI-01,2024-12-18,1,2.1
HHN-EDI-01,2024-12-19,2,2.55
HHN-EDI-01,2024-12-20,1,3.2
HHN-EDI-01,2024-12-24,1,4.0
HHN-EDI-01,2024-12-27,1,4.4
HHN-EDI-01,2024-12-31,1,2.1
HHN-EDI-01,2025-01-02,1,3.0
HHN-EDI-01,2025-01-03,1,1.9
HHN-EDI-01,2025-01-06,3,3.4
HHN-EDI-01,2025-01-07,6,3.016666666666667
HHN-EDI-01,2025-01-08,4,4.0
HHN-EDI-01,2025-01-09,4,2.1750000000000003
HHN-EDI-01,2025-01-10,6,3.1
HHN-EDI-01,2025-01-13,4,3.625
HHN-EDI-01,2025-01-14,2,1.9000000000000001
HHN-EDI-01,2025-01-15,6,3.0
HHN-EDI-01,2025-01-16,8,3.3874999999999997
HHN-EDI-01,2025-01-17,5,2.68
HHN-EDI-01,2025-01-20,7,2.557142857142857
HHN-EDI-01,2025-01-21,6,2.4499999999999997
HHN-EDI-01,2025-01-22,2,3.6
HHN-EDI-01,2025-01-23,3,2.8333333333333335
HHN-EDI-01,2025-01-24,2,1.1
HHN-EDI-01,2025-01-27,4,2.975
HHN-EDI-01,2025-01-28,2,3.75
HHN-EDI-01,2025-01-29,5,2.68
HHN-EDI-01,2025-01-30,7,4.1571428571428575
HHN-EDI-01,2025-01-31,3,2.6999999999999997
HHN-EDI-01,2025-02-03,6,3.5
HHN-EDI-01,2025-02-04,7,3.5285714285714285
HHN-EDI-01,2025-02-05,5,2.34
HHN-EDI-01,2025-02-06,6,4.016666666666667
HHN-EDI-01,2025-02-07,1,4.3
HHN-EDI-01,2025-02-10,5,4.1
HHN-EDI-01,2025-02-11,6,4.116666666666667
HHN-EDI-01,2025-02-12,4,2.725
HHN-EDI-01,2025-02-13,6,3.0833333333333335
HHN-EDI-01,2025-02-14,4,2.875
HHN-EDI-01,2025-02-17,4,3.575
HHN-EDI-01,2025-02-18,5,3.16
HHN-EDI-01,2025-02-19,1,2.9
HHN-EDI-01,2025-02-20,6,3.0666666666666664
HHN-EDI-01,2025-02-21,4,3.075
HHN-EDI-01,2025-02-25,4,2.5
HHN-EDI-01,2025-02-26,3,3.0333333333333337
HHN-EDI-01,2025-02-27,4,3.125
HHN-EDI-01,2025-02-28,4,3.6
HHN-EDI-01,2025-03-03,5,3.5200000000000005
HHN-EDI-01,2025-03-04,6,3.3833333333333333
HHN-EDI-01,2025-03-05,8,1.725
HHN-EDI-01,2025-03-06,8,2.6125
HHN-EDI-01,2025-03-07,2,1.35
HHN-EDI-01,2025-03-10,3,3.5
HHN-EDI-01,2025-03-11,6,2.6333333333333333
HHN-EDI-01,2025-03-12,4,3.075
HHN-EDI-01,2025-03-13,7,3.4
HHN-EDI-01,2025-03-14,5,1.98
HHN-EDI-01,2025-03-17,5,3.04
HHN-EDI-01,2025-03-18,6,2.5833333333333335
HHN-EDI-01,2025-03-19,5,3.2400000000000007
HHN-EDI-01,2025-03-20,5,1.5399999999999998
HHN-EDI-01,2025-03-21,3,4.066666666666666
HHN-EDI-01,2025-03-24,2,3.8000000000000003
HHN-EDI-01,2025-03-25,5,3.7
HHN-EDI-01,2025-03-26,2,1.0
HHN-EDI-01,2025-03-27,2,3.55
HHN-EDI-01,2025-03-28,2,2.9000000000000004
HHN-EDI-01,2025-03-31,5,3.2
HHN-EDI-01,2025-04-01,8,3.4375
HHN-EDI-01,2025-04-02,6,2.8000000000000003
HHN-EDI-01,2025-04-03,3,0.6333333333333333
HHN-EDI-01,2025-04-04,4,4.325
HHN-EDI-01,2025-04-07,5,2.62
HHN-EDI-01,2025-04-08,9,2.477777777777778
HHN-EDI-01,2025-04-09,3,3.4333333333333336
HHN-EDI-01,2025-04-10,7,3.0714285714285716
HHN-EDI-01,2025-04-11,7,3.3285714285714287
HHN-EDI-01,2025-04-14,7,2.6714285714285713
HHN-EDI-01,2025-04-15,7,1.3857142857142857
HHN-EDI-01,2025-04-16,7,3.3285714285714287
HHN-EDI-01,2025-04-17,6,3.8166666666666664
HHN-EDI-01,2025-04-22,6,3.1833333333333336
HHN-EDI-01,2025-04-23,6,3.0666666666666664
HHN-EDI-01,2025-04-24,3,3.633333333333333
HHN-EDI-01,2025-04-28,5,2.7800000000000002
HHN-EDI-01,2025-04-29,13,3.2230769230769236
HHN-EDI-01,2025-04-30,8,3.575
HHN-EDI-01,2025-05-01,3,3.766666666666666
HHN-EDI-01,2025-05-02,7,2.1714285714285713
HHN-EDI-01,2025-05-06,9,3.1666666666666665
HHN-EDI-01,2025-05-07,9,3.0222222222222226
HHN-EDI-01,2025-05-08,6,3.6999999999999997
HHN-EDI-01,2025-05-09,5,3.02
HHN-EDI-01,2025-05-12,7,3.1285714285714286
HHN-EDI-01,2025-05-13,6,4.066666666666666
HHN-EDI-01,2025-05-14,3,3.9333333333333336
HHN-EDI-01,2025-05-15,3,1.9000000000000001
HHN-EDI-01,2025-05-16,3,3.6
HHN-EDI-01,2025-05-19,7,2.9714285714285715
HHN-EDI-01,2025-05-20,7,2.7
HHN-EDI-01,2025-05-21,3,1.9666666666666668
HHN-EDI-01,2025-05-22,4,2.525
HHN-EDI-01,2025-05-23,2,5.35
HHN-EDI-01,2025-05-27,2,2.15
HHN-EDI-01,2025-05-28,3,3.266666666666666
HHN-EDI-01,2025-05-29,8,2.4375
HHN-EDI-01,2025-05-30,3,2.066666666666667
HHN-EDI-01,2025-06-02,7,4.1
HHN-EDI-01,2025-06-03,12,3.6166666666666667
HHN-EDI-01,2025-06-04,5,3.46
HHN-EDI-01,2025-06-05,6,2.0166666666666666
HHN-EDI-01,2025-06-06,6,3.3333333333333335
HHN-EDI-01,2025-06-09,8,3.6625
HHN-EDI-01,2025-06-10,5,2.5799999999999996
HHN-EDI-01,2025-06-11,5,3.34
HHN-EDI-01,2025-06-12,7,2.9714285714285715
HHN-EDI-01,2025-06-13,4,1.2750000000000001
HHN-EDI-01,2025-06-16,8,3.05
HHN-EDI-01,2025-06-17,8,2.6125
HHN-EDI-01,2025-06-18,8,3.8375
HHN-EDI-01,2025-06-19,11,3.372727272727273
HHN-EDI-01,2025-06-20,5,3.46
HHN-EDI-01,2025-06-23,7,2.771428571428572
HHN-EDI-01,2025-06-24,11,3.409090909090909
HHN-EDI-01,2025-06-25,4,2.675
HHN-EDI-01,2025-06-26,10,2.92
HHN-EDI-01,2025-06-27,4,2.775
HHN-EDI-01,2025-06-30,6,3.3666666666666667
HHN-EDI-01,2025-07-01,9,2.111111111111111
HHN-EDI-01,2025-07-02,6,4.3
HHN-EDI-01,2025-07-03,4,2.1500000000000004
HHN-EDI-01,2025-07-04,5,3.1800000000000006
HHN-EDI-01,2025-07-07,8,2.7875
HHN-EDI-01,2025-07-08,7,2.0714285714285716
HHN-EDI-01,2025-07-09,5,3.8200000000000003
HHN-EDI-01,2025-07-10,9,2.4222222222222225
HHN-EDI-01,2025-07-11,2,3.0999999999999996
HHN-EDI-01,2025-07-14,7,3.585714285714286
HHN-EDI-01,2025-07-15,4,2.95
HHN-EDI-01,2025-07-16,9,3.2777777777777777
HHN-EDI-01,2025-07-17,6,4.283333333333333
HHN-EDI-01,2025-07-18,4,2.1
HHN-EDI-01,2025-07-21,2,3.15
HHN-EDI-01,2025-07-22,4,2.35
HHN-EDI-01,2025-07-23,2,4.6499999999999995
HHN-EDI-01,2025-07-24,5,3.1
HHN-EDI-01,2025-07-25,4,3.15
HHN-EDI-01,2025-07-28,12,2.183333333333333
HHN-EDI-01,2025-07-29,5,4.12
HHN-EDI-01,2025-07-30,4,2.8
HHN-EDI-01,2025-07-31,2,2.15
HHN-EDI-01,2025-08-01,3,3.4000000000000004
HHN-EDI-01,2025-08-04,3,4.366666666666667
HHN-EDI-01,2025-08-05,3,2.5666666666666664
HHN-EDI-01,2025-08-06,4,3.925
HHN-EDI-01,2025-08-07,4,1.9249999999999998
HHN-EDI-01,2025-08-08,1,3.9
HHN-EDI-01,2025-08-11,1,3.6
HHN-EDI-01,2025-08-12,2,3.8499999999999996
HHN-EDI-01,2025-08-13,3,2.1
HHN-EDI-01,2025-08-14,1,3.7
HHN-EDI-01,2025-08-15,1,0.2
HHN-EDI-01,2025-08-18,3,1.1
HHN-EDI-01,2025-08-19,4,2.4250000000000003
HHN-EDI-01,2025-08-20,2,3.05
HHN-EDI-01,2025-08-21,1,3.6
HHN-EDI-01,2025-08-26,6,2.566666666666667
HHN-EDI-01,2025-08-27,4,2.0
HHN-EDI-01,2025-08-28,1,6.8
HHN-EDI-01,2025-08-29,1,3.6
HHN-EDI-01,2025-09-01,9,1.8888888888888888
HHN-EDI-01,2025-09-02,3,3.0666666666666664
HHN-EDI-01,2025-09-03,1,3.9
HHN-EDI-01,2025-09-04,9,2.8444444444444446
HHN-EDI-01,2025-09-05,5,3.38
HHN-EDI-01,2025-09-08,5,3.7
HHN-EDI-01,2025-09-09,6,3.4
HHN-EDI-01,2025-09-10,7,2.557142857142857
HHN-EDI-01,2025-09-11,5,1.78
HHN-EDI-01,2025-09-12,4,3.7
HHN-EDI-01,2025-09-15,5,3.28
HHN-EDI-01,2025-09-16,7,2.414285714285714
HHN-EDI-01,2025-09-17,5,2.4
HHN-EDI-01,2025-09-18,9,3.3444444444444446
HHN-EDI-01,2025-09-19,6,3.4499999999999997
HHN-EDI-01,2025-09-22,2,0.2
HHN-EDI-01,2025-09-23,11,2.9818181818181815
HHN-EDI-01,2025-09-24,7,2.357142857142857
HHN-EDI-01,2025-09-25,3,3.8333333333333335
HHN-EDI-01,2025-09-26,3,3.3333333333333335
HHN-EDI-01,2025-09-29,7,2.9714285714285715
HHN-EDI-01,2025-09-30,4,3.6
HHN-EDI-01,2025-10-01,4,4.975
HHN-EDI-01,2025-10-02,4,2.825
HHN-EDI-01,2025-10-03,4,1.8250000000000002
HHN-EDI-01,2025-10-06,5,4.42
HHN-EDI-01,2025-10-07,5,2.6
HHN-EDI-01,2025-10-08,5,2.7600000000000002
HHN-EDI-01,2025-10-09,7,3.2714285714285714
HHN-EDI-01,2025-10-10,10,3.56
HHN-EDI-01,2025-10-13,4,2.8249999999999997
HHN-EDI-01,2025-10-14,7,2.7285714285714286
HHN-EDI-01,2025-10-16,6,3.8666666666666667
HHN-EDI-01,2025-10-17,4,2.4
HHN-EDI-01,2025-10-20,5,2.7800000000000002
HHN-EDI-01,2025-10-21,4,5.8500000000000005
HHN-EDI-01,2025-10-22,5,3.1399999999999997
HHN-EDI-01,2025-10-23,4,3.5
HHN-EDI-01,2025-10-24,4,3.0749999999999997
HHN-EDI-01,2025-10-27,4,2.25
HHN-EDI-01,2025-10-28,5,2.8
HHN-EDI-01,2025-10-29,2,3.45
HHN-EDI-01,2025-10-30,5,3.8600000000000003
HHN-EDI-01,2025-10-31,4,0.6
HHN-EDI-01,2025-11-03,3,2.6
HHN-EDI-01,2025-11-04,4,5.625
HHN-EDI-01,2025-11-05,3,1.8333333333333333
HHN-EDI-01,2025-11-06,4,3.55
HHN-EDI-01,2025-11-07,3,2.1666666666666665
HHN-EDI-01,2025-11-10,7,2.4857142857142853
HHN-EDI-01,2025-11-11,7,4.771428571428571
HHN-EDI-01,2025-11-12,4,2.85
HHN-EDI-01,2025-11-13,5,2.8
HHN-EDI-01,2025-11-14,6,3.3833333333333333
HHN-EDI-01,2025-11-17,7,2.642857142857143
HHN-EDI-01,2025-11-18,6,4.2
HHN-EDI-01,2025-11-19,3,1.6666666666666667
HHN-EDI-01,2025-11-20,3,4.066666666666666
HHN-EDI-01,2025-11-21,4,4.324999999999999
HHN-EDI-01,2025-11-24,3,2.066666666666667
HHN-EDI-01,2025-11-25,4,3.2
HHN-EDI-01,2025-11-26,7,3.2857142857142856
HHN-EDI-01,2025-11-27,3,3.3000000000000003
HHN-EDI-01,2025-12-01,3,3.1333333333333333
HHN-EDI-01,2025-12-02,12,4.058333333333334
HHN-EDI-01,2025-12-03,5,3.66
HHN-EDI-01,2025-12-04,3,4.566666666666666
HHN-EDI-01,2025-12-05,4,1.75
HHN-EDI-01,2025-12-08,6,3.1333333333333333
HHN-EDI-01,2025-12-09,3,3.6999999999999997
HHN-EDI-01,2025-12-10,4,2.775
HHN-EDI-01,2025-12-11,2,1.0
HHN-EDI-01,2025-12-12,4,2.825
HHN-EDI-01,2025-12-15,3,3.1666666666666665
HHN-EDI-01,2025-12-16,7,3.6285714285714286
HHN-EDI-01,2025-12-17,2,2.2
HHN-EDI-01,2025-12-18,1,2.2
HHN-EDI-01,2025-12-19,1,2.3
HHN-EDI-01,2025-12-22,3,2.2333333333333334
HHN-EDI-01,2025-12-23,1,0.2
HHN-EDI-01,2025-12-29,3,1.1666666666666667
HHN-EDI-01,2025-12-30,1,4.1
HHN-EDI-01,2025-12-31,1,2.6
HHN-LON-01,2024-01-02,2,1.5
HHN-LON-01,2024-01-03,4,1.4
HHN-LON-01,2024-01-04,12,2.5
HHN-LON-01,2024-01-05,10,2.44
HHN-LON-01,2024-01-08,5,1.1400000000000001
HHN-LON-01,2024-01-09,10,2.7800000000000002
HHN-LON-01,2024-01-10,12,3.375
HHN-LON-01,2024-01-11,10,3.62
HHN-LON-01,2024-01-12,10,2.44
HHN-LON-01,2024-01-15,6,2.3666666666666667
HHN-LON-01,2024-01-16,10,3.16
HHN-LON-01,2024-01-17,14,3.1
HHN-LON-01,2024-01-18,11,2.309090909090909
HHN-LON-01,2024-01-19,7,2.971428571428571
HHN-LON-01,2024-01-22,6,3.5
HHN-LON-01,2024-01-23,16,3.1875
HHN-LON-01,2024-01-24,10,3.46
HHN-LON-01,2024-01-25,13,2.230769230769231
HHN-LON-01,2024-01-26,7,2.685714285714286
HHN-LON-01,2024-01-29,9,3.3444444444444446
HHN-LON-01,2024-01-30,14,3.6999999999999997
HHN-LON-01,2024-01-31,8,2.325
HHN-LON-01,2024-02-01,15,2.4533333333333336
HHN-LON-01,2024-02-02,4,3.025
HHN-LON-01,2024-02-05,15,3.353333333333333
HHN-LON-01,2024-02-06,3,4.633333333333334
HHN-LON-01,2024-02-07,14,2.9071428571428575
HHN-LON-01,2024-02-08,13,2.246153846153846
HHN-LON-01,2024-02-09,6,3.6999999999999997
HHN-LON-01,2024-02-12,8,1.9125
HHN-LON-01,2024-02-13,15,2.8666666666666667
HHN-LON-01,2024-02-14,20,3.3899999999999997
HHN-LON-01,2024-02-15,15,2.746666666666667
HHN-LON-01,2024-02-16,14,2.814285714285714
HHN-LON-01,2024-02-19,14,3.1285714285714286
HHN-LON-01,2024-02-20,11,4.136363636363637
HHN-LON-01,2024-02-21,19,2.884210526315789
HHN-LON-01,2024-02-22,20,2.52
HHN-LON-01,2024-02-23,10,3.05
HHN-LON-01,2024-02-26,11,1.9181818181818182
HHN-LON-01,2024-02-27,13,2.453846153846154
HHN-LON-01,2024-02-28,17,2.5588235294117645
HHN-LON-01,2024-02-29,10,3.88
HHN-LON-01,2024-03-01,11,2.5272727272727273
HHN-LON-01,2024-03-04,14,2.8
HHN-LON-01,2024-03-05,16,2.4125
HHN-LON-01,2024-03-06,15,3.453333333333333
HHN-LON-01,2024-03-07,14,3.1999999999999997
HHN-LON-01,2024-03-08,4,2.9
HHN-LON-01,2024-03-11,13,2.5999999999999996
HHN-LON-01,2024-03-12,16,3.00625
HHN-LON-01,2024-03-13,11,2.290909090909091
HHN-LON-01,2024-03-14,15,2.32
HHN-LON-01,2024-03-15,11,3.2363636363636363
HHN-LON-01,2024-03-18,13,2.0999999999999996
HHN-LON-01,2024-03-19,14,3.0214285714285714
HHN-LON-01,2024-03-20,10,2.3099999999999996
HHN-LON-01,2024-03-21,12,3.0833333333333335
HHN-LON-01,2024-03-22,13,2.7384615384615385
HHN-LON-01,2024-03-25,11,2.609090909090909
HHN-LON-01,2024-03-26,11,2.9227272727272724
HHN-LON-01,2024-03-27,14,3.1357142857142857
HHN-LON-01,2024-03-28,11,2.8000000000000003
HHN-LON-01,2024-04-02,11,3.2454545454545456
HHN-LON-01,2024-04-03,13,2.9846153846153842
HHN-LON-01,2024-04-04,16,2.825
HHN-LON-01,2024-04-05,13,3.269230769230769
HHN-LON-01,2024-04-08,17,2.7470588235294113
HHN-LON-01,2024-04-09,12,2.966666666666667
HHN-LON-01,2024-04-10,15,3.6666666666666665
HHN-LON-01,2024-04-11,8,2.7875
HHN-LON-01,2024-04-12,9,2.9555555555555553
HHN-LON-01,2024-04-15,14,2.9
HHN-LON-01,2024-04-16,11,2.6545454545454543
HHN-LON-01,2024-04-17,18,3.538888888888889
HHN-LON-01,2024-04-18,23,3.2347826086956517
HHN-LON-01,2024-04-19,17,3.335294117647059
HHN-LON-01,2024-04-22,17,3.0941176470588236
HHN-LON-01,2024-04-23,13,3.576923076923077
HHN-LON-01,2024-04-24,19,3.1315789473684212
HHN-LON-01,2024-04-25,15,1.9466666666666665
HHN-LON-01,2024-04-26,10,1.3599999999999999
HHN-LON-01,2024-04-29,19,2.526315789473684
HHN-LON-01,2024-04-30,13,3.3230769230769233
HHN-LON-01,2024-05-01,12,2.558333333333333
HHN-LON-01,2024-05-02,15,1.9333333333333333
HHN-LON-01,2024-05-03,12,3.8333333333333335
HHN-LON-01,2024-05-07,16,3.675
HHN-LON-01,2024-05-08,14,2.478571428571428
HHN-LON-01,2024-05-09,14,2.2285714285714286
HHN-LON-01,2024-05-10,12,2.716666666666667
HHN-LON-01,2024-05-13,9,2.3111111111111113
HHN-LON-01,2024-05-14,7,3.3285714285714287
HHN-LON-01,2024-05-15,17,3.176470588235294
HHN-LON-01,2024-05-16,12,1.9666666666666668
HHN-LON-01,2024-05-17,20,2.04
HHN-LON-01,2024-05-20,13,3.5307692307692307
HHN-LON-01,2024-05-21,15,2.893333333333333
HHN-LON-01,2024-05-22,16,2.75
HHN-LON-01,2024-05-23,15,3.0733333333333333
HHN-LON-01,2024-05-24,15,2.3666666666666667
HHN-LON-01,2024-05-28,14,2.435714285714286
HHN-LON-01,2024-05-29,18,2.888888888888889
HHN-LON-01,2024-05-30,10,3.15
HHN-LON-01,2024-05-31,12,2.3000000000000003
HHN-LON-01,2024-06-03,10,3.04
HHN-LON-01,2024-06-04,22,3.6
HHN-LON-01,2024-06-05,17,2.6882352941176473
HHN-LON-01,2024-06-06,16,2.7
HHN-LON-01,2024-06-07,12,2.983333333333334
HHN-LON-01,2024-06-10,21,2.5285714285714285
HHN-LON-01,2024-06-11,17,2.5823529411764703
HHN-LON-01,2024-06-12,21,2.4666666666666663
HHN-LON-01,2024-06-13,18,2.6833333333333336
HHN-LON-01,2024-06-14,15,2.83
HHN-LON-01,2024-06-17,21,2.7095238095238097
HHN-LON-01,2024-06-18,11,2.8454545454545457
HHN-LON-01,2024-06-19,14,3.3428571428571425
HHN-LON-01,2024-06-20,17,2.552941176470588
HHN-LON-01,2024-06-21,22,3.5727272727272723
HHN-LON-01,2024-06-24,22,3.0090909090909093
HHN-LON-01,2024-06-25,13,3.3076923076923075
HHN-LON-01,2024-06-26,16,3.3625
HHN-LON-01,2024-06-27,18,3.811111111111111
HHN-LON-01,2024-06-28,17,2.2823529411764705
HHN-LON-01,2024-07-01,24,3.25
HHN-LON-01,2024-07-02,12,3.3083333333333336
HHN-LON-01,2024-07-03,10,2.12
HHN-LON-01,2024-07-04,14,2.7857142857142856
HHN-LON-01,2024-07-05,10,3.315
HHN-LON-01,2024-07-08,11,1.5090909090909093
HHN-LON-01,2024-07-09,24,3.15
HHN-LON-01,2024-07-10,25,2.714
HHN-LON-01,2024-07-11,14,2.2714285714285714
HHN-LON-01,2024-07-12,16,3.40625
HHN-LON-01,2024-07-15,15,3.353333333333333
HHN-LON-01,2024-07-16,12,2.9583333333333335
HHN-LON-01,2024-07-17,14,2.4
HHN-LON-01,2024-07-18,14,3.4142857142857146
HHN-LON-01,2024-07-19,21,2.9
HHN-LON-01,2024-07-22,12,1.5666666666666667
HHN-LON-01,2024-07-23,10,1.61
HHN-LON-01,2024-07-24,21,3.0142857142857147
HHN-LON-01,2024-07-25,18,2.6722222222222225
HHN-LON-01,2024-07-26,11,3.4545454545454546
HHN-LON-01,2024-07-29,14,3.3428571428571425
HHN-LON-01,2024-07-30,20,3.185
HHN-LON-01,2024-07-31,14,2.6999999999999997
HHN-LON-01,2024-08-01,8,2.95
HHN-LON-01,2024-08-02,3,3.4333333333333336
HHN-LON-01,2024-08-05,7,2.2714285714285714
HHN-LON-01,2024-08-06,10,3.1100000000000003
HHN-LON-01,2024-08-07,5,3.0
HHN-LON-01,2024-08-08,7,3.2714285714285714
HHN-LON-01,2024-08-09,3,4.066666666666666
HHN-LON-01,2024-08-12,8,2.9875000000000003
HHN-LON-01,2024-08-13,13,2.6538461538461537
HHN-LON-01,2024-08-14,6,3.6833333333333336
HHN-LON-01,2024-08-15,3,3.233333333333333
HHN-LON-01,2024-08-16,10,3.72
HHN-LON-01,2024-08-19,2,1.9000000000000001
HHN-LON-01,2024-08-20,7,2.485714285714286
HHN-LON-01,2024-08-21,6,3.233333333333333
HHN-LON-01,2024-08-22,6,1.9666666666666668
HHN-LON-01,2024-08-23,4,1.925
HHN-LON-01,2024-08-27,5,3.08
HHN-LON-01,2024-08-28,8,3.5875
HHN-LON-01,2024-08-29,4,1.5
HHN-LON-01,2024-08-30,6,3.1333333333333333
HHN-LON-01,2024-09-02,23,3.356521739130435
HHN-LON-01,2024-09-03,17,2.4941176470588236
HHN-LON-01,2024-09-04,9,1.5444444444444445
HHN-LON-01,2024-09-05,22,3.0818181818181816
HHN-LON-01,2024-09-06,14,2.8857142857142857
HHN-LON-01,2024-09-09,17,1.7
HHN-LON-01,2024-09-10,11,2.9272727272727277
HHN-LON-01,2024-09-11,9,1.7333333333333334
HHN-LON-01,2024-09-12,11,2.809090909090909
HHN-LON-01,2024-09-13,10,2.63
HHN-LON-01,2024-09-16,10,4.0
HHN-LON-01,2024-09-17,16,3.5375
HHN-LON-01,2024-09-18,14,3.4214285714285713
HHN-LON-01,2024-09-19,16,3.2687500000000003
HHN-LON-01,2024-09-20,13,2.630769230769231
HHN-LON-01,2024-09-23,12,3.391666666666667
HHN-LON-01,2024-09-24,21,2.7714285714285714
HHN-LON-01,2024-09-25,18,2.9833333333333334
HHN-LON-01,2024-09-26,13,3.0615384615384613
HHN-LON-01,2024-09-27,12,2.475
HHN-LON-01,2024-09-30,15,2.0466666666666664
HHN-LON-01,2024-10-01,15,2.0933333333333333
HHN-LON-01,2024-10-02,14,3.542857142857143
HHN-LON-01,2024-10-03,17,2.576470588235294
HHN-LON-01,2024-10-04,16,2.4875
HHN-LON-01,2024-10-07,12,3.025
HHN-LON-01,2024-10-08,19,3.115789473684211
HHN-LON-01,2024-10-09,20,3.0149999999999997
HHN-LON-01,2024-10-10,12,2.8499999999999996
HHN-LON-01,2024-10-11,11,3.1727272727272724
HHN-LON-01,2024-10-14,13,3.6423076923076922
HHN-LON-01,2024-10-15,18,3.0444444444444443
HHN-LON-01,2024-10-16,9,2.022222222222222
HHN-LON-01,2024-10-17,12,2.8083333333333336
HHN-LON-01,2024-10-18,12,3.0416666666666665
HHN-LON-01,2024-10-21,15,2.893333333333333
HHN-LON-01,2024-10-22,17,2.5823529411764703
HHN-LON-01,2024-10-23,8,3.25
HHN-LON-01,2024-10-24,7,3.542857142857143
HHN-LON-01,2024-10-25,18,3.316666666666667
HHN-LON-01,2024-10-28,10,4.17
HHN-LON-01,2024-10-29,21,2.719047619047619
HHN-LON-01,2024-10-30,15,2.7133333333333334
HHN-LON-01,2024-10-31,14,2.4499999999999997
HHN-LON-01,2024-11-01,16,3.19375
HHN-LON-01,2024-11-04,12,3.2083333333333335
HHN-LON-01,2024-11-05,22,3.272727272727273
HHN-LON-01,2024-11-06,14,2.107142857142857
HHN-LON-01,2024-11-07,19,3.057894736842105
HHN-LON-01,2024-11-08,12,2.629166666666667
HHN-LON-01,2024-11-11,15,2.9
HHN-LON-01,2024-11-12,14,3.3214285714285716
HHN-LON-01,2024-11-13,11,3.0
HHN-LON-01,2024-11-14,11,2.5
HHN-LON-01,2024-11-15,11,1.8818181818181818
HHN-LON-01,2024-11-18,16,2.43125
HHN-LON-01,2024-11-19,14,3.2571428571428567
HHN-LON-01,2024-11-20,13,3.6384615384615384
HHN-LON-01,2024-11-21,11,3.563636363636364
HHN-LON-01,2024-11-22,14,2.792857142857143
HHN-LON-01,2024-11-25,13,1.9076923076923078
HHN-LON-01,2024-11-26,11,2.409090909090909
HHN-LON-01,2024-11-27,22,3.0
HHN-LON-01,2024-11-28,13,2.4153846153846152
HHN-LON-01,2024-11-29,8,4.05
HHN-LON-01,2024-12-02,17,2.841176470588235
HHN-LON-01,2024-12-03,11,2.772727272727273
HHN-LON-01,2024-12-04,12,3.2083333333333335
HHN-LON-01,2024-12-05,12,2.6833333333333336
HHN-LON-01,2024-12-06,12,3.216666666666667
HHN-LON-01,2024-12-09,13,2.9384615384615387
HHN-LON-01,2024-12-10,14,3.814285714285714
HHN-LON-01,2024-12-11,9,3.3
HHN-LON-01,2024-12-12,18,2.9722222222222223
HHN-LON-01,2024-12-13,5,4.0200000000000005
HHN-LON-01,2024-12-16,16,2.625
HHN-LON-01,2024-12-17,10,3.18
HHN-LON-01,2024-12-18,2,2.25
HHN-LON-01,2024-12-19,6,3.766666666666667
HHN-LON-01,2024-12-20,2,1.25
HHN-LON-01,2024-12-23,5,1.72
HHN-LON-01,2024-12-24,1,3.8
HHN-LON-01,2024-12-27,5,3.3200000000000003
HHN-LON-01,2024-12-30,2,4.3
HHN-LON-01,2024-12-31,2,4.0
HHN-LON-01,2025-01-02,4,5.125
HHN-LON-01,2025-01-03,5,3.04
HHN-LON-01,2025-01-06,16,2.28125
HHN-LON-01,2025-01-07,10,3.05
HHN-LON-01,2025-01-08,10,3.1
HHN-LON-01,2025-01-09,13,2.9538461538461536
HHN-LON-01,2025-01-10,9,2.588888888888889
HHN-LON-01,2025-01-13,11,3.3181818181818183
HHN-LON-01,2025-01-14,8,2.325
HHN-LON-01,2025-01-15,12,2.625
HHN-LON-01,2025-01-16,14,2.835714285714286
HHN-LON-01,2025-01-17,18,2.5999999999999996
HHN-LON-01,2025-01-20,11,3.1363636363636362
HHN-LON-01,2025-01-21,12,3.275
HHN-LON-01,2025-01-22,7,2.357142857142857
HHN-LON-01,2025-01-23,7,2.5
HHN-LON-01,2025-01-24,10,4.33
HHN-LON-01,2025-01-27,11,3.0818181818181816
HHN-LON-01,2025-01-28,10,2.95
HHN-LON-01,2025-01-29,8,3.4625
HHN-LON-01,2025-01-30,7,3.1571428571428575
HHN-LON-01,2025-01-31,10,2.07
HHN-LON-01,2025-02-03,14,4.021428571428571
HHN-LON-01,2025-02-04,14,3.6785714285714284
HHN-LON-01,2025-02-05,10,2.88
HHN-LON-01,2025-02-06,12,2.875
HHN-LON-01,2025-02-07,15,3.42
HHN-LON-01,2025-02-10,13,3.2846153846153845
HHN-LON-01,2025-02-11,13,1.7923076923076924
HHN-LON-01,2025-02-12,13,1.9538461538461538
HHN-LON-01,2025-02-13,17,2.7411764705882353
HHN-LON-01,2025-02-14,10,3.2399999999999998
HHN-LON-01,2025-02-17,10,1.38
HHN-LON-01,2025-02-18,15,2.753333333333333
HHN-LON-01,2025-02-19,17,2.6558823529411764
HHN-LON-01,2025-02-20,11,3.7818181818181817
HHN-LON-01,2025-02-21,7,3.6
HHN-LON-01,2025-02-24,14,2.8857142857142857
HHN-LON-01,2025-02-25,10,3.2
HHN-LON-01,2025-02-26,14,3.25
HHN-LON-01,2025-02-27,9,2.9222222222222225
HHN-LON-01,2025-02-28,10,3.65
HHN-LON-01,2025-03-03,17,3.0941176470588236
HHN-LON-01,2025-03-04,19,2.289473684210526
HHN-LON-01,2025-03-05,11,3.1454545454545455
HHN-LON-01,2025-03-06,15,3.7666666666666666
HHN-LON-01,2025-03-07,8,3.3375
HHN-LON-01,2025-03-10,18,2.7666666666666666
HHN-LON-01,2025-03-11,9,2.8333333333333335
HHN-LON-01,2025-03-12,15,2.7733333333333334
HHN-LON-01,2025-03-13,11,3.309090909090909
HHN-LON-01,2025-03-14,4,3.2
HHN-LON-01,2025-03-17,15,3.08
HHN-LON-01,2025-03-18,13,3.4538461538461536
HHN-LON-01,2025-03-19,15,3.58
HHN-LON-01,2025-03-20,11,2.9545454545454546
HHN-LON-01,2025-03-21,13,3.5461538461538464
HHN-LON-01,2025-03-24,22,2.631818181818182
HHN-LON-01,2025-03-25,11,3.7636363636363637
HHN-LON-01,2025-03-26,17,2.605882352941176
HHN-LON-01,2025-03-27,13,2.3153846153846156
HHN-LON-01,2025-03-28,10,2.23
HHN-LON-01,2025-03-31,9,2.966666666666667
HHN-LON-01,2025-04-01,10,2.7
HHN-LON-01,2025-04-02,11,3.5090909090909093
HHN-LON-01,2025-04-03,9,1.688888888888889
HHN-LON-01,2025-04-04,8,3.3874999999999997
HHN-LON-01,2025-04-07,16,3.8375
HHN-LON-01,2025-04-08,17,3.5823529411764707
HHN-LON-01,2025-04-09,6,3.033333333333333
HHN-LON-01,2025-04-10,16,2.1
HHN-LON-01,2025-04-11,18,3.433333333333333
HHN-LON-01,2025-04-14,9,2.7777777777777777
HHN-LON-01,2025-04-15,16,2.7875
HHN-LON-01,2025-04-16,12,3.4416666666666664
HHN-LON-01,2025-04-17,13,2.8846153846153846
HHN-LON-01,2025-04-22,15,3.3466666666666667
HHN-LON-01,2025-04-23,8,3.7125
HHN-LON-01,2025-04-24,18,3.0777777777777775
HHN-LON-01,2025-04-25,14,3.6999999999999997
HHN-LON-01,2025-04-28,12,2.608333333333333
HHN-LON-01,2025-04-29,9,2.711111111111111
HHN-LON-01,2025-04-30,9,3.066666666666667
HHN-LON-01,2025-05-01,22,2.440909090909091
HHN-LON-01,2025-05-02,11,2.0454545454545454
HHN-LON-01,2025-05-06,15,2.7800000000000002
HHN-LON-01,2025-05-07,10,2.32
HHN-LON-01,2025-05-08,12,3.1833333333333336
HHN-LON-01,2025-05-09,13,3.223076923076923
HHN-LON-01,2025-05-12,12,3.3833333333333333
HHN-LON-01,2025-05-13,22,2.909090909090909
HHN-LON-01,2025-05-14,14,3.207142857142857
HHN-LON-01,2025-05-15,13,3.2
HHN-LON-01,2025-05-16,10,1.29
HHN-LON-01,2025-05-19,14,2.6285714285714286
HHN-LON-01,2025-05-20,8,2.9125
HHN-LON-01,2025-05-21,14,3.085714285714286
HHN-LON-01,2025-05-22,17,3.023529411764706
HHN-LON-01,2025-05-23,10,2.59
HHN-LON-01,2025-05-27,14,2.15
HHN-LON-01,2025-05-28,15,3.0266666666666664
HHN-LON-01,2025-05-29,22,2.6045454545454545
HHN-LON-01,2025-05-30,14,3.15
HHN-LON-01,2025-06-02,19,3.5
HHN-LON-01,2025-06-03,13,2.146153846153846
HHN-LON-01,2025-06-04,15,3.52
HHN-LON-01,2025-06-05,11,2.2454545454545456
HHN-LON-01,2025-06-06,10,3.97
HHN-LON-01,2025-06-09,20,3.15
HHN-LON-01,2025-06-10,23,2.5391304347826087
HHN-LON-01,2025-06-11,18,2.3722222222222222
HHN-LON-01,2025-06-12,23,3.4478260869565216
HHN-LON-01,2025-06-13,9,2.9
HHN-LON-01,2025-06-16,12,3.35
HHN-LON-01,2025-06-17,10,4.1
HHN-LON-01,2025-06-18,12,2.7416666666666667
HHN-LON-01,2025-06-19,6,4.883333333333334
HHN-LON-01,2025-06-20,12,2.9166666666666665
HHN-LON-01,2025-06-23,20,3.5799999999999996
HHN-LON-01,2025-06-24,15,3.066666666666667
HHN-LON-01,2025-06-25,18,2.8444444444444446
HHN-LON-01,2025-06-26,12,4.433333333333334
HHN-LON-01,2025-06-27,11,2.7181818181818183
HHN-LON-01,2025-06-30,11,3.1545454545454543
HHN-LON-01,2025-07-01,18,3.4388888888888887
HHN-LON-01,2025-07-02,18,2.6055555555555556
HHN-LON-01,2025-07-03,21,2.519047619047619
HHN-LON-01,2025-07-04,21,3.0571428571428574
HHN-LON-01,2025-07-07,18,3.477777777777778
HHN-LON-01,2025-07-08,20,2.31
HHN-LON-01,2025-07-09,18,2.7666666666666666
HHN-LON-01,2025-07-10,21,2.842857142857143
HHN-LON-01,2025-07-11,10,2.4899999999999998
HHN-LON-01,2025-07-14,26,2.826923076923077
HHN-LON-01,2025-07-15,17,2.735294117647059
HHN-LON-01,2025-07-16,24,3.7458333333333336
HHN-LON-01,2025-07-17,17,2.788235294117647
HHN-LON-01,2025-07-18,13,2.723076923076923
HHN-LON-01,2025-07-21,16,3.1125
HHN-LON-01,2025-07-22,9,1.9444444444444444
HHN-LON-01,2025-07-23,17,3.241176470588235
HHN-LON-01,2025-07-24,10,3.15
HHN-LON-01,2025-07-25,12,2.2333333333333334
HHN-LON-01,2025-07-28,13,2.923076923076923
HHN-LON-01,2025-07-29,17,3.2235294117647055
HHN-LON-01,2025-07-30,14,2.4071428571428575
HHN-LON-01,2025-07-31,20,3.185
HHN-LON-01,2025-08-01,6,2.8666666666666667
HHN-LON-01,2025-08-04,5,3.6
HHN-LON-01,2025-08-05,6,2.766666666666667
HHN-LON-01,2025-08-06,3,5.366666666666667
HHN-LON-01,2025-08-07,9,2.788888888888889
HHN-LON-01,2025-08-08,7,3.2142857142857144
HHN-LON-01,2025-08-11,6,3.533333333333333
HHN-LON-01,2025-08-12,10,2.9899999999999998
HHN-LON-01,2025-08-13,7,3.4714285714285715
HHN-LON-01,2025-08-14,6,2.1166666666666667
HHN-LON-01,2025-08-15,5,2.86
HHN-LON-01,2025-08-18,7,3.6
HHN-LON-01,2025-08-19,10,2.6
HHN-LON-01,2025-08-20,17,2.2058823529411766
HHN-LON-01,2025-08-21,8,2.15
HHN-LON-01,2025-08-22,3,2.4
HHN-LON-01,2025-08-26,11,3.727272727272727
HHN-LON-01,2025-08-27,7,2.7571428571428567
HHN-LON-01,2025-08-28,4,1.075
HHN-LON-01,2025-08-29,4,4.125
HHN-LON-01,2025-09-01,12,2.4916666666666667
HHN-LON-01,2025-09-02,18,2.3944444444444444
HHN-LON-01,2025-09-03,12,3.1333333333333333
HHN-LON-01,2025-09-04,17,2.1999999999999997
HHN-LON-01,2025-09-05,10,3.55
HHN-LON-01,2025-09-08,18,2.8666666666666667
HHN-LON-01,2025-09-09,21,2.9523809523809526
HHN-LON-01,2025-09-10,14,3.289285714285714
HHN-LON-01,2025-09-11,12,3.2083333333333335
HHN-LON-01,2025-09-12,13,2.876923076923077
HHN-LON-01,2025-09-15,14,2.0785714285714287
HHN-LON-01,2025-09-16,19,2.431578947368421
HHN-LON-01,2025-09-17,15,3.2866666666666666
HHN-LON-01,2025-09-18,14,2.3214285714285716
HHN-LON-01,2025-09-19,12,2.25
HHN-LON-01,2025-09-22,11,3.0090909090909093
HHN-LON-01,2025-09-23,12,3.591666666666667
HHN-LON-01,2025-09-24,16,2.9625
HHN-LON-01,2025-09-25,12,2.5166666666666666
HHN-LON-01,2025-09-26,5,3.1399999999999997
HHN-LON-01,2025-09-29,13,3.069230769230769
HHN-LON-01,2025-09-30,15,3.8266666666666667
HHN-LON-01,2025-10-01,14,2.664285714285714
HHN-LON-01,2025-10-02,17,3.0588235294117645
HHN-LON-01,2025-10-03,17,2.7941176470588234
HHN-LON-01,2025-10-06,13,3.1769230769230767
HHN-LON-01,2025-10-07,17,2.6411764705882352
HHN-LON-01,2025-10-08,23,3.073913043478261
HHN-LON-01,2025-10-09,14,3.6357142857142857
HHN-LON-01,2025-10-10,7,3.4
HHN-LON-01,2025-10-13,15,2.9866666666666664
HHN-LON-01,2025-10-14,6,2.5
HHN-LON-01,2025-10-15,10,3.4200000000000004
HHN-LON-01,2025-10-16,19,3.1631578947368424
HHN-LON-01,2025-10-17,8,2.45
HHN-LON-01,2025-10-20,20,2.835
HHN-LON-01,2025-10-21,5,2.94
HHN-LON-01,2025-10-22,16,2.24375
HHN-LON-01,2025-10-23,14,2.0142857142857142
HHN-LON-01,2025-10-24,10,3.2399999999999998
HHN-LON-01,2025-10-27,20,2.7399999999999998
HHN-LON-01,2025-10-28,16,1.91875
HHN-LON-01,2025-10-29,15,3.713333333333333
HHN-LON-01,2025-10-30,16,3.025
HHN-LON-01,2025-10-31,7,2.9
HHN-LON-01,2025-11-03,13,3.023076923076923
HHN-LON-01,2025-11-04,19,3.3368421052631576
HHN-LON-01,2025-11-05,15,2.74
HHN-LON-01,2025-11-06,12,3.766666666666667
HHN-LON-01,2025-11-07,12,3.3083333333333336
HHN-LON-01,2025-11-10,17,2.623529411764706
HHN-LON-01,2025-11-11,13,2.976923076923077
HHN-LON-01,2025-11-12,11,4.672727272727273
HHN-LON-01,2025-11-13,15,3.3866666666666663
HHN-LON-01,2025-11-14,12,2.8625000000000003
HHN-LON-01,2025-11-17,15,2.0266666666666664
HHN-LON-01,2025-11-18,12,2.9250000000000003
HHN-LON-01,2025-11-19,15,3.3333333333333335
HHN-LON-01,2025-11-20,15,3.1599999999999997
HHN-LON-01,2025-11-21,13,3.8307692307692305
HHN-LON-01,2025-11-24,10,3.02
HHN-LON-01,2025-11-25,11,2.936363636363636
HHN-LON-01,2025-11-26,12,3.8000000000000003
HHN-LON-01,2025-11-27,13,2.946153846153846
HHN-LON-01,2025-11-28,7,3.0142857142857147
HHN-LON-01,2025-12-01,11,2.9818181818181815
HHN-LON-01,2025-12-02,12,2.2583333333333333
HHN-LON-01,2025-12-03,11,2.909090909090909
HHN-LON-01,2025-12-04,14,2.9071428571428575
HHN-LON-01,2025-12-05,9,3.2777777777777777
HHN-LON-01,2025-12-08,8,2.6
HHN-LON-01,2025-12-09,14,2.3857142857142857
HHN-LON-01,2025-12-10,12,3.0749999999999997
HHN-LON-01,2025-12-11,8,2.5875
HHN-LON-01,2025-12-12,16,2.56875
HHN-LON-01,2025-12-15,12,3.091666666666667
HHN-LON-01,2025-12-16,14,2.357142857142857
HHN-LON-01,2025-12-17,17,2.4352941176470586
HHN-LON-01,2025-12-18,6,3.1166666666666667
HHN-LON-01,2025-12-19,2,3.3000000000000003
HHN-LON-01,2025-12-22,8,1.8625
HHN-LON-01,2025-12-23,7,2.2
HHN-LON-01,2025-12-24,7,3.2142857142857144
HHN-LON-01,2025-12-29,1,2.8
HHN-LON-01,2025-12-30,5,2.24
HHN-LON-01,2025-12-31,2,1.2
HHN-LON-02,2024-01-02,2,3.05
HHN-LON-02,2024-01-03,4,2.2750000000000004
HHN-LON-02,2024-01-04,8,2.925
HHN-LON-02,2024-01-05,9,2.0555555555555554
HHN-LON-02,2024-01-08,5,3.02
HHN-LON-02,2024-01-09,7,2.8857142857142857
HHN-LON-02,2024-01-10,12,3.091666666666667
HHN-LON-02,2024-01-11,6,1.1333333333333333
HHN-LON-02,2024-01-12,10,3.65
HHN-LON-02,2024-01-15,8,3.4625
HHN-LON-02,2024-01-16,7,3.1285714285714286
HHN-LON-02,2024-01-17,10,3.45
HHN-LON-02,2024-01-18,5,3.34
HHN-LON-02,2024-01-19,7,4.228571428571429
HHN-LON-02,2024-01-22,17,2.902941176470588
HHN-LON-02,2024-01-23,12,3.5
HHN-LON-02,2024-01-24,8,1.9875
HHN-LON-02,2024-01-25,12,2.3333333333333335
HHN-LON-02,2024-01-26,8,2.95
HHN-LON-02,2024-01-29,7,4.085714285714286
HHN-LON-02,2024-01-30,9,2.2777777777777777
HHN-LON-02,2024-01-31,8,3.8625
HHN-LON-02,2024-02-01,8,2.8625
HHN-LON-02,2024-02-02,4,5.75
HHN-LON-02,2024-02-05,12,3.533333333333333
HHN-LON-02,2024-02-06,15,3.2133333333333334
HHN-LON-02,2024-02-07,13,2.8846153846153846
HHN-LON-02,2024-02-08,12,3.533333333333333
HHN-LON-02,2024-02-09,11,3.8909090909090907
HHN-LON-02,2024-02-12,17,3.1411764705882352
HHN-LON-02,2024-02-13,8,2.8375
HHN-LON-02,2024-02-14,13,3.838461538461538
HHN-LON-02,2024-02-15,12,2.7416666666666667
HHN-LON-02,2024-02-16,9,3.433333333333333
HHN-LON-02,2024-02-19,9,2.9444444444444446
HHN-LON-02,2024-02-20,5,3.5200000000000005
HHN-LON-02,2024-02-21,13,3.369230769230769
HHN-LON-02,2024-02-22,10,2.89
HHN-LON-02,2024-02-23,5,2.2199999999999998
HHN-LON-02,2024-02-26,10,2.4400000000000004
HHN-LON-02,2024-02-27,10,3.9899999999999998
HHN-LON-02,2024-02-28,12,4.383333333333334
HHN-LON-02,2024-02-29,9,3.888888888888889
HHN-LON-02,2024-03-01,11,2.2818181818181817
HHN-LON-02,2024-03-04,12,3.1750000000000003
HHN-LON-02,2024-03-05,7,1.957142857142857
HHN-LON-02,2024-03-06,11,2.5727272727272728
HHN-LON-02,2024-03-07,2,2.05
HHN-LON-02,2024-03-08,11,2.890909090909091
HHN-LON-02,2024-03-11,14,3.8035714285714284
HHN-LON-02,2024-03-12,8,2.6875
HHN-LON-02,2024-03-13,8,2.65
HHN-LON-02,2024-03-14,13,2.323076923076923
HHN-LON-02,2024-03-15,8,1.75
HHN-LON-02,2024-03-18,11,3.5
HHN-LON-02,2024-03-19,15,3.6266666666666665
HHN-LON-02,2024-03-20,5,3.7
HHN-LON-02,2024-03-21,15,2.76
HHN-LON-02,2024-03-22,7,1.9714285714285713
HHN-LON-02,2024-03-25,11,3.0181818181818185
HHN-LON-02,2024-03-26,5,2.88
HHN-LON-02,2024-03-27,8,3.225
HHN-LON-02,2024-03-28,12,3.716666666666667
HHN-LON-02,2024-04-02,14,3.5785714285714287
HHN-LON-02,2024-04-03,9,3.4222222222222225
HHN-LON-02,2024-04-04,8,2.7375
HHN-LON-02,2024-04-05,12,4.158333333333333
HHN-LON-02,2024-04-08,12,2.2916666666666665
HHN-LON-02,2024-04-09,7,2.514285714285714
HHN-LON-02,2024-04-10,10,3.3899999999999997
HHN-LON-02,2024-04-11,10,4.0200000000000005
HHN-LON-02,2024-04-12,8,3.65
HHN-LON-02,2024-04-15,15,3.1866666666666665
HHN-LON-02,2024-04-16,15,3.56
HHN-LON-02,2024-04-17,16,2.51875
HHN-LON-02,2024-04-18,10,3.5100000000000002
HHN-LON-02,2024-04-19,8,3.3
HHN-LON-02,2024-04-22,12,2.1750000000000003
HHN-LON-02,2024-04-23,12,3.591666666666667
HHN-LON-02,2024-04-24,7,3.157142857142857
HHN-LON-02,2024-04-25,15,3.1666666666666665
HHN-LON-02,2024-04-26,6,1.1333333333333333
HHN-LON-02,2024-04-29,7,2.1
HHN-LON-02,2024-04-30,11,2.4727272727272727
HHN-LON-02,2024-05-01,8,4.2
HHN-LON-02,2024-05-02,11,4.136363636363637
HHN-LON-02,2024-05-03,12,3.6666666666666665
HHN-LON-02,2024-05-07,6,3.533333333333333
HHN-LON-02,2024-05-08,5,3.04
HHN-LON-02,2024-05-09,14,3.0142857142857147
HHN-LON-02,2024-05-10,10,1.73
HHN-LON-02,2024-05-13,16,3.2
HHN-LON-02,2024-05-14,16,2.825
HHN-LON-02,2024-05-15,8,3.5
HHN-LON-02,2024-05-16,5,2.9
HHN-LON-02,2024-05-17,9,3.688888888888889
HHN-LON-02,2024-05-20,9,1.7777777777777777
HHN-LON-02,2024-05-21,16,3.2875
HHN-LON-02,2024-05-22,16,3.1
HHN-LON-02,2024-05-23,9,1.8666666666666667
HHN-LON-02,2024-05-24,10,3.1100000000000003
HHN-LON-02,2024-05-28,9,3.2333333333333334
HHN-LON-02,2024-05-29,8,3.55
HHN-LON-02,2024-05-30,7,2.0285714285714285
HHN-LON-02,2024-05-31,11,2.963636363636364
HHN-LON-02,2024-06-03,18,3.405555555555556
HHN-LON-02,2024-06-04,9,3.744444444444445
HHN-LON-02,2024-06-05,12,3.375
HHN-LON-02,2024-06-06,11,2.3545454545454545
HHN-LON-02,2024-06-07,14,3.7857142857142856
HHN-LON-02,2024-06-10,17,3.2294117647058824
HHN-LON-02,2024-06-11,15,2.56
HHN-LON-02,2024-06-12,12,3.6
HHN-LON-02,2024-06-13,9,2.8000000000000003
HHN-LON-02,2024-06-14,9,2.4444444444444446
HHN-LON-02,2024-06-17,8,3.2625
HHN-LON-02,2024-06-18,17,2.8058823529411767
HHN-LON-02,2024-06-19,11,2.372727272727273
HHN-LON-02,2024-06-20,9,2.9222222222222225
HHN-LON-02,2024-06-21,6,3.3000000000000003
HHN-LON-02,2024-06-24,15,2.08
HHN-LON-02,2024-06-25,13,4.453846153846154
HHN-LON-02,2024-06-26,10,1.9600000000000002
HHN-LON-02,2024-06-27,9,2.2777777777777777
HHN-LON-02,2024-06-28,11,2.5181818181818185
HHN-LON-02,2024-07-01,9,2.9000000000000004
HHN-LON-02,2024-07-02,16,2.5375
HHN-LON-02,2024-07-03,10,2.82
HHN-LON-02,2024-07-04,7,1.957142857142857
HHN-LON-02,2024-07-05,15,2.353333333333333
HHN-LON-02,2024-07-08,13,3.8153846153846156
HHN-LON-02,2024-07-09,14,3.6785714285714284
HHN-LON-02,2024-07-10,12,2.9499999999999997
HHN-LON-02,2024-07-11,10,2.2800000000000002
HHN-LON-02,2024-07-12,12,3.1333333333333333
HHN-LON-02,2024-07-15,16,3.73125
HHN-LON-02,2024-07-16,7,3.3857142857142857
HHN-LON-02,2024-07-17,12,2.275
HHN-LON-02,2024-07-18,10,3.21
HHN-LON-02,2024-07-19,12,2.975
HHN-LON-02,2024-07-22,13,2.9538461538461536
HHN-LON-02,2024-07-23,11,2.3454545454545457
HHN-LON-02,2024-07-24,15,3.6533333333333333
HHN-LON-02,2024-07-25,6,4.016666666666667
HHN-LON-02,2024-07-26,10,2.96
HHN-LON-02,2024-07-29,20,3.3950000000000005
HHN-LON-02,2024-07-30,11,3.036363636363636
HHN-LON-02,2024-07-31,17,2.9823529411764707
HHN-LON-02,2024-08-01,4,3.2
HHN-LON-02,2024-08-02,1,3.4
HHN-LON-02,2024-08-05,8,4.175
HHN-LON-02,2024-08-06,7,5.1571428571428575
HHN-LON-02,2024-08-07,5,4.08
HHN-LON-02,2024-08-08,12,3.8333333333333335
HHN-LON-02,2024-08-09,5,2.58
HHN-LON-02,2024-08-12,14,3.642857142857143
HHN-LON-02,2024-08-13,5,2.74
HHN-LON-02,2024-08-14,1,2.6
HHN-LON-02,2024-08-15,7,5.471428571428571
HHN-LON-02,2024-08-16,5,1.8400000000000003
HHN-LON-02,2024-08-19,3,1.7333333333333334
HHN-LON-02,2024-08-20,6,3.5833333333333335
HHN-LON-02,2024-08-21,6,2.6666666666666665
HHN-LON-02,2024-08-23,10,3.0
HHN-LON-02,2024-08-27,5,2.98
HHN-LON-02,2024-08-28,11,3.5181818181818176
HHN-LON-02,2024-08-29,6,2.1166666666666667
HHN-LON-02,2024-08-30,3,2.066666666666667
HHN-LON-02,2024-09-02,16,4.00625
HHN-LON-02,2024-09-03,12,3.1666666666666665
HHN-LON-02,2024-09-04,10,2.8200000000000003
HHN-LON-02,2024-09-05,10,3.35
HHN-LON-02,2024-09-06,11,3.527272727272727
HHN-LON-02,2024-09-09,9,2.5
HHN-LON-02,2024-09-10,14,1.5214285714285716
HHN-LON-02,2024-09-11,15,2.5566666666666666
HHN-LON-02,2024-09-12,15,3.4833333333333334
HHN-LON-02,2024-09-13,8,3.3875
HHN-LON-02,2024-09-16,8,2.9
HHN-LON-02,2024-09-17,16,3.325
HHN-LON-02,2024-09-18,3,2.9
HHN-LON-02,2024-09-19,10,3.95
HHN-LON-02,2024-09-20,8,2.4375
HHN-LON-02,2024-09-23,15,3.146666666666667
HHN-LON-02,2024-09-24,15,3.02
HHN-LON-02,2024-09-25,18,4.611111111111111
HHN-LON-02,2024-09-26,14,3.242857142857143
HHN-LON-02,2024-09-27,7,1.6714285714285713
HHN-LON-02,2024-09-30,9,3.0999999999999996
HHN-LON-02,2024-10-01,9,2.888888888888889
HHN-LON-02,2024-10-02,15,3.2666666666666666
HHN-LON-02,2024-10-03,18,3.5999999999999996
HHN-LON-02,2024-10-04,12,3.158333333333333
HHN-LON-02,2024-10-07,14,3.4214285714285713
HHN-LON-02,2024-10-08,10,3.09
HHN-LON-02,2024-10-09,15,3.9166666666666665
HHN-LON-02,2024-10-10,11,3.1181818181818177
HHN-LON-02,2024-10-11,7,3.4285714285714284
HHN-LON-02,2024-10-14,14,3.1142857142857143
HHN-LON-02,2024-10-15,17,2.6
HHN-LON-02,2024-10-16,11,3.1818181818181817
HHN-LON-02,2024-10-17,7,3.057142857142857
HHN-LON-02,2024-10-18,8,2.925
HHN-LON-02,2024-10-21,13,4.115384615384615
HHN-LON-02,2024-10-22,9,3.522222222222222
HHN-LON-02,2024-10-23,11,3.1454545454545455
HHN-LON-02,2024-10-24,10,3.6100000000000003
HHN-LON-02,2024-10-25,9,3.111111111111111
HHN-LON-02,2024-10-28,13,2.6692307692307695
HHN-LON-02,2024-10-29,14,2.807142857142857
HHN-LON-02,2024-10-30,16,3.28125
HHN-LON-02,2024-10-31,9,3.322222222222222
HHN-LON-02,2024-11-01,7,4.271428571428571
HHN-LON-02,2024-11-04,9,3.011111111111111
HHN-LON-02,2024-11-05,14,3.4642857142857144
HHN-LON-02,2024-11-06,12,3.483333333333333
HHN-LON-02,2024-11-07,10,2.92
HHN-LON-02,2024-11-08,9,3.822222222222222
HHN-LON-02,2024-11-11,9,2.2
HHN-LON-02,2024-11-12,9,4.433333333333334
HHN-LON-02,2024-11-13,12,3.0500000000000003
HHN-LON-02,2024-11-14,15,2.506666666666667
HHN-LON-02,2024-11-15,10,2.6100000000000003
HHN-LON-02,2024-11-18,11,2.9
HHN-LON-02,2024-11-19,6,2.6
HHN-LON-02,2024-11-20,13,3.476923076923077
HHN-LON-02,2024-11-21,10,3.8899999999999997
HHN-LON-02,2024-11-22,4,3.575
HHN-LON-02,2024-11-25,15,3.7266666666666666
HHN-LON-02,2024-11-26,8,3.825
HHN-LON-02,2024-11-27,8,3.15
HHN-LON-02,2024-11-28,11,3.4545454545454546
HHN-LON-02,2024-11-29,6,3.633333333333333
HHN-LON-02,2024-12-02,12,3.141666666666667
HHN-LON-02,2024-12-03,12,2.8083333333333336
HHN-LON-02,2024-12-04,6,3.0833333333333335
HHN-LON-02,2024-12-05,10,3.11
HHN-LON-02,2024-12-06,15,2.5266666666666664
HHN-LON-02,2024-12-09,6,3.1999999999999997
HHN-LON-02,2024-12-10,9,2.988888888888889
HHN-LON-02,2024-12-11,10,2.82
HHN-LON-02,2024-12-12,10,3.29
HHN-LON-02,2024-12-13,4,5.875
HHN-LON-02,2024-12-16,14,3.2892857142857146
HHN-LON-02,2024-12-17,5,3.84
HHN-LON-02,2024-12-18,5,3.8
HHN-LON-02,2024-12-19,3,3.533333333333333
HHN-LON-02,2024-12-20,3,4.566666666666666
HHN-LON-02,2024-12-23,2,2.05
HHN-LON-02,2024-12-24,5,3.7399999999999998
HHN-LON-02,2024-12-27,4,3.1500000000000004
HHN-LON-02,2024-12-30,2,3.05
HHN-LON-02,2024-12-31,2,1.55
HHN-LON-02,2025-01-02,3,0.9666666666666667
HHN-LON-02,2025-01-03,4,2.55
HHN-LON-02,2025-01-06,9,2.3777777777777778
HHN-LON-02,2025-01-07,5,2.64
HHN-LON-02,2025-01-08,8,3.3
HHN-LON-02,2025-01-09,8,3.1125000000000003
HHN-LON-02,2025-01-10,5,3.4
HHN-LON-02,2025-01-13,7,2.742857142857143
HHN-LON-02,2025-01-14,5,3.88
HHN-LON-02,2025-01-15,3,2.2666666666666666
HHN-LON-02,2025-01-16,9,3.9000000000000004
HHN-LON-02,2025-01-17,9,3.855555555555556
HHN-LON-02,2025-01-20,13,3.4076923076923076
HHN-LON-02,2025-01-21,17,3.288235294117647
HHN-LON-02,2025-01-22,7,3.642857142857143
HHN-LON-02,2025-01-23,10,4.2299999999999995
HHN-LON-02,2025-01-24,5,3.8600000000000003
HHN-LON-02,2025-01-27,6,3.6999999999999997
HHN-LON-02,2025-01-28,13,3.6076923076923078
HHN-LON-02,2025-01-29,15,3.1
HHN-LON-02,2025-01-30,6,4.116666666666666
HHN-LON-02,2025-01-31,6,2.3666666666666667
HHN-LON-02,2025-02-03,11,3.036363636363636
HHN-LON-02,2025-02-04,19,2.9
HHN-LON-02,2025-02-05,9,3.0999999999999996
HHN-LON-02,2025-02-06,10,2.2199999999999998
HHN-LON-02,2025-02-07,6,2.5500000000000003
HHN-LON-02,2025-02-10,7,3.2714285714285714
HHN-LON-02,2025-02-11,6,3.6500000000000004
HHN-LON-02,2025-02-12,8,3.0625
HHN-LON-02,2025-02-13,8,3.6125
HHN-LON-02,2025-02-14,8,2.625
HHN-LON-02,2025-02-17,4,4.875
HHN-LON-02,2025-02-18,12,2.9791666666666665
HHN-LON-02,2025-02-19,16,2.7
HHN-LON-02,2025-02-20,13,3.369230769230769
HHN-LON-02,2025-02-21,9,3.2777777777777777
HHN-LON-02,2025-02-24,9,4.9
HHN-LON-02,2025-02-25,7,2.6714285714285713
HHN-LON-02,2025-02-26,20,4.04
HHN-LON-02,2025-02-27,11,2.6818181818181817
HHN-LON-02,2025-02-28,8,3.625
HHN-LON-02,2025-03-03,9,2.511111111111111
HHN-LON-02,2025-03-04,12,3.35
HHN-LON-02,2025-03-05,9,3.522222222222222
HHN-LON-02,2025-03-06,10,3.59
HHN-LON-02,2025-03-07,6,3.4166666666666665
HHN-LON-02,2025-03-10,8,3.675
HHN-LON-02,2025-03-11,9,2.5
HHN-LON-02,2025-03-12,17,2.923529411764706
HHN-LON-02,2025-03-13,12,4.008333333333334
HHN-LON-02,2025-03-14,9,2.8555555555555556
HHN-LON-02,2025-03-17,10,2.7199999999999998
HHN-LON-02,2025-03-18,13,3.4153846153846152
HHN-LON-02,2025-03-19,4,3.675
HHN-LON-02,2025-03-20,10,2.81
HHN-LON-02,2025-03-21,7,4.0285714285714285
HHN-LON-02,2025-03-24,15,3.06
HHN-LON-02,2025-03-25,11,3.4909090909090907
HHN-LON-02,2025-03-26,7,4.714285714285714
HHN-LON-02,2025-03-27,8,2.325
HHN-LON-02,2025-03-28,8,3.2375
HHN-LON-02,2025-03-31,8,2.2
HHN-LON-02,2025-04-01,12,1.9000000000000001
HHN-LON-02,2025-04-02,13,3.5461538461538464
HHN-LON-02,2025-04-03,7,3.5714285714285716
HHN-LON-02,2025-04-04,8,2.26875
HHN-LON-02,2025-04-07,11,3.0181818181818185
HHN-LON-02,2025-04-08,18,3.2944444444444443
HHN-LON-02,2025-04-09,8,3.6625
HHN-LON-02,2025-04-10,11,3.9272727272727277
HHN-LON-02,2025-04-11,12,3.2458333333333336
HHN-LON-02,2025-04-14,9,2.211111111111111
HHN-LON-02,2025-04-15,14,3.1357142857142857
HHN-LON-02,2025-04-16,9,2.033333333333333
HHN-LON-02,2025-04-17,9,2.533333333333333
HHN-LON-02,2025-04-22,7,4.0
HHN-LON-02,2025-04-23,12,3.5749999999999997
HHN-LON-02,2025-04-24,16,3.14375
HHN-LON-02,2025-04-25,5,3.4799999999999995
HHN-LON-02,2025-04-28,11,3.8636363636363638
HHN-LON-02,2025-04-29,16,2.95
HHN-LON-02,2025-04-30,9,3.3555555555555556
HHN-LON-02,2025-05-01,11,3.0818181818181816
HHN-LON-02,2025-05-02,15,2.8
HHN-LON-02,2025-05-06,13,2.784615384615385
HHN-LON-02,2025-05-07,14,3.8857142857142857
HHN-LON-02,2025-05-08,11,3.4545454545454546
HHN-LON-02,2025-05-09,8,2.7625
HHN-LON-02,2025-05-12,17,3.235294117647059
HHN-LON-02,2025-05-13,14,3.7
HHN-LON-02,2025-05-14,14,3.1999999999999997
HHN-LON-02,2025-05-15,12,3.033333333333333
HHN-LON-02,2025-05-16,16,3.71875
HHN-LON-02,2025-05-19,12,3.5583333333333336
HHN-LON-02,2025-05-20,14,3.7285714285714286
HHN-LON-02,2025-05-21,8,2.3125
HHN-LON-02,2025-05-22,21,2.6809523809523808
HHN-LON-02,2025-05-23,11,3.8272727272727276
HHN-LON-02,2025-05-27,8,2.6875
HHN-LON-02,2025-05-28,12,2.5749999999999997
HHN-LON-02,2025-05-29,10,4.9
HHN-LON-02,2025-05-30,9,2.5555555555555554
HHN-LON-02,2025-06-02,18,3.1500000000000004
HHN-LON-02,2025-06-03,15,3.42
HHN-LON-02,2025-06-04,16,3.1375
HHN-LON-02,2025-06-05,11,2.118181818181818
HHN-LON-02,2025-06-06,7,3.1285714285714286
HHN-LON-02,2025-06-09,8,2.6
HHN-LON-02,2025-06-10,10,3.6100000000000003
HHN-LON-02,2025-06-11,11,3.190909090909091
HHN-LON-02,2025-06-12,5,2.7
HHN-LON-02,2025-06-13,9,1.8888888888888888
HHN-LON-02,2025-06-16,12,1.55
HHN-LON-02,2025-06-17,11,3.227272727272727
HHN-LON-02,2025-06-18,14,3.2285714285714286
HHN-LON-02,2025-06-19,8,3.21875
HHN-LON-02,2025-06-20,7,2.857142857142857
HHN-LON-02,2025-06-23,15,1.8399999999999999
HHN-LON-02,2025-06-24,14,3.3857142857142857
HHN-LON-02,2025-06-25,12,3.3208333333333333
HHN-LON-02,2025-06-26,12,2.575
HHN-LON-02,2025-06-27,14,3.792857142857143
HHN-LON-02,2025-06-30,9,3.8000000000000003
HHN-LON-02,2025-07-01,10,2.55
HHN-LON-02,2025-07-02,10,2.3
HHN-LON-02,2025-07-03,9,2.8777777777777778
HHN-LON-02,2025-07-04,13,3.1153846153846154
HHN-LON-02,2025-07-07,15,3.2733333333333334
HHN-LON-02,2025-07-08,14,2.607142857142857
HHN-LON-02,2025-07-09,7,3.4285714285714284
HHN-LON-02,2025-07-10,11,3.5090909090909093
HHN-LON-02,2025-07-11,12,2.9166666666666665
HHN-LON-02,2025-07-14,11,3.1454545454545455
HHN-LON-02,2025-07-15,12,3.5083333333333333
HHN-LON-02,2025-07-16,11,2.3181818181818183
HHN-LON-02,2025-07-17,14,2.878571428571429
HHN-LON-02,2025-07-18,11,2.709090909090909
HHN-LON-02,2025-07-21,9,2.7222222222222223
HHN-LON-02,2025-07-22,8,3.4375
HHN-LON-02,2025-07-23,13,2.3076923076923075
HHN-LON-02,2025-07-24,9,3.4111111111111114
HHN-LON-02,2025-07-25,5,3.7399999999999998
HHN-LON-02,2025-07-28,11,3.936363636363636
HHN-LON-02,2025-07-29,11,2.618181818181818
HHN-LON-02,2025-07-30,9,3.0777777777777775
HHN-LON-02,2025-07-31,17,3.6411764705882352
HHN-LON-02,2025-08-01,4,1.5750000000000002
HHN-LON-02,2025-08-04,4,2.0749999999999997
HHN-LON-02,2025-08-05,3,2.3
HHN-LON-02,2025-08-06,9,3.672222222222222
HHN-LON-02,2025-08-07,9,2.7111111111111112
HHN-LON-02,2025-08-08,5,3.38
HHN-LON-02,2025-08-11,9,2.8555555555555556
HHN-LON-02,2025-08-12,7,1.9142857142857144
HHN-LON-02,2025-08-13,7,1.9142857142857141
HHN-LON-02,2025-08-14,7,5.471428571428571
HHN-LON-02,2025-08-15,2,2.6500000000000004
HHN-LON-02,2025-08-18,7,3.471428571428571
HHN-LON-02,2025-08-19,4,2.4
HHN-LON-02,2025-08-20,6,3.0833333333333335
HHN-LON-02,2025-08-21,5,3.9200000000000004
HHN-LON-02,2025-08-22,2,3.55
HHN-LON-02,2025-08-26,7,2.185714285714286
HHN-LON-02,2025-08-27,8,2.8625
HHN-LON-02,2025-08-28,4,3.775
HHN-LON-02,2025-08-29,6,3.9499999999999997
HHN-LON-02,2025-09-01,9,3.211111111111111
HHN-LON-02,2025-09-02,16,2.9375
HHN-LON-02,2025-09-03,14,2.792857142857143
HHN-LON-02,2025-09-04,13,4.023076923076923
HHN-LON-02,2025-09-05,5,4.4399999999999995
HHN-LON-02,2025-09-08,11,3.463636363636364
HHN-LON-02,2025-09-09,15,2.8866666666666663
HHN-LON-02,2025-09-10,8,3.0
HHN-LON-02,2025-09-11,7,2.6
HHN-LON-02,2025-09-12,17,3.4705882352941178
HHN-LON-02,2025-09-15,8,3.55
HHN-LON-02,2025-09-16,4,3.175
HHN-LON-02,2025-09-17,7,2.5571428571428574
HHN-LON-02,2025-09-18,14,3.542857142857143
HHN-LON-02,2025-09-19,7,3.742857142857143
HHN-LON-02,2025-09-22,17,2.6999999999999997
HHN-LON-02,2025-09-23,6,4.6499999999999995
HHN-LON-02,2025-09-24,11,3.227272727272727
HHN-LON-02,2025-09-25,10,2.94
HHN-LON-02,2025-09-26,10,2.78
HHN-LON-02,2025-09-29,10,3.06
HHN-LON-02,2025-09-30,10,2.75
HHN-LON-02,2025-10-01,9,2.7777777777777777
HHN-LON-02,2025-10-02,10,1.8399999999999999
HHN-LON-02,2025-10-03,11,2.909090909090909
HHN-LON-02,2025-10-06,11,3.8
HHN-LON-02,2025-10-07,8,4.375
HHN-LON-02,2025-10-08,15,2.6266666666666665
HHN-LON-02,2025-10-09,9,3.6555555555555554
HHN-LON-02,2025-10-10,7,3.4714285714285715
HHN-LON-02,2025-10-13,15,2.6333333333333333
HHN-LON-02,2025-10-14,13,2.2384615384615385
HHN-LON-02,2025-10-15,6,4.266666666666667
HHN-LON-02,2025-10-16,9,4.300000000000001
HHN-LON-02,2025-10-17,11,2.5272727272727273
HHN-LON-02,2025-10-20,16,3.0375
HHN-LON-02,2025-10-21,9,2.7222222222222223
HHN-LON-02,2025-10-22,16,2.50625
HHN-LON-02,2025-10-23,14,2.207142857142857
HHN-LON-02,2025-10-24,11,3.1
HHN-LON-02,2025-10-27,14,2.9214285714285713
HHN-LON-02,2025-10-28,11,3.627272727272727
HHN-LON-02,2025-10-29,16,3.20625
HHN-LON-02,2025-10-30,6,3.9499999999999997
HHN-LON-02,2025-10-31,11,2.0454545454545454
HHN-LON-02,2025-11-03,10,2.95
HHN-LON-02,2025-11-04,8,3.1999999999999997
HHN-LON-02,2025-11-05,10,3.5200000000000005
HHN-LON-02,2025-11-06,6,2.35
HHN-LON-02,2025-11-07,7,1.8
HHN-LON-02,2025-11-10,7,2.9
HHN-LON-02,2025-11-11,11,3.1090909090909093
HHN-LON-02,2025-11-12,11,2.4272727272727272
HHN-LON-02,2025-11-13,13,3.3
HHN-LON-02,2025-11-14,9,3.988888888888889
HHN-LON-02,2025-11-17,6,4.3999999999999995
HHN-LON-02,2025-11-18,11,3.1727272727272733
HHN-LON-02,2025-11-19,11,2.6818181818181817
HHN-LON-02,2025-11-20,16,3.59375
HHN-LON-02,2025-11-21,14,3.0928571428571425
HHN-LON-02,2025-11-24,11,2.3636363636363638
HHN-LON-02,2025-11-25,9,2.7444444444444445
HHN-LON-02,2025-11-26,9,3.1666666666666665
HHN-LON-02,2025-11-27,14,4.15
HHN-LON-02,2025-11-28,14,2.492857142857143
HHN-LON-02,2025-12-01,9,2.0999999999999996
HHN-LON-02,2025-12-02,9,2.1555555555555554
HHN-LON-02,2025-12-03,11,3.4272727272727277
HHN-LON-02,2025-12-04,12,2.733333333333333
HHN-LON-02,2025-12-05,9,2.388888888888889
HHN-LON-02,2025-12-08,7,1.957142857142857
HHN-LON-02,2025-12-09,8,3.8875
HHN-LON-02,2025-12-10,7,3.1714285714285713
HHN-LON-02,2025-12-11,10,2.2
HHN-LON-02,2025-12-12,10,3.375
HHN-LON-02,2025-12-15,10,3.7
HHN-LON-02,2025-12-16,7,2.142857142857143
HHN-LON-02,2025-12-17,8,4.1875
HHN-LON-02,2025-12-18,4,4.625
HHN-LON-02,2025-12-19,2,3.8499999999999996
HHN-LON-02,2025-12-22,4,3.3249999999999997
HHN-LON-02,2025-12-23,1,1.2
HHN-LON-02,2025-12-24,7,2.9142857142857146
HHN-LON-02,2025-12-29,3,2.3333333333333335
HHN-LON-02,2025-12-30,4,3.775
HHN-LON-02,2025-12-31,4,2.575
HHN-MAN-01,2024-01-02,8,2.8375
HHN-MAN-01,2024-01-03,11,3.936363636363636
HHN-MAN-01,2024-01-04,7,3.142857142857143
HHN-MAN-01,2024-01-05,7,2.742857142857143
HHN-MAN-01,2024-01-08,12,3.225
HHN-MAN-01,2024-01-09,9,2.3
HHN-MAN-01,2024-01-10,11,3.0
HHN-MAN-01,2024-01-11,10,2.5300000000000002
HHN-MAN-01,2024-01-12,7,2.8428571428571425
HHN-MAN-01,2024-01-15,7,4.1
HHN-MAN-01,2024-01-16,11,2.909090909090909
HHN-MAN-01,2024-01-17,8,2.9
HHN-MAN-01,2024-01-18,13,3.230769230769231
HHN-MAN-01,2024-01-19,6,3.0
HHN-MAN-01,2024-01-22,8,3.125
HHN-MAN-01,2024-01-23,14,2.742857142857143
HHN-MAN-01,2024-01-24,15,4.14
HHN-MAN-01,2024-01-25,14,3.5214285714285714
HHN-MAN-01,2024-01-26,5,2.2800000000000002
HHN-MAN-01,2024-01-29,11,3.690909090909091
HHN-MAN-01,2024-01-30,10,3.7299999999999995
HHN-MAN-01,2024-01-31,13,3.5153846153846158
HHN-MAN-01,2024-02-01,14,3.1142857142857143
HHN-MAN-01,2024-02-02,4,2.5
HHN-MAN-01,2024-02-05,14,4.178571428571429
HHN-MAN-01,2024-02-06,10,3.94
HHN-MAN-01,2024-02-07,6,4.416666666666667
HHN-MAN-01,2024-02-08,10,2.69
HHN-MAN-01,2024-02-09,7,3.4
HHN-MAN-01,2024-02-12,10,2.54
HHN-MAN-01,2024-02-13,15,3.06
HHN-MAN-01,2024-02-14,12,2.775
HHN-MAN-01,2024-02-15,9,2.2
HHN-MAN-01,2024-02-16,12,3.6666666666666665
HHN-MAN-01,2024-02-19,17,3.0352941176470587
HHN-MAN-01,2024-02-20,14,2.2285714285714286
HHN-MAN-01,2024-02-21,6,2.5500000000000003
HHN-MAN-01,2024-02-22,13,3.026923076923077
HHN-MAN-01,2024-02-23,7,2.3285714285714287
HHN-MAN-01,2024-02-26,4,2.775
HHN-MAN-01,2024-02-27,10,2.7600000000000002
HHN-MAN-01,2024-02-28,10,3.4299999999999997
HHN-MAN-01,2024-02-29,8,3.475
HHN-MAN-01,2024-03-01,11,2.6272727272727274
HHN-MAN-01,2024-03-04,13,2.930769230769231
HHN-MAN-01,2024-03-05,10,3.3899999999999997
HHN-MAN-01,2024-03-06,11,2.9272727272727277
HHN-MAN-01,2024-03-07,16,3.33125
HHN-MAN-01,2024-03-08,8,2.975
HHN-MAN-01,2024-03-11,9,2.9000000000000004
HHN-MAN-01,2024-03-12,17,3.0411764705882356
HHN-MAN-01,2024-03-13,18,3.466666666666667
HHN-MAN-01,2024-03-14,9,2.988888888888889
HHN-MAN-01,2024-03-15,11,3.1818181818181817
HHN-MAN-01,2024-03-18,6,4.466666666666667
HHN-MAN-01,2024-03-19,15,3.06
HHN-MAN-01,2024-03-20,7,2.7857142857142856
HHN-MAN-01,2024-03-21,12,2.725
HHN-MAN-01,2024-03-22,7,2.742857142857143
HHN-MAN-01,2024-03-25,10,2.75
HHN-MAN-01,2024-03-26,11,3.3
HHN-MAN-01,2024-03-27,11,2.772727272727273
HHN-MAN-01,2024-03-28,12,2.1
HHN-MAN-01,2024-04-02,9,3.488888888888889
HHN-MAN-01,2024-04-03,10,3.0100000000000002
HHN-MAN-01,2024-04-04,14,3.2142857142857144
HHN-MAN-01,2024-04-05,12,3.091666666666667
HHN-MAN-01,2024-04-08,11,3.127272727272727
HHN-MAN-01,2024-04-09,7,3.5142857142857147
HHN-MAN-01,2024-04-10,12,2.4
HHN-MAN-01,2024-04-11,14,3.507142857142857
HHN-MAN-01,2024-04-12,8,3.025
HHN-MAN-01,2024-04-15,11,2.772727272727273
HHN-MAN-01,2024-04-16,10,4.04
HHN-MAN-01,2024-04-17,14,2.807142857142857
HHN-MAN-01,2024-04-18,19,3.4210526315789473
HHN-MAN-01,2024-04-19,12,4.341666666666667
HHN-MAN-01,2024-04-22,16,3.3125
HHN-MAN-01,2024-04-23,14,2.685714285714286
HHN-MAN-01,2024-04-24,5,2.52
HHN-MAN-01,2024-04-25,7,2.5714285714285716
HHN-MAN-01,2024-04-26,10,3.1
HHN-MAN-01,2024-04-29,9,3.177777777777778
HHN-MAN-01,2024-04-30,17,3.835294117647059
HHN-MAN-01,2024-05-01,12,2.4499999999999997
HHN-MAN-01,2024-05-02,12,2.975
HHN-MAN-01,2024-05-03,13,2.6384615384615384
HHN-MAN-01,2024-05-07,11,2.772727272727273
HHN-MAN-01,2024-05-08,8,2.4375
HHN-MAN-01,2024-05-09,14,3.6285714285714286
HHN-MAN-01,2024-05-10,6,2.6166666666666667
HHN-MAN-01,2024-05-13,7,3.6714285714285713
HHN-MAN-01,2024-05-14,13,2.876923076923077
HHN-MAN-01,2024-05-15,16,2.9625
HHN-MAN-01,2024-05-16,12,2.858333333333333
HHN-MAN-01,2024-05-17,6,3.6
HHN-MAN-01,2024-05-20,13,3.746153846153846
HHN-MAN-01,2024-05-21,12,1.9000000000000001
HHN-MAN-01,2024-05-22,14,3.1
HHN-MAN-01,2024-05-23,14,2.657142857142857
HHN-MAN-01,2024-05-24,11,2.872727272727273
HHN-MAN-01,2024-05-28,17,2.276470588235294
HHN-MAN-01,2024-05-29,18,2.816666666666667
HHN-MAN-01,2024-05-30,10,2.65
HHN-MAN-01,2024-05-31,10,2.43
HHN-MAN-01,2024-06-03,13,2.5923076923076924
HHN-MAN-01,2024-06-04,12,3.65
HHN-MAN-01,2024-06-05,9,2.6333333333333333
HHN-MAN-01,2024-06-06,14,2.4499999999999997
HHN-MAN-01,2024-06-07,13,3.161538461538462
HHN-MAN-01,2024-06-10,13,2.6153846153846154
HHN-MAN-01,2024-06-11,17,2.988235294117647
HHN-MAN-01,2024-06-12,15,3.0733333333333333
HHN-MAN-01,2024-06-13,12,3.9250000000000003
HHN-MAN-01,2024-06-14,12,2.783333333333333
HHN-MAN-01,2024-06-17,14,3.4714285714285715
HHN-MAN-01,2024-06-18,14,2.757142857142857
HHN-MAN-01,2024-06-19,10,2.95
HHN-MAN-01,2024-06-20,13,3.9923076923076923
HHN-MAN-01,2024-06-21,10,2.81
HHN-MAN-01,2024-06-24,15,3.646666666666667
HHN-MAN-01,2024-06-25,13,1.9692307692307691
HHN-MAN-01,2024-06-26,18,2.5833333333333335
HHN-MAN-01,2024-06-27,11,2.7818181818181817
HHN-MAN-01,2024-06-28,7,4.3428571428571425
HHN-MAN-01,2024-07-01,14,3.375
HHN-MAN-01,2024-07-02,17,2.6294117647058823
HHN-MAN-01,2024-07-03,13,2.292307692307692
HHN-MAN-01,2024-07-04,7,2.0142857142857142
HHN-MAN-01,2024-07-05,13,2.661538461538462
HHN-MAN-01,2024-07-08,12,2.733333333333333
HHN-MAN-01,2024-07-09,19,3.0368421052631582
HHN-MAN-01,2024-07-10,12,3.6750000000000003
HHN-MAN-01,2024-07-11,7,2.814285714285714
HHN-MAN-01,2024-07-12,11,2.4454545454545453
HHN-MAN-01,2024-07-15,21,3.1476190476190475
HHN-MAN-01,2024-07-16,18,3.388888888888889
HHN-MAN-01,2024-07-17,11,3.1727272727272724
HHN-MAN-01,2024-07-18,12,3.1999999999999997
HHN-MAN-01,2024-07-19,15,3.2866666666666666
HHN-MAN-01,2024-07-22,20,2.895
HHN-MAN-01,2024-07-23,10,2.58
HHN-MAN-01,2024-07-24,13,2.784615384615385
HHN-MAN-01,2024-07-25,13,3.4076923076923076
HHN-MAN-01,2024-07-26,16,2.1
HHN-MAN-01,2024-07-29,13,2.9846153846153842
HHN-MAN-01,2024-07-30,13,4.084615384615384
HHN-MAN-01,2024-07-31,16,2.7375
HHN-MAN-01,2024-08-01,10,2.17
HHN-MAN-01,2024-08-02,1,0.2
HHN-MAN-01,2024-08-05,8,3.0
HHN-MAN-01,2024-08-06,9,2.9444444444444446
HHN-MAN-01,2024-08-07,4,2.3249999999999997
HHN-MAN-01,2024-08-08,3,3.1
HHN-MAN-01,2024-08-09,8,3.3125
HHN-MAN-01,2024-08-12,10,3.09
HHN-MAN-01,2024-08-13,6,3.283333333333333
HHN-MAN-01,2024-08-14,10,3.5
HHN-MAN-01,2024-08-15,12,2.9916666666666667
HHN-MAN-01,2024-08-16,6,2.9333333333333336
HHN-MAN-01,2024-08-19,9,4.866666666666666
HHN-MAN-01,2024-08-20,6,3.5
HHN-MAN-01,2024-08-21,7,4.185714285714285
HHN-MAN-01,2024-08-22,1,4.2
HHN-MAN-01,2024-08-23,7,3.2857142857142856
HHN-MAN-01,2024-08-27,9,2.8777777777777778
HHN-MAN-01,2024-08-28,9,2.744444444444445
HHN-MAN-01,2024-08-29,2,3.95
HHN-MAN-01,2024-08-30,3,4.7
HHN-MAN-01,2024-09-02,10,2.6100000000000003
HHN-MAN-01,2024-09-03,16,3.125
HHN-MAN-01,2024-09-04,15,2.68
HHN-MAN-01,2024-09-05,11,2.290909090909091
HHN-MAN-01,2024-09-06,9,3.322222222222222
HHN-MAN-01,2024-09-09,10,2.4899999999999998
HHN-MAN-01,2024-09-10,13,2.853846153846154
HHN-MAN-01,2024-09-11,7,2.314285714285714
HHN-MAN-01,2024-09-12,13,3.0461538461538464
HHN-MAN-01,2024-09-13,9,3.2777777777777777
HHN-MAN-01,2024-09-16,6,3.0666666666666664
HHN-MAN-01,2024-09-17,14,3.414285714285714
HHN-MAN-01,2024-09-18,13,2.5615384615384613
HHN-MAN-01,2024-09-19,11,3.090909090909091
HHN-MAN-01,2024-09-20,9,3.2333333333333334
HHN-MAN-01,2024-09-23,11,2.9818181818181815
HHN-MAN-01,2024-09-24,10,3.29
HHN-MAN-01,2024-09-25,24,3.7458333333333336
HHN-MAN-01,2024-09-26,11,3.027272727272727
HHN-MAN-01,2024-09-27,11,3.6545454545454548
HHN-MAN-01,2024-09-30,15,2.886666666666667
HHN-MAN-01,2024-10-01,10,2.71
HHN-MAN-01,2024-10-02,10,2.3899999999999997
HHN-MAN-01,2024-10-03,16,2.91875
HHN-MAN-01,2024-10-04,11,3.936363636363636
HHN-MAN-01,2024-10-07,9,3.0
HHN-MAN-01,2024-10-08,16,3.88125
HHN-MAN-01,2024-10-09,15,3.2066666666666666
HHN-MAN-01,2024-10-10,11,2.4727272727272727
HHN-MAN-01,2024-10-11,5,3.28
HHN-MAN-01,2024-10-14,10,3.3600000000000003
HHN-MAN-01,2024-10-15,14,2.792857142857143
HHN-MAN-01,2024-10-16,10,3.29
HHN-MAN-01,2024-10-17,19,3.0157894736842104
HHN-MAN-01,2024-10-18,11,4.418181818181818
HHN-MAN-01,2024-10-21,13,3.0461538461538464
HHN-MAN-01,2024-10-22,14,3.792857142857143
HHN-MAN-01,2024-10-23,12,3.0666666666666664
HHN-MAN-01,2024-10-24,15,3.1133333333333337
HHN-MAN-01,2024-10-25,9,3.111111111111111
HHN-MAN-01,2024-10-28,14,3.621428571428571
HHN-MAN-01,2024-10-29,14,2.5142857142857147
HHN-MAN-01,2024-10-30,15,3.0133333333333336
HHN-MAN-01,2024-10-31,14,2.9714285714285715
HHN-MAN-01,2024-11-01,10,2.3099999999999996
HHN-MAN-01,2024-11-04,9,2.477777777777778
HHN-MAN-01,2024-11-05,14,2.8285714285714287
HHN-MAN-01,2024-11-06,9,3.2444444444444445
HHN-MAN-01,2024-11-07,7,3.4857142857142853
HHN-MAN-01,2024-11-08,9,2.2
HHN-MAN-01,2024-11-11,7,3.5714285714285716
HHN-MAN-01,2024-11-12,13,4.2615384615384615
HHN-MAN-01,2024-11-13,14,2.5285714285714285
HHN-MAN-01,2024-11-14,15,2.5
HHN-MAN-01,2024-11-15,9,2.644444444444444
HHN-MAN-01,2024-11-18,13,2.7384615384615385
HHN-MAN-01,2024-11-19,9,3.022222222222222
HHN-MAN-01,2024-11-20,9,2.566666666666667
HHN-MAN-01,2024-11-21,7,2.9142857142857146
HHN-MAN-01,2024-11-22,8,2.725
HHN-MAN-01,2024-11-25,12,2.775
HHN-MAN-01,2024-11-26,13,3.292307692307692
HHN-MAN-01,2024-11-27,11,3.0545454545454547
HHN-MAN-01,2024-11-28,9,3.022222222222222
HHN-MAN-01,2024-11-29,10,3.4799999999999995
HHN-MAN-01,2024-12-02,15,3.033333333333333
HHN-MAN-01,2024-12-03,9,4.050000000000001
HHN-MAN-01,2024-12-04,15,2.9266666666666667
HHN-MAN-01,2024-12-05,7,2.985714285714286
HHN-MAN-01,2024-12-06,10,3.6100000000000003
HHN-MAN-01,2024-12-09,10,2.32
HHN-MAN-01,2024-12-10,5,1.8
HHN-MAN-01,2024-12-11,7,3.1
HHN-MAN-01,2024-12-12,13,3.9076923076923076
HHN-MAN-01,2024-12-13,11,2.890909090909091
HHN-MAN-01,2024-12-16,10,3.55
HHN-MAN-01,2024-12-17,6,1.7666666666666666
HHN-MAN-01,2024-12-18,3,3.7000000000000006
HHN-MAN-01,2024-12-19,3,3.866666666666667
HHN-MAN-01,2024-12-20,6,2.5666666666666664
HHN-MAN-01,2024-12-23,7,2.442857142857143
HHN-MAN-01,2024-12-24,3,2.533333333333333
HHN-MAN-01,2024-12-27,1,2.0
HHN-MAN-01,2024-12-30,8,2.6500000000000004
HHN-MAN-01,2024-12-31,1,1.7
HHN-MAN-01,2025-01-02,4,2.45
HHN-MAN-01,2025-01-03,1,3.3
HHN-MAN-01,2025-01-06,8,1.9500000000000002
HHN-MAN-01,2025-01-07,7,2.685714285714286
HHN-MAN-01,2025-01-08,6,2.6833333333333336
HHN-MAN-01,2025-01-09,10,2.65
HHN-MAN-01,2025-01-10,10,3.2
HHN-MAN-01,2025-01-13,10,2.56
HHN-MAN-01,2025-01-14,6,2.9500000000000006
HHN-MAN-01,2025-01-15,13,3.2
HHN-MAN-01,2025-01-16,9,3.2222222222222223
HHN-MAN-01,2025-01-17,8,3.675
HHN-MAN-01,2025-01-20,15,3.393333333333333
HHN-MAN-01,2025-01-21,5,1.48
HHN-MAN-01,2025-01-22,11,3.9545454545454546
HHN-MAN-01,2025-01-23,10,2.17
HHN-MAN-01,2025-01-24,10,3.1100000000000003
HHN-MAN-01,2025-01-27,12,3.783333333333333
HHN-MAN-01,2025-01-28,12,2.3583333333333334
HHN-MAN-01,2025-01-29,8,2.9125
HHN-MAN-01,2025-01-30,12,3.4416666666666664
HHN-MAN-01,2025-01-31,9,3.611111111111111
HHN-MAN-01,2025-02-03,15,2.92
HHN-MAN-01,2025-02-04,15,2.68
HHN-MAN-01,2025-02-05,15,3.4066666666666667
HHN-MAN-01,2025-02-06,8,3.175
HHN-MAN-01,2025-02-07,14,3.542857142857143
HHN-MAN-01,2025-02-10,12,3.3000000000000003
HHN-MAN-01,2025-02-11,8,1.9875
HHN-MAN-01,2025-02-12,10,2.9899999999999998
HHN-MAN-01,2025-02-13,7,2.457142857142857
HHN-MAN-01,2025-02-14,9,2.9555555555555557
HHN-MAN-01,2025-02-17,10,2.54
HHN-MAN-01,2025-02-18,8,3.875
HHN-MAN-01,2025-02-19,10,3.88
HHN-MAN-01,2025-02-20,10,3.46
HHN-MAN-01,2025-02-21,14,3.6714285714285713
HHN-MAN-01,2025-02-24,7,3.1
HHN-MAN-01,2025-02-25,13,3.523076923076923
HHN-MAN-01,2025-02-26,11,3.7636363636363637
HHN-MAN-01,2025-02-27,11,2.290909090909091
HHN-MAN-01,2025-02-28,10,2.46
HHN-MAN-01,2025-03-03,12,3.9166666666666665
HHN-MAN-01,2025-03-04,13,2.9923076923076923
HHN-MAN-01,2025-03-05,9,3.4555555555555553
HHN-MAN-01,2025-03-06,15,3.1
HHN-MAN-01,2025-03-07,8,3.1625
HHN-MAN-01,2025-03-10,16,2.5375
HHN-MAN-01,2025-03-11,9,2.9222222222222225
HHN-MAN-01,2025-03-12,12,2.858333333333333
HHN-MAN-01,2025-03-13,7,3.4714285714285715
HHN-MAN-01,2025-03-14,10,3.15
HHN-MAN-01,2025-03-17,11,3.390909090909091
HHN-MAN-01,2025-03-18,15,3.1733333333333333
HHN-MAN-01,2025-03-19,6,3.233333333333333
HHN-MAN-01,2025-03-20,9,2.1333333333333333
HHN-MAN-01,2025-03-21,6,2.766666666666667
HHN-MAN-01,2025-03-24,13,2.7615384615384615
HHN-MAN-01,2025-03-25,18,3.0611111111111113
HHN-MAN-01,2025-03-26,7,2.685714285714286
HHN-MAN-01,2025-03-27,11,3.0
HHN-MAN-01,2025-03-28,10,2.67
HHN-MAN-01,2025-03-31,12,3.158333333333333
HHN-MAN-01,2025-04-01,15,3.566666666666667
HHN-MAN-01,2025-04-02,14,3.0
HHN-MAN-01,2025-04-03,7,2.742857142857143
HHN-MAN-01,2025-04-04,5,2.8600000000000003
HHN-MAN-01,2025-04-07,9,3.5555555555555554
HHN-MAN-01,2025-04-08,18,2.2777777777777777
HHN-MAN-01,2025-04-09,7,3.057142857142857
HHN-MAN-01,2025-04-10,13,3.292307692307692
HHN-MAN-01,2025-04-11,15,3.1266666666666665
HHN-MAN-01,2025-04-14,6,2.1
HHN-MAN-01,2025-04-15,16,3.44375
HHN-MAN-01,2025-04-16,13,3.4538461538461536
HHN-MAN-01,2025-04-17,18,2.95
HHN-MAN-01,2025-04-22,15,3.6533333333333338
HHN-MAN-01,2025-04-23,13,3.6538461538461537
HHN-MAN-01,2025-04-24,13,2.9000000000000004
HHN-MAN-01,2025-04-25,10,3.66
HHN-MAN-01,2025-04-28,6,2.1666666666666665
HHN-MAN-01,2025-04-29,9,3.155555555555556
HHN-MAN-01,2025-04-30,12,3.4
HHN-MAN-01,2025-05-01,12,3.141666666666667
HHN-MAN-01,2025-05-02,17,2.6705882352941175
HHN-MAN-01,2025-05-06,10,2.35
HHN-MAN-01,2025-05-07,17,3.347058823529412
HHN-MAN-01,2025-05-08,10,2.38
HHN-MAN-01,2025-05-09,9,3.7666666666666666
HHN-MAN-01,2025-05-12,15,2.9733333333333336
HHN-MAN-01,2025-05-13,10,3.38
HHN-MAN-01,2025-05-14,12,2.6750000000000003
HHN-MAN-01,2025-05-15,6,3.4
HHN-MAN-01,2025-05-16,14,2.142857142857143
HHN-MAN-01,2025-05-19,11,2.7454545454545456
HHN-MAN-01,2025-05-20,16,3.4625
HHN-MAN-01,2025-05-21,10,3.11
HHN-MAN-01,2025-05-22,12,3.0666666666666664
HHN-MAN-01,2025-05-23,12,2.5833333333333335
HHN-MAN-01,2025-05-27,15,3.3266666666666667
HHN-MAN-01,2025-05-28,8,2.8875
HHN-MAN-01,2025-05-29,22,4.340909090909091
HHN-MAN-01,2025-05-30,13,3.646153846153846
HHN-MAN-01,2025-06-02,12,3.9916666666666667
HHN-MAN-01,2025-06-03,12,3.2916666666666665
HHN-MAN-01,2025-06-04,12,3.0
HHN-MAN-01,2025-06-05,10,3.63
HHN-MAN-01,2025-06-06,8,3.39375
HHN-MAN-01,2025-06-09,17,2.6470588235294117
HHN-MAN-01,2025-06-10,13,2.169230769230769
HHN-MAN-01,2025-06-11,9,3.511111111111111
HHN-MAN-01,2025-06-12,8,3.3875
HHN-MAN-01,2025-06-13,11,3.5
HHN-MAN-01,2025-06-16,11,2.909090909090909
HHN-MAN-01,2025-06-17,14,3.35
HHN-MAN-01,2025-06-18,15,3.2666666666666666
HHN-MAN-01,2025-06-19,11,2.972727272727273
HHN-MAN-01,2025-06-20,13,3.0846153846153848
HHN-MAN-01,2025-06-23,11,3.754545454545455
HHN-MAN-01,2025-06-24,8,1.8
HHN-MAN-01,2025-06-25,17,3.076470588235294
HHN-MAN-01,2025-06-26,12,2.7583333333333333
HHN-MAN-01,2025-06-27,9,2.6555555555555554
HHN-MAN-01,2025-06-30,15,2.0933333333333333
HHN-MAN-01,2025-07-01,17,2.8588235294117648
HHN-MAN-01,2025-07-02,14,3.0035714285714286
HHN-MAN-01,2025-07-03,16,3.1375
HHN-MAN-01,2025-07-04,10,2.82
HHN-MAN-01,2025-07-07,12,3.625
HHN-MAN-01,2025-07-08,10,3.1100000000000003
HHN-MAN-01,2025-07-09,12,2.6916666666666664
HHN-MAN-01,2025-07-10,16,3.2
HHN-MAN-01,2025-07-11,8,2.4
HHN-MAN-01,2025-07-14,12,3.6916666666666664
HHN-MAN-01,2025-07-15,9,3.0555555555555554
HHN-MAN-01,2025-07-16,13,3.1846153846153844
HHN-MAN-01,2025-07-17,10,2.59
HHN-MAN-01,2025-07-18,10,3.6100000000000003
HHN-MAN-01,2025-07-21,14,3.242857142857143
HHN-MAN-01,2025-07-22,11,2.909090909090909
HHN-MAN-01,2025-07-23,16,2.9875
HHN-MAN-01,2025-07-24,16,3.7875
HHN-MAN-01,2025-07-25,13,2.5153846153846158
HHN-MAN-01,2025-07-28,20,2.975
HHN-MAN-01,2025-07-29,13,3.630769230769231
HHN-MAN-01,2025-07-30,13,2.9846153846153842
HHN-MAN-01,2025-07-31,10,2.63
HHN-MAN-01,2025-08-01,7,3.142857142857143
HHN-MAN-01,2025-08-04,4,2.625
HHN-MAN-01,2025-08-05,5,2.2399999999999998
HHN-MAN-01,2025-08-06,9,4.877777777777777
HHN-MAN-01,2025-08-07,8,3.725
HHN-MAN-01,2025-08-08,3,2.8666666666666667
HHN-MAN-01,2025-08-11,11,2.7636363636363637
HHN-MAN-01,2025-08-12,7,2.585714285714286
HHN-MAN-01,2025-08-13,6,2.533333333333333
HHN-MAN-01,2025-08-14,11,2.6727272727272724
HHN-MAN-01,2025-08-15,1,3.6
HHN-MAN-01,2025-08-18,4,3.7249999999999996
HHN-MAN-01,2025-08-19,6,3.1833333333333336
HHN-MAN-01,2025-08-20,4,3.15
HHN-MAN-01,2025-08-21,9,3.1888888888888887
HHN-MAN-01,2025-08-26,4,3.0250000000000004
HHN-MAN-01,2025-08-27,8,3.4375
HHN-MAN-01,2025-08-28,8,3.6875
HHN-MAN-01,2025-08-29,7,2.3714285714285714
HHN-MAN-01,2025-09-01,9,2.0833333333333335
HHN-MAN-01,2025-09-02,13,2.715384615384615
HHN-MAN-01,2025-09-03,10,2.79
HHN-MAN-01,2025-09-04,10,3.1100000000000003
HHN-MAN-01,2025-09-05,7,3.1285714285714286
HHN-MAN-01,2025-09-08,16,3.61875
HHN-MAN-01,2025-09-09,17,4.0
HHN-MAN-01,2025-09-10,15,3.3066666666666666
HHN-MAN-01,2025-09-11,8,3.3625
HHN-MAN-01,2025-09-12,15,3.3066666666666666
HHN-MAN-01,2025-09-15,13,2.792307692307692
HHN-MAN-01,2025-09-16,12,3.1916666666666664
HHN-MAN-01,2025-09-17,6,2.5833333333333335
HHN-MAN-01,2025-09-18,15,2.4266666666666667
HHN-MAN-01,2025-09-19,9,3.522222222222222
HHN-MAN-01,2025-09-22,13,3.7615384615384615
HHN-MAN-01,2025-09-23,12,3.408333333333333
HHN-MAN-01,2025-09-24,9,4.233333333333333
HHN-MAN-01,2025-09-25,10,2.3
HHN-MAN-01,2025-09-26,14,2.2
HHN-MAN-01,2025-09-29,12,2.8000000000000003
HHN-MAN-01,2025-09-30,15,3.3333333333333335
HHN-MAN-01,2025-10-01,12,2.875
HHN-MAN-01,2025-10-02,11,2.5
HHN-MAN-01,2025-10-03,14,3.5142857142857147
HHN-MAN-01,2025-10-06,14,2.6999999999999997
HHN-MAN-01,2025-10-07,16,2.81875
HHN-MAN-01,2025-10-08,14,2.9214285714285713
HHN-MAN-01,2025-10-09,8,3.075
HHN-MAN-01,2025-10-10,11,2.9454545454545453
HHN-MAN-01,2025-10-13,12,3.4916666666666667
HHN-MAN-01,2025-10-14,10,3.7299999999999995
HHN-MAN-01,2025-10-15,11,2.590909090909091
HHN-MAN-01,2025-10-16,9,3.177777777777778
HHN-MAN-01,2025-10-17,7,2.914285714285714
HHN-MAN-01,2025-10-20,15,2.8133333333333335
HHN-MAN-01,2025-10-21,17,3.1176470588235294
HHN-MAN-01,2025-10-22,10,3.4
HHN-MAN-01,2025-10-23,12,2.6083333333333334
HHN-MAN-01,2025-10-24,8,3.0
HHN-MAN-01,2025-10-27,6,3.1833333333333336
HHN-MAN-01,2025-10-28,11,2.772727272727273
HHN-MAN-01,2025-10-29,17,2.5470588235294116
HHN-MAN-01,2025-10-30,10,3.44
HHN-MAN-01,2025-10-31,7,4.042857142857143
HHN-MAN-01,2025-11-03,17,3.611764705882353
HHN-MAN-01,2025-11-04,10,3.1100000000000003
HHN-MAN-01,2025-11-05,9,2.522222222222222
HHN-MAN-01,2025-11-06,8,2.3125
HHN-MAN-01,2025-11-07,6,5.166666666666667
HHN-MAN-01,2025-11-10,8,3.4
HHN-MAN-01,2025-11-11,5,4.1
HHN-MAN-01,2025-11-12,9,2.8
HHN-MAN-01,2025-11-13,8,3.5375
HHN-MAN-01,2025-11-14,7,3.271428571428572
HHN-MAN-01,2025-11-17,13,2.6538461538461537
HHN-MAN-01,2025-11-18,9,2.677777777777778
HHN-MAN-01,2025-11-19,13,2.707692307692308
HHN-MAN-01,2025-11-20,10,3.05
HHN-MAN-01,2025-11-21,16,2.75
HHN-MAN-01,2025-11-24,13,2.5076923076923077
HHN-MAN-01,2025-11-25,10,3.6100000000000003
HHN-MAN-01,2025-11-26,6,2.3666666666666667
HHN-MAN-01,2025-11-27,9,4.122222222222223
HHN-MAN-01,2025-11-28,9,3.388888888888889
HHN-MAN-01,2025-12-01,16,3.15
HHN-MAN-01,2025-12-02,17,3.0823529411764703
HHN-MAN-01,2025-12-03,15,3.033333333333333
HHN-MAN-01,2025-12-04,15,2.7133333333333334
HHN-MAN-01,2025-12-05,4,3.425
HHN-MAN-01,2025-12-08,9,2.8
HHN-MAN-01,2025-12-09,11,2.409090909090909
HHN-MAN-01,2025-12-10,7,2.814285714285714
HHN-MAN-01,2025-12-11,9,3.3111111111111113
HHN-MAN-01,2025-12-12,18,2.8722222222222222
HHN-MAN-01,2025-12-15,7,4.228571428571429
HHN-MAN-01,2025-12-16,12,2.8083333333333336
HHN-MAN-01,2025-12-17,16,3.175
HHN-MAN-01,2025-12-18,2,4.95
HHN-MAN-01,2025-12-19,3,3.0
HHN-MAN-01,2025-12-22,4,2.35
HHN-MAN-01,2025-12-23,3,2.9333333333333336
HHN-MAN-01,2025-12-24,4,3.3
HHN-MAN-01,2025-12-29,5,3.5
HHN-MAN-01,2025-12-30,6,2.9166666666666665
HHN-MAN-01,2025-12-31,3,3.7000000000000006
