hospital_id,date,total_admissions
HHN-BIR-01,2024-01-01,20
HHN-BIR-01,2024-01-02,35
HHN-BIR-01,2024-01-03,29
HHN-BIR-01,2024-01-04,35
HHN-BIR-01,2024-01-05,41
HHN-BIR-01,2024-01-06,35
HHN-BIR-01,2024-01-07,20
HHN-BIR-01,2024-01-08,46
HHN-BIR-01,2024-01-09,27
HHN-BIR-01,2024-01-10,34
HHN-BIR-01,2024-01-11,25
HHN-BIR-01,2024-01-12,40
HHN-BIR-01,2024-01-13,18
HHN-BIR-01,2024-01-14,43
HHN-BIR-01,2024-01-15,39
HHN-BIR-01,2024-01-16,37
HHN-BIR-01,2024-01-17,46
HHN-BIR-01,2024-01-18,47
HHN-BIR-01,2024-01-19,35
HHN-BIR-01,2024-01-20,25
HHN-BIR-01,2024-01-21,51
HHN-BIR-01,2024-01-22,37
HHN-BIR-01,2024-01-23,44
HHN-BIR-01,2024-01-24,32
HHN-BIR-01,2024-01-25,31
HHN-BIR-01,2024-01-26,34
HHN-BIR-01,2024-01-27,24
HHN-BIR-01,2024-01-28,33
HHN-BIR-01,2024-01-29,32
HHN-BIR-01,2024-01-30,55
HHN-BIR-01,2024-01-31,44
HHN-BIR-01,2024-02-01,24
HHN-BIR-01,2024-02-02,30
HHN-BIR-01,2024-02-03,52
HHN-BIR-01,2024-02-04,31
HHN-BIR-01,2024-02-05,28
HHN-BIR-01,2024-02-06,31
HHN-BIR-01,2024-02-07,42
HHN-BIR-01,2024-02-08,37
HHN-BIR-01,2024-02-09,33
HHN-BIR-01,2024-02-10,48
HHN-BIR-01,2024-02-11,43
HHN-BIR-01,2024-02-12,46
HHN-BIR-01,2024-02-13,33
HHN-BIR-01,2024-02-14,44
HHN-BIR-01,2024-02-15,47
HHN-BIR-01,2024-02-16,25
HHN-BIR-01,2024-02-17,38
HHN-BIR-01,2024-02-18,40
HHN-BIR-01,2024-02-19,23
HHN-BIR-01,2024-02-20,39
HHN-BIR-01,2024-02-21,40
HHN-BIR-01,2024-02-22,30
HHN-BIR-01,2024-02-23,31
HHN-BIR-01,2024-02-24,20
HHN-BIR-01,2024-02-25,27
HHN-BIR-01,2024-02-26,36
HHN-BIR-01,2024-02-27,30
HHN-BIR-01,2024-02-28,45
HHN-BIR-01,2024-02-29,50
HHN-BIR-01,2024-03-01,35
HHN-BIR-01,2024-03-02,28
HHN-BIR-01,2024-03-03,13
HHN-BIR-01,2024-03-04,22
HHN-BIR-01,2024-03-05,21
HHN-BIR-01,2024-03-06,52
HHN-BIR-01,2024-03-07,35
HHN-BIR-01,2024-03-08,34
HHN-BIR-01,2024-03-09,16
HHN-BIR-01,2024-03-10,27
HHN-BIR-01,2024-03-11,46
HHN-BIR-01,2024-03-12,33
HHN-BIR-01,2024-03-13,32
HHN-BIR-01,2024-03-14,35
HHN-BIR-01,2024-03-15,25
HHN-BIR-01,2024-03-16,35
HHN-BIR-01,2024-03-17,27
HHN-BIR-01,2024-03-18,20
HHN-BIR-01,2024-03-19,19
HHN-BIR-01,2024-03-20,36
HHN-BIR-01,2024-03-21,51
HHN-BIR-01,2024-03-22,25
HHN-BIR-01,2024-03-23,32
HHN-BIR-01,2024-03-24,23
HHN-BIR-01,2024-03-25,32
HHN-BIR-01,2024-03-26,40
HHN-BIR-01,2024-03-27,34
HHN-BIR-01,2024-03-28,42
HHN-BIR-01,2024-03-29,20
HHN-BIR-01,2024-03-30,14
HHN-BIR-01,2024-03-31,32
HHN-BIR-01,2024-04-01,33
HHN-BIR-01,2024-04-02,34
HHN-BIR-01,2024-04-03,30
HHN-BIR-01,2024-04-04,32
HHN-BIR-01,2024-04-05,44
HHN-BIR-01,2024-04-06,50
HHN-BIR-01,2024-04-07,23
HHN-BIR-01,2024-04-08,46
HHN-BIR-01,2024-04-09,40
HHN-BIR-01,2024-04-10,23
HHN-BIR-01,2024-04-11,16
HHN-BIR-01,2024-04-12,41
HHN-BIR-01,2024-04-13,22
HHN-BIR-01,2024-04-14,16
HHN-BIR-01,2024-04-15,37
HHN-BIR-01,2024-04-16,20
HHN-BIR-01,2024-04-17,29
HHN-BIR-01,2024-04-18,33
HHN-BIR-01,2024-04-19,32
HHN-BIR-01,2024-04-20,17
HHN-BIR-01,2024-04-21,16
HHN-BIR-01,2024-04-22,32
HHN-BIR-01,2024-04-23,25
HHN-BIR-01,2024-04-24,45
HHN-BIR-01,2024-04-25,33
HHN-BIR-01,2024-04-26,41
HHN-BIR-01,2024-04-27,31
HHN-BIR-01,2024-04-28,23
HHN-BIR-01,2024-04-29,46
HHN-BIR-01,2024-04-30,47
HHN-BIR-01,2024-05-01,36
HHN-BIR-01,2024-05-02,35
HHN-BIR-01,2024-05-03,34
HHN-BIR-01,2024-05-04,19
HHN-BIR-01,2024-05-05,28
HHN-BIR-01,2024-05-06,38
HHN-BIR-01,2024-05-07,33
HHN-BIR-01,2024-05-08,28
HHN-BIR-01,2024-05-09,31
HHN-BIR-01,2024-05-10,27
HHN-BIR-01,2024-05-11,15
HHN-BIR-01,2024-05-12,12
HHN-BIR-01,2024-05-13,36
HHN-BIR-01,2024-05-14,28
HHN-BIR-01,2024-05-15,33
HHN-BIR-01,2024-05-16,24
HHN-BIR-01,2024-05-17,38
HHN-BIR-01,2024-05-18,28
HHN-BIR-01,2024-05-19,13
HHN-BIR-01,2024-05-20,23
HHN-BIR-01,2024-05-21,33
HHN-BIR-01,2024-05-22,28
HHN-BIR-01,2024-05-23,26
HHN-BIR-01,2024-05-24,34
HHN-BIR-01,2024-05-25,35
HHN-BIR-01,2024-05-26,25
HHN-BIR-01,2024-05-27,18
HHN-BIR-01,2024-05-28,36
HHN-BIR-01,2024-05-29,30
HHN-BIR-01,2024-05-30,38
HHN-BIR-01,2024-05-31,37
HHN-BIR-01,2024-06-01,19
HHN-BIR-01,2024-06-02,25
HHN-BIR-01,2024-06-03,35
HHN-BIR-01,2024-06-04,35
HHN-BIR-01,2024-06-05,29
HHN-BIR-01,2024-06-06,20
HHN-BIR-01,2024-06-07,37
HHN-BIR-01,2024-06-08,28
HHN-BIR-01,2024-06-09,19
HHN-BIR-01,2024-06-10,45
HHN-BIR-01,2024-06-11,54
HHN-BIR-01,2024-06-12,39
HHN-BIR-01,2024-06-13,44
HHN-BIR-01,2024-06-14,34
HHN-BIR-01,2024-06-15,15
HHN-BIR-01,2024-06-16,23
HHN-BIR-01,2024-06-17,16
HHN-BIR-01,2024-06-18,21
HHN-BIR-01,2024-06-19,29
HHN-BIR-01,2024-06-20,24
HHN-BIR-01,2024-06-21,25
HHN-BIR-01,2024-06-22,21
HHN-BIR-01,2024-06-23,16
HHN-BIR-01,2024-06-24,26
HHN-BIR-01,2024-06-25,31
HHN-BIR-01,2024-06-26,29
HHN-BIR-01,2024-06-27,32
HHN-BIR-01,2024-06-28,36
HHN-BIR-01,2024-06-29,44
HHN-BIR-01,2024-06-30,14
HHN-BIR-01,2024-07-01,34
HHN-BIR-01,2024-07-02,34
HHN-BIR-01,2024-07-03,30
HHN-BIR-01,2024-07-04,18
HHN-BIR-01,2024-07-05,19
HHN-BIR-01,2024-07-06,31
HHN-BIR-01,2024-07-07,15
HHN-BIR-01,2024-07-08,28
HHN-BIR-01,2024-07-09,21
HHN-BIR-01,2024-07-10,18
HHN-BIR-01,2024-07-11,22
HHN-BIR-01,2024-07-12,33
HHN-BIR-01,2024-07-13,14
HHN-BIR-01,2024-07-14,11
HHN-BIR-01,2024-07-15,30
HHN-BIR-01,2024-07-16,31
HHN-BIR-01,2024-07-17,20
HHN-BIR-01,2024-07-18,26
HHN-BIR-01,2024-07-19,15
HHN-BIR-01,2024-07-20,17
HHN-BIR-01,2024-07-21,22
HHN-BIR-01,2024-07-22,47
HHN-BIR-01,2024-07-23,33
HHN-BIR-01,2024-07-24,32
HHN-BIR-01,2024-07-25,24
HHN-BIR-01,2024-07-26,32
HHN-BIR-01,2024-07-27,24
HHN-BIR-01,2024-07-28,18
HHN-BIR-01,2024-07-29,34
HHN-BIR-01,2024-07-30,28
HHN-BIR-01,2024-07-31,25
HHN-BIR-01,2024-08-01,20
HHN-BIR-01,2024-08-02,18
HHN-BIR-01,2024-08-03,17
HHN-BIR-01,2024-08-04,22
HHN-BIR-01,2024-08-05,20
HHN-BIR-01,2024-08-06,16
HHN-BIR-01,2024-08-07,28
HHN-BIR-01,2024-08-08,16
HHN-BIR-01,2024-08-09,33
HHN-BIR-01,2024-08-10,22
HHN-BIR-01,2024-08-11,29
HHN-BIR-01,2024-08-12,24
HHN-BIR-01,2024-08-13,19
HHN-BIR-01,2024-08-14,24
HHN-BIR-01,2024-08-15,15
HHN-BIR-01,2024-08-16,22
HHN-BIR-01,2024-08-17,17
HHN-BIR-01,2024-08-18,20
HHN-BIR-01,2024-08-19,14
HHN-BIR-01,2024-08-20,24
HHN-BIR-01,2024-08-21,9
HHN-BIR-01,2024-08-22,14
HHN-BIR-01,2024-08-23,38
HHN-BIR-01,2024-08-24,6
HHN-BIR-01,2024-08-25,22
HHN-BIR-01,2024-08-26,23
HHN-BIR-01,2024-08-27,25
HHN-BIR-01,2024-08-28,33
HHN-BIR-01,2024-08-29,28
HHN-BIR-01,2024-08-30,17
HHN-BIR-01,2024-08-31,20
HHN-BIR-01,2024-09-01,25
HHN-BIR-01,2024-09-02,31
HHN-BIR-01,2024-09-03,24
HHN-BIR-01,2024-09-04,40
HHN-BIR-01,2024-09-05,33
HHN-BIR-01,2024-09-06,24
HHN-BIR-01,2024-09-07,26
HHN-BIR-01,2024-09-08,13
HHN-BIR-01,2024-09-09,33
HHN-BIR-01,2024-09-10,18
HHN-BIR-01,2024-09-11,26
HHN-BIR-01,2024-09-12,26
HHN-BIR-01,2024-09-13,37
HHN-BIR-01,2024-09-14,23
HHN-BIR-01,2024-09-15,21
HHN-BIR-01,2024-09-16,43
HHN-BIR-01,2024-09-17,25
HHN-BIR-01,2024-09-18,41
HHN-BIR-01,2024-09-19,19
HHN-BIR-01,2024-09-20,28
HHN-BIR-01,2024-09-21,15
HHN-BIR-01,2024-09-22,15
HHN-BIR-01,2024-09-23,25
HHN-BIR-01,2024-09-24,22
HHN-BIR-01,2024-09-25,38
HHN-BIR-01,2024-09-26,36
HHN-BIR-01,2024-09-27,21
HHN-BIR-01,2024-09-28,29
HHN-BIR-01,2024-09-29,28
HHN-BIR-01,2024-09-30,25
HHN-BIR-01,2024-10-01,14
HHN-BIR-01,2024-10-02,27
HHN-BIR-01,2024-10-03,30
HHN-BIR-01,2024-10-04,40
HHN-BIR-01,2024-10-05,39
HHN-BIR-01,2024-10-06,29
HHN-BIR-01,2024-10-07,38
HHN-BIR-01,2024-10-08,27
HHN-BIR-01,2024-10-09,33
HHN-BIR-01,2024-10-10,32
HHN-BIR-01,2024-10-11,44
HHN-BIR-01,2024-10-12,18
HHN-BIR-01,2024-10-13,18
HHN-BIR-01,2024-10-14,29
HHN-BIR-01,2024-10-15,35
HHN-BIR-01,2024-10-16,34
HHN-BIR-01,2024-10-17,27
HHN-BIR-01,2024-10-18,29
HHN-BIR-01,2024-10-19,23
HHN-BIR-01,2024-10-20,17
HHN-BIR-01,2024-10-21,28
HHN-BIR-01,2024-10-22,33
HHN-BIR-01,2024-10-23,35
HHN-BIR-01,2024-10-24,40
HHN-BIR-01,2024-10-25,33
HHN-BIR-01,2024-10-26,53
HHN-BIR-01,2024-10-27,27
HHN-BIR-01,2024-10-28,21
HHN-BIR-01,2024-10-29,38
HHN-BIR-01,2024-10-30,29
HHN-BIR-01,2024-10-31,30
HHN-BIR-01,2024-11-01,28
HHN-BIR-01,2024-11-02,21
HHN-BIR-01,2024-11-03,13
HHN-BIR-01,2024-11-04,29
HHN-BIR-01,2024-11-05,41
HHN-BIR-01,2024-11-06,40
HHN-BIR-01,2024-11-07,39
HHN-BIR-01,2024-11-08,34
HHN-BIR-01,2024-11-09,15
HHN-BIR-01,2024-11-10,35
HHN-BIR-01,2024-11-11,39
HHN-BIR-01,2024-11-12,22
HHN-BIR-01,2024-11-13,27
HHN-BIR-01,2024-11-14,25
HHN-BIR-01,2024-11-15,28
HHN-BIR-01,2024-11-16,12
HHN-BIR-01,2024-11-17,23
HHN-BIR-01,2024-11-18,40
HHN-BIR-01,2024-11-19,25
HHN-BIR-01,2024-11-20,39
HHN-BIR-01,2024-11-21,27
HHN-BIR-01,2024-11-22,38
HHN-BIR-01,2024-11-23,14
HHN-BIR-01,2024-11-24,23
HHN-BIR-01,2024-11-25,29
HHN-BIR-01,2024-11-26,26
HHN-BIR-01,2024-11-27,34
HHN-BIR-01,2024-11-28,37
HHN-BIR-01,2024-11-29,26
HHN-BIR-01,2024-11-30,35
HHN-BIR-01,2024-12-01,32
HHN-BIR-01,2024-12-02,37
HHN-BIR-01,2024-12-03,37
HHN-BIR-01,2024-12-04,32
HHN-BIR-01,2024-12-05,30
HHN-BIR-01,2024-12-06,58
HHN-BIR-01,2024-12-07,32
HHN-BIR-01,2024-12-08,33
HHN-BIR-01,2024-12-09,32
HHN-BIR-01,2024-12-10,40
HHN-BIR-01,2024-12-11,38
HHN-BIR-01,2024-12-12,55
HHN-BIR-01,2024-12-13,47
HHN-BIR-01,2024-12-14,23
HHN-BIR-01,2024-12-15,37
HHN-BIR-01,2024-12-16,36
HHN-BIR-01,2024-12-17,55
HHN-BIR-01,2024-12-18,21
HHN-BIR-01,2024-12-19,35
HHN-BIR-01,2024-12-20,26
HHN-BIR-01,2024-12-21,39
HHN-BIR-01,2024-12-22,30
HHN-BIR-01,2024-12-23,20
HHN-BIR-01,2024-12-24,21
HHN-BIR-01,2024-12-25,34
HHN-BIR-01,2024-12-26,24
HHN-BIR-01,2024-12-27,22
HHN-BIR-01,2024-12-28,33
HHN-BIR-01,2024-12-29,35
HHN-BIR-01,2024-12-30,42
HHN-BIR-01,2024-12-31,44
HHN-BIR-01,2025-01-01,22
HHN-BIR-01,2025-01-02,28
HHN-BIR-01,2025-01-03,34
HHN-BIR-01,2025-01-04,26
HHN-BIR-01,2025-01-05,46
HHN-BIR-01,2025-01-06,65
HHN-BIR-01,2025-01-07,42
HHN-BIR-01,2025-01-08,21
HHN-BIR-01,2025-01-09,21
HHN-BIR-01,2025-01-10,18
HHN-BIR-01,2025-01-11,51
HHN-BIR-01,2025-01-12,31
HHN-BIR-01,2025-01-13,48
HHN-BIR-01,2025-01-14,37
HHN-BIR-01,2025-01-15,20
HHN-BIR-01,2025-01-16,33
HHN-BIR-01,2025-01-17,25
HHN-BIR-01,2025-01-18,37
HHN-BIR-01,2025-01-19,30
HHN-BIR-01,2025-01-20,55
HHN-BIR-01,2025-01-21,27
HHN-BIR-01,2025-01-22,37
HHN-BIR-01,2025-01-23,39
HHN-BIR-01,2025-01-24,36
HHN-BIR-01,2025-01-25,47
HHN-BIR-01,2025-01-26,41
HHN-BIR-01,2025-01-27,40
HHN-BIR-01,2025-01-28,34
HHN-BIR-01,2025-01-29,34
HHN-BIR-01,2025-01-30,39
HHN-BIR-01,2025-01-31,38
HHN-BIR-01,2025-02-01,29
HHN-BIR-01,2025-02-02,23
HHN-BIR-01,2025-02-03,26
HHN-BIR-01,2025-02-04,44
HHN-BIR-01,2025-02-05,38
HHN-BIR-01,2025-02-06,27
HHN-BIR-01,2025-02-07,27
HHN-BIR-01,2025-02-08,44
HHN-BIR-01,2025-02-09,59
HHN-BIR-01,2025-02-10,39
HHN-BIR-01,2025-02-11,45
HHN-BIR-01,2025-02-12,34
HHN-BIR-01,2025-02-13,55
HHN-BIR-01,2025-02-14,38
HHN-BIR-01,2025-02-15,31
HHN-BIR-01,2025-02-16,33
HHN-BIR-01,2025-02-17,52
HHN-BIR-01,2025-02-18,40
HHN-BIR-01,2025-02-19,45
HHN-BIR-01,2025-02-20,41
HHN-BIR-01,2025-02-21,42
HHN-BIR-01,2025-02-22,31
HHN-BIR-01,2025-02-23,36
HHN-BIR-01,2025-02-24,43
HHN-BIR-01,2025-02-25,36
HHN-BIR-01,2025-02-26,31
HHN-BIR-01,2025-02-27,38
HHN-BIR-01,2025-02-28,44
HHN-BIR-01,2025-03-01,27
HHN-BIR-01,2025-03-02,38
HHN-BIR-01,2025-03-03,23
HHN-BIR-01,2025-03-04,26
HHN-BIR-01,2025-03-05,17
HHN-BIR-01,2025-03-06,22
HHN-BIR-01,2025-03-07,39
HHN-BIR-01,2025-03-08,29
HHN-BIR-01,2025-03-09,23
HHN-BIR-01,2025-03-10,31
HHN-BIR-01,2025-03-11,40
HHN-BIR-01,2025-03-12,24
HHN-BIR-01,2025-03-13,28
HHN-BIR-01,2025-03-14,19
HHN-BIR-01,2025-03-15,22
HHN-BIR-01,2025-03-16,19
HHN-BIR-01,2025-03-17,20
HHN-BIR-01,2025-03-18,41
HHN-BIR-01,2025-03-19,31
HHN-BIR-01,2025-03-20,49
HHN-BIR-01,2025-03-21,21
HHN-BIR-01,2025-03-22,29
HHN-BIR-01,2025-03-23,16
HHN-BIR-01,2025-03-24,41
HHN-BIR-01,2025-03-25,39
HHN-BIR-01,2025-03-26,27
HHN-BIR-01,2025-03-27,29
HHN-BIR-01,2025-03-28,28
HHN-BIR-01,2025-03-29,38
HHN-BIR-01,2025-03-30,29
HHN-BIR-01,2025-03-31,29
HHN-BIR-01,2025-04-01,31
HHN-BIR-01,2025-04-02,38
HHN-BIR-01,2025-04-03,24
HHN-BIR-01,2025-04-04,27
HHN-BIR-01,2025-04-05,27
HHN-BIR-01,2025-04-06,24
HHN-BIR-01,2025-04-07,43
HHN-BIR-01,2025-04-08,27
HHN-BIR-01,2025-04-09,32
HHN-BIR-01,2025-04-10,28
HHN-BIR-01,2025-04-11,25
HHN-BIR-01,2025-04-12,26
HHN-BIR-01,2025-04-13,17
HHN-BIR-01,2025-04-14,22
HHN-BIR-01,2025-04-15,34
HHN-BIR-01,2025-04-16,44
HHN-BIR-01,2025-04-17,18
HHN-BIR-01,2025-04-18,26
HHN-BIR-01,2025-04-19,29
HHN-BIR-01,2025-04-20,21
HHN-BIR-01,2025-04-21,25
HHN-BIR-01,2025-04-22,38
HHN-BIR-01,2025-04-23,35
HHN-BIR-01,2025-04-24,26
HHN-BIR-01,2025-04-25,31
HHN-BIR-01,2025-04-26,25
HHN-BIR-01,2025-04-27,31
HHN-BIR-01,2025-04-28,43
HHN-BIR-01,2025-04-29,30
HHN-BIR-01,2025-04-30,34
HHN-BIR-01,2025-05-01,42
HHN-BIR-01,2025-05-02,38
HHN-BIR-01,2025-05-03,30
HHN-BIR-01,2025-05-04,27
HHN-BIR-01,2025-05-05,33
HHN-BIR-01,2025-05-06,42
HHN-BIR-01,2025-05-07,24
HHN-BIR-01,2025-05-08,20
HHN-BIR-01,2025-05-09,35
HHN-BIR-01,2025-05-10,25
HHN-BIR-01,2025-05-11,24
HHN-BIR-01,2025-05-12,52
HHN-BIR-01,2025-05-13,28
HHN-BIR-01,2025-05-14,18
HHN-BIR-01,2025-05-15,18
HHN-BIR-01,2025-05-16,28
HHN-BIR-01,2025-05-17,20
HHN-BIR-01,2025-05-18,31
HHN-BIR-01,2025-05-19,39
HHN-BIR-01,2025-05-20,29
HHN-BIR-01,2025-05-21,17
HHN-BIR-01,2025-05-22,29
HHN-BIR-01,2025-05-23,27
HHN-BIR-01,2025-05-24,29
HHN-BIR-01,2025-05-25,17
HHN-BIR-01,2025-05-26,19
HHN-BIR-01,2025-05-27,23
HHN-BIR-01,2025-05-28,26
HHN-BIR-01,2025-05-29,24
HHN-BIR-01,2025-05-30,29
HHN-BIR-01,2025-05-31,25
HHN-BIR-01,2025-06-01,12
HHN-BIR-01,2025-06-02,32
HHN-BIR-01,2025-06-03,22
HHN-BIR-01,2025-06-04,15
HHN-BIR-01,2025-06-05,25
HHN-BIR-01,2025-06-06,24
HHN-BIR-01,2025-06-07,14
HHN-BIR-01,2025-06-08,25
HHN-BIR-01,2025-06-09,29
HHN-BIR-01,2025-06-10,19
HHN-BIR-01,2025-06-11,26
HHN-BIR-01,2025-06-12,22
HHN-BIR-01,2025-06-13,32
HHN-BIR-01,2025-06-14,21
HHN-BIR-01,2025-06-15,11
HHN-BIR-01,2025-06-16,29
HHN-BIR-01,2025-06-17,28
HHN-BIR-01,2025-06-18,26
HHN-BIR-01,2025-06-19,33
HHN-BIR-01,2025-06-20,33
HHN-BIR-01,2025-06-21,37
HHN-BIR-01,2025-06-22,13
HHN-BIR-01,2025-06-23,29
HHN-BIR-01,2025-06-24,18
HHN-BIR-01,2025-06-25,37
HHN-BIR-01,2025-06-26,21
HHN-BIR-01,2025-06-27,28
HHN-BIR-01,2025-06-28,21
HHN-BIR-01,2025-06-29,26
HHN-BIR-01,2025-06-30,25
HHN-BIR-01,2025-07-01,30
HHN-BIR-01,2025-07-02,25
HHN-BIR-01,2025-07-03,32
HHN-BIR-01,2025-07-04,36
HHN-BIR-01,2025-07-05,22
HHN-BIR-01,2025-07-06,21
HHN-BIR-01,2025-07-07,39
HHN-BIR-01,2025-07-08,21
HHN-BIR-01,2025-07-09,34
HHN-BIR-01,2025-07-10,18
HHN-BIR-01,2025-07-11,29
HHN-BIR-01,2025-07-12,12
HHN-BIR-01,2025-07-13,17
HHN-BIR-01,2025-07-14,20
HHN-BIR-01,2025-07-15,32
HHN-BIR-01,2025-07-16,24
HHN-BIR-01,2025-07-17,23
HHN-BIR-01,2025-07-18,22
HHN-BIR-01,2025-07-19,22
HHN-BIR-01,2025-07-20,19
HHN-BIR-01,2025-07-21,34
HHN-BIR-01,2025-07-22,26
HHN-BIR-01,2025-07-23,21
HHN-BIR-01,2025-07-24,29
HHN-BIR-01,2025-07-25,28
HHN-BIR-01,2025-07-26,21
HHN-BIR-01,2025-07-27,30
HHN-BIR-01,2025-07-28,41
HHN-BIR-01,2025-07-29,31
HHN-BIR-01,2025-07-30,20
HHN-BIR-01,2025-07-31,49
HHN-BIR-01,2025-08-01,17
HHN-BIR-01,2025-08-02,27
HHN-BIR-01,2025-08-03,18
HHN-BIR-01,2025-08-04,18
HHN-BIR-01,2025-08-05,24
HHN-BIR-01,2025-08-06,29
HHN-BIR-01,2025-08-07,27
HHN-BIR-01,2025-08-08,17
HHN-BIR-01,2025-08-09,39
HHN-BIR-01,2025-08-10,26
HHN-BIR-01,2025-08-11,19
HHN-BIR-01,2025-08-12,30
HHN-BIR-01,2025-08-13,26
HHN-BIR-01,2025-08-14,22
HHN-BIR-01,2025-08-15,22
HHN-BIR-01,2025-08-16,16
HHN-BIR-01,2025-08-17,24
HHN-BIR-01,2025-08-18,25
HHN-BIR-01,2025-08-19,21
HHN-BIR-01,2025-08-20,35
HHN-BIR-01,2025-08-21,21
HHN-BIR-01,2025-08-22,26
HHN-BIR-01,2025-08-23,22
HHN-BIR-01,2025-08-24,23
HHN-BIR-01,2025-08-25,21
HHN-BIR-01,2025-08-26,18
HHN-BIR-01,2025-08-27,23
HHN-BIR-01,2025-08-28,19
HHN-BIR-01,2025-08-29,16
HHN-BIR-01,2025-08-30,19
HHN-BIR-01,2025-08-31,19
HHN-BIR-01,2025-09-01,27
HHN-BIR-01,2025-09-02,25
HHN-BIR-01,2025-09-03,30
HHN-BIR-01,2025-09-04,29
HHN-BIR-01,2025-09-05,25
HHN-BIR-01,2025-09-06,37
HHN-BIR-01,2025-09-07,16
HHN-BIR-01,2025-09-08,36
HHN-BIR-01,2025-09-09,30
HHN-BIR-01,2025-09-10,27
HHN-BIR-01,2025-09-11,45
HHN-BIR-01,2025-09-12,24
HHN-BIR-01,2025-09-13,11
HHN-BIR-01,2025-09-14,26
HHN-BIR-01,2025-09-15,22
HHN-BIR-01,2025-09-16,31
HHN-BIR-01,2025-09-17,40
HHN-BIR-01,2025-09-18,38
HHN-BIR-01,2025-09-19,15
HHN-BIR-01,2025-09-20,32
HHN-BIR-01,2025-09-21,23
HHN-BIR-01,2025-09-22,22
HHN-BIR-01,2025-09-23,35
HHN-BIR-01,2025-09-24,36
HHN-BIR-01,2025-09-25,48
HHN-BIR-01,2025-09-26,39
HHN-BIR-01,2025-09-27,33
HHN-BIR-01,2025-09-28,23
HHN-BIR-01,2025-09-29,25
HHN-BIR-01,2025-09-30,35
HHN-BIR-01,2025-10-01,27
HHN-BIR-01,2025-10-02,36
HHN-BIR-01,2025-10-03,34
HHN-BIR-01,2025-10-04,15
HHN-BIR-01,2025-10-05,28
HHN-BIR-01,2025-10-06,35
HHN-BIR-01,2025-10-07,23
HHN-BIR-01,2025-10-08,33
HHN-BIR-01,2025-10-09,28
HHN-BIR-01,2025-10-10,23
HHN-BIR-01,2025-10-11,14
HHN-BIR-01,2025-10-12,24
HHN-BIR-01,2025-10-13,42
HHN-BIR-01,2025-10-14,49
HHN-BIR-01,2025-10-15,31
HHN-BIR-01,2025-10-16,35
HHN-BIR-01,2025-10-17,27
HHN-BIR-01,2025-10-18,18
HHN-BIR-01,2025-10-19,30
HHN-BIR-01,2025-10-20,31
HHN-BIR-01,2025-10-21,37
HHN-BIR-01,2025-10-22,30
HHN-BIR-01,2025-10-23,22
HHN-BIR-01,2025-10-24,44
HHN-BIR-01,2025-10-25,27
HHN-BIR-01,2025-10-26,31
HHN-BIR-01,2025-10-27,40
HHN-BIR-01,2025-10-28,29
HHN-BIR-01,2025-10-29,40
HHN-BIR-01,2025-10-30,26
HHN-BIR-01,2025-10-31,28
HHN-BIR-01,2025-11-01,16
HHN-BIR-01,2025-11-02,21
HHN-BIR-01,2025-11-03,34
HHN-BIR-01,2025-11-04,33
HHN-BIR-01,2025-11-05,31
HHN-BIR-01,2025-11-06,11
HHN-BIR-01,2025-11-07,42
HHN-BIR-01,2025-11-08,23
HHN-BIR-01,2025-11-09,33
HHN-BIR-01,2025-11-10,32
HHN-BIR-01,2025-11-11,39
HHN-BIR-01,2025-11-12,32
HHN-BIR-01,2025-11-13,37
HHN-BIR-01,2025-11-14,31
HHN-BIR-01,2025-11-15,25
HHN-BIR-01,2025-11-16,33
HHN-BIR-01,2025-11-17,43
HHN-BIR-01,2025-11-18,29
HHN-BIR-01,2025-11-19,21
HHN-BIR-01,2025-11-20,41
HHN-BIR-01,2025-11-21,36
HHN-BIR-01,2025-11-22,32
HHN-BIR-01,2025-11-23,36
HHN-BIR-01,2025-11-24,44
HHN-BIR-01,2025-11-25,36
HHN-BIR-01,2025-11-26,48
HHN-BIR-01,2025-11-27,31
HHN-BIR-01,2025-11-28,27
HHN-BIR-01,2025-11-29,33
HHN-BIR-01,2025-11-30,29
HHN-BIR-01,2025-12-01,51
HHN-BIR-01,2025-12-02,33
HHN-BIR-01,2025-12-03,42
HHN-BIR-01,2025-12-04,30
HHN-BIR-01,2025-12-05,27
HHN-BIR-01,2025-12-06,20
HHN-BIR-01,2025-12-07,22
HHN-BIR-01,2025-12-08,36
HHN-BIR-01,2025-12-09,34
HHN-BIR-01,2025-12-10,38
HHN-BIR-01,2025-12-11,28
HHN-BIR-01,2025-12-12,40
HHN-BIR-01,2025-12-13,28
HHN-BIR-01,2025-12-14,28
HHN-BIR-01,2025-12-15,33
HHN-BIR-01,2025-12-16,42
HHN-BIR-01,2025-12-17,66
HHN-BIR-01,2025-12-18,48
HHN-BIR-01,2025-12-19,33
HHN-BIR-01,2025-12-20,23
HHN-BIR-01,2025-12-21,40
HHN-BIR-01,2025-12-22,39
HHN-BIR-01,2025-12-23,39
HHN-BIR-01,2025-12-24,33
HHN-BIR-01,2025-12-25,25
HHN-BIR-01,2025-12-26,20
HHN-BIR-01,2025-12-27,40
HHN-BIR-01,2025-12-28,54
HHN-BIR-01,2025-12-29,39
HHN-BIR-01,2025-12-30,42
HHN-BIR-01,2025-12-31,33
HHN-BIR-01,2026-01-01,3
HHN-EDI-01,2024-01-01,17
HHN-EDI-01,2024-01-02,33
HHN-EDI-01,2024-01-03,16
HHN-EDI-01,2024-01-04,27
HHN-EDI-01,2024-01-05,26
HHN-EDI-01,2024-01-06,27
HHN-EDI-01,2024-01-07,20
HHN-EDI-01,2024-01-08,40
HHN-EDI-01,2024-01-09,36
HHN-EDI-01,2024-01-10,27
HHN-EDI-01,2024-01-11,18
HHN-EDI-01,2024-01-12,23
HHN-EDI-01,2024-01-13,19
HHN-EDI-01,2024-01-14,39
HHN-EDI-01,2024-01-15,38
HHN-EDI-01,2024-01-16,16
HHN-EDI-01,2024-01-17,23
HHN-EDI-01,2024-01-18,22
HHN-EDI-01,2024-01-19,24
HHN-EDI-01,2024-01-20,19
HHN-EDI-01,2024-01-21,28
HHN-EDI-01,2024-01-22,38
HHN-EDI-01,2024-01-23,30
HHN-EDI-01,2024-01-24,32
HHN-EDI-01,2024-01-25,20
HHN-EDI-01,2024-01-26,28
HHN-EDI-01,2024-01-27,16
HHN-EDI-01,2024-01-28,20
HHN-EDI-01,2024-01-29,42
HHN-EDI-01,2024-01-30,25
HHN-EDI-01,2024-01-31,12
HHN-EDI-01,2024-02-01,29
HHN-EDI-01,2024-02-02,25
HHN-EDI-01,2024-02-03,16
HHN-EDI-01,2024-02-04,31
HHN-EDI-01,2024-02-05,20
HHN-EDI-01,2024-02-06,29
HHN-EDI-01,2024-02-07,25
HHN-EDI-01,2024-02-08,28
HHN-EDI-01,2024-02-09,38
HHN-EDI-01,2024-02-10,17
HHN-EDI-01,2024-02-11,32
HHN-EDI-01,2024-02-12,34
HHN-EDI-01,2024-02-13,36
HHN-EDI-01,2024-02-14,23
HHN-EDI-01,2024-02-15,38
HHN-EDI-01,2024-02-16,28
HHN-EDI-01,2024-02-17,33
HHN-EDI-01,2024-02-18,20
HHN-EDI-01,2024-02-19,41
HHN-EDI-01,2024-02-20,36
HHN-EDI-01,2024-02-21,27
HHN-EDI-01,2024-02-22,31
HHN-EDI-01,2024-02-23,15
HHN-EDI-01,2024-02-24,45
HHN-EDI-01,2024-02-25,19
HHN-EDI-01,2024-02-26,25
HHN-EDI-01,2024-02-27,28
HHN-EDI-01,2024-02-28,12
HHN-EDI-01,2024-02-29,22
HHN-EDI-01,2024-03-01,30
HHN-EDI-01,2024-03-02,20
HHN-EDI-01,2024-03-03,27
HHN-EDI-01,2024-03-04,25
HHN-EDI-01,2024-03-05,11
HHN-EDI-01,2024-03-06,25
HHN-EDI-01,2024-03-07,31
HHN-EDI-01,2024-03-08,20
HHN-EDI-01,2024-03-09,27
HHN-EDI-01,2024-03-10,16
HHN-EDI-01,2024-03-11,20
HHN-EDI-01,2024-03-12,27
HHN-EDI-01,2024-03-13,14
HHN-EDI-01,2024-03-14,36
HHN-EDI-01,2024-03-15,21
HHN-EDI-01,2024-03-16,26
HHN-EDI-01,2024-03-17,23
HHN-EDI-01,2024-03-18,26
HHN-EDI-01,2024-03-19,21
HHN-EDI-01,2024-03-20,24
HHN-EDI-01,2024-03-21,14
HHN-EDI-01,2024-03-22,17
HHN-EDI-01,2024-03-23,12
HHN-EDI-01,2024-03-24,23
HHN-EDI-01,2024-03-25,29
HHN-EDI-01,2024-03-26,19
HHN-EDI-01,2024-03-27,20
HHN-EDI-01,2024-03-28,21
HHN-EDI-01,2024-03-29,11
HHN-EDI-01,2024-03-30,11
HHN-EDI-01,2024-03-31,23
HHN-EDI-01,2024-04-01,21
HHN-EDI-01,2024-04-02,38
HHN-EDI-01,2024-04-03,16
HHN-EDI-01,2024-04-04,29
HHN-EDI-01,2024-04-05,24
HHN-EDI-01,2024-04-06,22
HHN-EDI-01,2024-04-07,16
HHN-EDI-01,2024-04-08,24
HHN-EDI-01,2024-04-09,32
HHN-EDI-01,2024-04-10,19
HHN-EDI-01,2024-04-11,18
HHN-EDI-01,2024-04-12,20
HHN-EDI-01,2024-04-13,15
HHN-EDI-01,2024-04-14,23
HHN-EDI-01,2024-04-15,30
HHN-EDI-01,2024-04-16,23
HHN-EDI-01,2024-04-17,20
HHN-EDI-01,2024-04-18,21
HHN-EDI-01,2024-04-19,27
HHN-EDI-01,2024-04-20,19
HHN-EDI-01,2024-04-21,20
HHN-EDI-01,2024-04-22,25
HHN-EDI-01,2024-04-23,25
HHN-EDI-01,2024-04-24,20
HHN-EDI-01,2024-04-25,21
HHN-EDI-01,2024-04-26,15
HHN-EDI-01,2024-04-27,23
HHN-EDI-01,2024-04-28,17
HHN-EDI-01,2024-04-29,20
HHN-EDI-01,2024-04-30,26
HHN-EDI-01,2024-05-01,28
HHN-EDI-01,2024-05-02,19
HHN-EDI-01,2024-05-03,14
HHN-EDI-01,2024-05-04,14
HHN-EDI-01,2024-05-05,14
HHN-EDI-01,2024-05-06,11
HHN-EDI-01,2024-05-07,28
HHN-EDI-01,2024-05-08,24
HHN-EDI-01,2024-05-09,19
HHN-EDI-01,2024-05-10,20
HHN-EDI-01,2024-05-11,12
HHN-EDI-01,2024-05-12,21
HHN-EDI-01,2024-05-13,20
HHN-EDI-01,2024-05-14,20
HHN-EDI-01,2024-05-15,25
HHN-EDI-01,2024-05-16,26
HHN-EDI-01,2024-05-17,33
HHN-EDI-01,2024-05-18,19
HHN-EDI-01,2024-05-19,22
HHN-EDI-01,2024-05-20,27
HHN-EDI-01,2024-05-21,16
HHN-EDI-01,2024-05-22,19
HHN-EDI-01,2024-05-23,31
HHN-EDI-01,2024-05-24,24
HHN-EDI-01,2024-05-25,10
HHN-EDI-01,2024-05-26,18
HHN-EDI-01,2024-05-27,15
HHN-EDI-01,2024-05-28,19
HHN-EDI-01,2024-05-29,21
HHN-EDI-01,2024-05-30,15
HHN-EDI-01,2024-05-31,20
HHN-EDI-01,2024-06-01,18
HHN-EDI-01,2024-06-02,12
HHN-EDI-01,2024-06-03,14
HHN-EDI-01,2024-06-04,28
HHN-EDI-01,2024-06-05,12
HHN-EDI-01,2024-06-06,19
HHN-EDI-01,2024-06-07,21
HHN-EDI-01,2024-06-08,8
HHN-EDI-01,2024-06-09,9
HHN-EDI-01,2024-06-10,19
HHN-EDI-01,2024-06-11,19
HHN-EDI-01,2024-06-12,20
HHN-EDI-01,2024-06-13,22
HHN-EDI-01,2024-06-14,12
HHN-EDI-01,2024-06-15,29
HHN-EDI-01,2024-06-16,22
HHN-EDI-01,2024-06-17,18
HHN-EDI-01,2024-06-18,28
HHN-EDI-01,2024-06-19,21
HHN-EDI-01,2024-06-20,11
HHN-EDI-01,2024-06-21,25
HHN-EDI-01,2024-06-22,14
HHN-EDI-01,2024-06-23,7
HHN-EDI-01,2024-06-24,23
HHN-EDI-01,2024-06-25,17
HHN-EDI-01,2024-06-26,19
HHN-EDI-01,2024-06-27,21
HHN-EDI-01,2024-06-28,21
HHN-EDI-01,2024-06-29,12
HHN-EDI-01,2024-06-30,10
HHN-EDI-01,2024-07-01,18
HHN-EDI-01,2024-07-02,10
HHN-EDI-01,2024-07-03,17
HHN-EDI-01,2024-07-04,14
HHN-EDI-01,2024-07-05,14
HHN-EDI-01,2024-07-06,17
HHN-EDI-01,2024-07-07,7
HHN-EDI-01,2024-07-08,12
HHN-EDI-01,2024-07-09,25
HHN-EDI-01,2024-07-10,20
HHN-EDI-01,2024-07-11,14
HHN-EDI-01,2024-07-12,18
HHN-EDI-01,2024-07-13,16
HHN-EDI-01,2024-07-14,16
HHN-EDI-01,2024-07-15,31
HHN-EDI-01,2024-07-16,22
HHN-EDI-01,2024-07-17,21
HHN-EDI-01,2024-07-18,13
HHN-EDI-01,2024-07-19,26
HHN-EDI-01,2024-07-20,15
HHN-EDI-01,2024-07-21,27
HHN-EDI-01,2024-07-22,30
HHN-EDI-01,2024-07-23,21
HHN-EDI-01,2024-07-24,20
HHN-EDI-01,2024-07-25,25
HHN-EDI-01,2024-07-26,19
HHN-EDI-01,2024-07-27,14
HHN-EDI-01,2024-07-28,10
HHN-EDI-01,2024-07-29,15
HHN-EDI-01,2024-07-30,17
HHN-EDI-01,2024-07-31,12
HHN-EDI-01,2024-08-01,15
HHN-EDI-01,2024-08-02,24
HHN-EDI-01,2024-08-03,12
HHN-EDI-01,2024-08-04,16
HHN-EDI-01,2024-08-05,22
HHN-EDI-01,2024-08-06,26
HHN-EDI-01,2024-08-07,17
HHN-EDI-01,2024-08-08,18
HHN-EDI-01,2024-08-09,18
HHN-EDI-01,2024-08-10,14
HHN-EDI-01,2024-08-11,14
HHN-EDI-01,2024-08-12,18
HHN-EDI-01,2024-08-13,22
HHN-EDI-01,2024-08-14,22
HHN-EDI-01,2024-08-15,15
HHN-EDI-01,2024-08-16,25
HHN-EDI-01,2024-08-17,18
HHN-EDI-01,2024-08-18,21
HHN-EDI-01,2024-08-19,15
HHN-EDI-01,2024-08-20,25
HHN-EDI-01,2024-08-21,12
HHN-EDI-01,2024-08-22,21
HHN-EDI-01,2024-08-23,13
HHN-EDI-01,2024-08-24,6
HHN-EDI-01,2024-08-25,8
HHN-EDI-01,2024-08-26,8
HHN-EDI-01,2024-08-27,19
HHN-EDI-01,2024-08-28,16
HHN-EDI-01,2024-08-29,15
HHN-EDI-01,2024-08-30,16
HHN-EDI-01,2024-08-31,16
HHN-EDI-01,2024-09-01,9
HHN-EDI-01,2024-09-02,31
HHN-EDI-01,2024-09-03,27
HHN-EDI-01,2024-09-04,30
HHN-EDI-01,2024-09-05,21
HHN-EDI-01,2024-09-06,17
HHN-EDI-01,2024-09-07,19
HHN-EDI-01,2024-09-08,26
HHN-EDI-01,2024-09-09,34
HHN-EDI-01,2024-09-10,26
HHN-EDI-01,2024-09-11,22
HHN-EDI-01,2024-09-12,26
HHN-EDI-01,2024-09-13,15
HHN-EDI-01,2024-09-14,20
HHN-EDI-01,2024-09-15,20
HHN-EDI-01,2024-09-16,26
HHN-EDI-01,2024-09-17,20
HHN-EDI-01,2024-09-18,17
HHN-EDI-01,2024-09-19,17
HHN-EDI-01,2024-09-20,21
HHN-EDI-01,2024-09-21,14
HHN-EDI-01,2024-09-22,12
HHN-EDI-01,2024-09-23,32
HHN-EDI-01,2024-09-24,20
HHN-EDI-01,2024-09-25,18
HHN-EDI-01,2024-09-26,21
HHN-EDI-01,2024-09-27,23
HHN-EDI-01,2024-09-28,17
HHN-EDI-01,2024-09-29,15
HHN-EDI-01,2024-09-30,22
HHN-EDI-01,2024-10-01,16
HHN-EDI-01,2024-10-02,19
HHN-EDI-01,2024-10-03,18
HHN-EDI-01,2024-10-04,21
HHN-EDI-01,2024-10-05,11
HHN-EDI-01,2024-10-06,7
HHN-EDI-01,2024-10-07,19
HHN-EDI-01,2024-10-08,27
HHN-EDI-01,2024-10-09,17
HHN-EDI-01,2024-10-10,32
HHN-EDI-01,2024-10-11,24
HHN-EDI-01,2024-10-12,26
HHN-EDI-01,2024-10-13,23
HHN-EDI-01,2024-10-14,28
HHN-EDI-01,2024-10-15,21
HHN-EDI-01,2024-10-16,26
HHN-EDI-01,2024-10-17,14
HHN-EDI-01,2024-10-18,30
HHN-EDI-01,2024-10-19,14
HHN-EDI-01,2024-10-20,18
HHN-EDI-01,2024-10-21,27
HHN-EDI-01,2024-10-22,23
HHN-EDI-01,2024-10-23,29
HHN-EDI-01,2024-10-24,24
HHN-EDI-01,2024-10-25,14
HHN-EDI-01,2024-10-26,17
HHN-EDI-01,2024-10-27,25
HHN-EDI-01,2024-10-28,22
HHN-EDI-01,2024-10-29,16
HHN-EDI-01,2024-10-30,23
HHN-EDI-01,2024-10-31,41
HHN-EDI-01,2024-11-01,29
HHN-EDI-01,2024-11-02,10
HHN-EDI-01,2024-11-03,15
HHN-EDI-01,2024-11-04,18
HHN-EDI-01,2024-11-05,36
HHN-EDI-01,2024-11-06,17
HHN-EDI-01,2024-11-07,27
HHN-EDI-01,2024-11-08,20
HHN-EDI-01,2024-11-09,19
HHN-EDI-01,2024-11-10,18
HHN-EDI-01,2024-11-11,23
HHN-EDI-01,2024-11-12,24
HHN-EDI-01,2024-11-13,19
HHN-EDI-01,2024-11-14,14
HHN-EDI-01,2024-11-15,18
HHN-EDI-01,2024-11-16,23
HHN-EDI-01,2024-11-17,21
HHN-EDI-01,2024-11-18,42
HHN-EDI-01,2024-11-19,27
HHN-EDI-01,2024-11-20,26
HHN-EDI-01,2024-11-21,22
HHN-EDI-01,2024-11-22,37
HHN-EDI-01,2024-11-23,18
HHN-EDI-01,2024-11-24,23
HHN-EDI-01,2024-11-25,15
HHN-EDI-01,2024-11-26,28
HHN-EDI-01,2024-11-27,19
HHN-EDI-01,2024-11-28,26
HHN-EDI-01,2024-11-29,27
HHN-EDI-01,2024-11-30,29
HHN-EDI-01,2024-12-01,31
HHN-EDI-01,2024-12-02,24
HHN-EDI-01,2024-12-03,22
HHN-EDI-01,2024-12-04,31
HHN-EDI-01,2024-12-05,28
HHN-EDI-01,2024-12-06,33
HHN-EDI-01,2024-12-07,11
HHN-EDI-01,2024-12-08,20
HHN-EDI-01,2024-12-09,17
HHN-EDI-01,2024-12-10,21
HHN-EDI-01,2024-12-11,30
HHN-EDI-01,2024-12-12,22
HHN-EDI-01,2024-12-13,30
HHN-EDI-01,2024-12-14,24
HHN-EDI-01,2024-12-15,16
HHN-EDI-01,2024-12-16,19
HHN-EDI-01,2024-12-17,37
HHN-EDI-01,2024-12-18,24
HHN-EDI-01,2024-12-19,21
HHN-EDI-01,2024-12-20,28
HHN-EDI-01,2024-12-21,24
HHN-EDI-01,2024-12-22,16
HHN-EDI-01,2024-12-23,34
HHN-EDI-01,2024-12-24,15
HHN-EDI-01,2024-12-25,46
HHN-EDI-01,2024-12-26,25
HHN-EDI-01,2024-12-27,17
HHN-EDI-01,2024-12-28,13
HHN-EDI-01,2024-12-29,32
HHN-EDI-01,2024-12-30,23
HHN-EDI-01,2024-12-31,27
HHN-EDI-01,2025-01-01,26
HHN-EDI-01,2025-01-02,23
HHN-EDI-01,2025-01-03,26
HHN-EDI-01,2025-01-04,32
HHN-EDI-01,2025-01-05,19
HHN-EDI-01,2025-01-06,22
HHN-EDI-01,2025-01-07,34
HHN-EDI-01,2025-01-08,22
HHN-EDI-01,2025-01-09,28
HHN-EDI-01,2025-01-10,29
HHN-EDI-01,2025-01-11,31
HHN-EDI-01,2025-01-12,10
HHN-EDI-01,2025-01-13,20
HHN-EDI-01,2025-01-14,22
HHN-EDI-01,2025-01-15,32
HHN-EDI-01,2025-01-16,29
HHN-EDI-01,2025-01-17,24
HHN-EDI-01,2025-01-18,24
HHN-EDI-01,2025-01-19,10
HHN-EDI-01,2025-01-20,39
HHN-EDI-01,2025-01-21,23
HHN-EDI-01,2025-01-22,31
HHN-EDI-01,2025-01-23,14
HHN-EDI-01,2025-01-24,20
HHN-EDI-01,2025-01-25,21
HHN-EDI-01,2025-01-26,22
HHN-EDI-01,2025-01-27,28
HHN-EDI-01,2025-01-28,18
HHN-EDI-01,2025-01-29,21
HHN-EDI-01,2025-01-30,25
HHN-EDI-01,2025-01-31,19
HHN-EDI-01,2025-02-01,41
HHN-EDI-01,2025-02-02,38
HHN-EDI-01,2025-02-03,39
HHN-EDI-01,2025-02-04,23
HHN-EDI-01,2025-02-05,26
HHN-EDI-01,2025-02-06,19
HHN-EDI-01,2025-02-07,15
HHN-EDI-01,2025-02-08,27
HHN-EDI-01,2025-02-09,15
HHN-EDI-01,2025-02-10,32
HHN-EDI-01,2025-02-11,36
HHN-EDI-01,2025-02-12,28
HHN-EDI-01,2025-02-13,29
HHN-EDI-01,2025-02-14,21
HHN-EDI-01,2025-02-15,23
HHN-EDI-01,2025-02-16,25
HHN-EDI-01,2025-02-17,21
HHN-EDI-01,2025-02-18,24
HHN-EDI-01,2025-02-19,31
HHN-EDI-01,2025-02-20,31
HHN-EDI-01,2025-02-21,17
HHN-EDI-01,2025-02-22,20
HHN-EDI-01,2025-02-23,28
HHN-EDI-01,2025-02-24,23
HHN-EDI-01,2025-02-25,26
HHN-EDI-01,2025-02-26,23
HHN-EDI-01,2025-02-27,30
HHN-EDI-01,2025-02-28,14
HHN-EDI-01,2025-03-01,27
HHN-EDI-01,2025-03-02,20
HHN-EDI-01,2025-03-03,28
HHN-EDI-01,2025-03-04,27
HHN-EDI-01,2025-03-05,35
HHN-EDI-01,2025-03-06,19
HHN-EDI-01,2025-03-07,29
HHN-EDI-01,2025-03-08,20
HHN-EDI-01,2025-03-09,21
HHN-EDI-01,2025-03-10,24
HHN-EDI-01,2025-03-11,25
HHN-EDI-01,2025-03-12,21
HHN-EDI-01,2025-03-13,45
HHN-EDI-01,2025-03-14,33
HHN-EDI-01,2025-03-15,22
HHN-EDI-01,2025-03-16,21
HHN-EDI-01,2025-03-17,30
HHN-EDI-01,2025-03-18,26
HHN-EDI-01,2025-03-19,29
HHN-EDI-01,2025-03-20,28
HHN-EDI-01,2025-03-21,20
HHN-EDI-01,2025-03-22,11
HHN-EDI-01,2025-03-23,22
HHN-EDI-01,2025-03-24,31
HHN-EDI-01,2025-03-25,16
HHN-EDI-01,2025-03-26,24
HHN-EDI-01,2025-03-27,18
HHN-EDI-01,2025-03-28,23
HHN-EDI-01,2025-03-29,16
HHN-EDI-01,2025-03-30,22
HHN-EDI-01,2025-03-31,26
HHN-EDI-01,2025-04-01,29
HHN-EDI-01,2025-04-02,20
HHN-EDI-01,2025-04-03,15
HHN-EDI-01,2025-04-04,20
HHN-EDI-01,2025-04-05,19
HHN-EDI-01,2025-04-06,21
HHN-EDI-01,2025-04-07,22
HHN-EDI-01,2025-04-08,26
HHN-EDI-01,2025-04-09,13
HHN-EDI-01,2025-04-10,21
HHN-EDI-01,2025-04-11,24
HHN-EDI-01,2025-04-12,16
HHN-EDI-01,2025-04-13,11
HHN-EDI-01,2025-04-14,34
HHN-EDI-01,2025-04-15,33
HHN-EDI-01,2025-04-16,22
HHN-EDI-01,2025-04-17,20
HHN-EDI-01,2025-04-18,19
HHN-EDI-01,2025-04-19,31
HHN-EDI-01,2025-04-20,15
HHN-EDI-01,2025-04-21,21
HHN-EDI-01,2025-04-22,24
HHN-EDI-01,2025-04-23,24
HHN-EDI-01,2025-04-24,21
HHN-EDI-01,2025-04-25,11
HHN-EDI-01,2025-04-26,13
HHN-EDI-01,2025-04-27,14
HHN-EDI-01,2025-04-28,31
HHN-EDI-01,2025-04-29,24
HHN-EDI-01,2025-04-30,28
HHN-EDI-01,2025-05-01,16
HHN-EDI-01,2025-05-02,18
HHN-EDI-01,2025-05-03,21
HHN-EDI-01,2025-05-04,7
HHN-EDI-01,2025-05-05,6
HHN-EDI-01,2025-05-06,22
HHN-EDI-01,2025-05-07,32
HHN-EDI-01,2025-05-08,30
HHN-EDI-01,2025-05-09,15
HHN-EDI-01,2025-05-10,20
HHN-EDI-01,2025-05-11,9
HHN-EDI-01,2025-05-12,27
HHN-EDI-01,2025-05-13,22
HHN-EDI-01,2025-05-14,17
HHN-EDI-01,2025-05-15,18
HHN-EDI-01,2025-05-16,12
HHN-EDI-01,2025-05-17,9
HHN-EDI-01,2025-05-18,13
HHN-EDI-01,2025-05-19,28
HHN-EDI-01,2025-05-20,21
HHN-EDI-01,2025-05-21,17
HHN-EDI-01,2025-05-22,24
HHN-EDI-01,2025-05-23,13
HHN-EDI-01,2025-05-24,16
HHN-EDI-01,2025-05-25,22
HHN-EDI-01,2025-05-26,16
HHN-EDI-01,2025-05-27,14
HHN-EDI-01,2025-05-28,10
HHN-EDI-01,2025-05-29,21
HHN-EDI-01,2025-05-30,15
HHN-EDI-01,2025-05-31,18
HHN-EDI-01,2025-06-01,11
HHN-EDI-01,2025-06-02,17
HHN-EDI-01,2025-06-03,18
HHN-EDI-01,2025-06-04,19
HHN-EDI-01,2025-06-05,28
HHN-EDI-01,2025-06-06,30
HHN-EDI-01,2025-06-07,21
HHN-EDI-01,2025-06-08,19
HHN-EDI-01,2025-06-09,26
HHN-EDI-01,2025-06-10,12
HHN-EDI-01,2025-06-11,21
HHN-EDI-01,2025-06-12,18
HHN-EDI-01,2025-06-13,20
HHN-EDI-01,2025-06-14,11
HHN-EDI-01,2025-06-15,21
HHN-EDI-01,2025-06-16,22
HHN-EDI-01,2025-06-17,24
HHN-EDI-01,2025-06-18,21
HHN-EDI-01,2025-06-19,27
HHN-EDI-01,2025-06-20,25
HHN-EDI-01,2025-06-21,11
HHN-EDI-01,2025-06-22,9
HHN-EDI-01,2025-06-23,26
HHN-EDI-01,2025-06-24,18
HHN-EDI-01,2025-06-25,20
HHN-EDI-01,2025-06-26,22
HHN-EDI-01,2025-06-27,20
HHN-EDI-01,2025-06-28,13
HHN-EDI-01,2025-06-29,13
HHN-EDI-01,2025-06-30,32
HHN-EDI-01,2025-07-01,19
HHN-EDI-01,2025-07-02,18
HHN-EDI-01,2025-07-03,15
HHN-EDI-01,2025-07-04,12
HHN-EDI-01,2025-07-05,12
HHN-EDI-01,2025-07-06,7
HHN-EDI-01,2025-07-07,23
HHN-EDI-01,2025-07-08,15
HHN-EDI-01,2025-07-09,20
HHN-EDI-01,2025-07-10,29
HHN-EDI-01,2025-07-11,15
HHN-EDI-01,2025-07-12,22
HHN-EDI-01,2025-07-13,11
HHN-EDI-01,2025-07-14,17
HHN-EDI-01,2025-07-15,8
HHN-EDI-01,2025-07-16,27
HHN-EDI-01,2025-07-17,17
HHN-EDI-01,2025-07-18,28
HHN-EDI-01,2025-07-19,15
HHN-EDI-01,2025-07-20,5
HHN-EDI-01,2025-07-21,13
HHN-EDI-01,2025-07-22,17
HHN-EDI-01,2025-07-23,16
HHN-EDI-01,2025-07-24,22
HHN-EDI-01,2025-07-25,16
HHN-EDI-01,2025-07-26,9
HHN-EDI-01,2025-07-27,13
HHN-EDI-01,2025-07-28,26
HHN-EDI-01,2025-07-29,11
HHN-EDI-01,2025-07-30,28
HHN-EDI-01,2025-07-31,12
HHN-EDI-01,2025-08-01,19
HHN-EDI-01,2025-08-02,19
HHN-EDI-01,2025-08-03,21
HHN-EDI-01,2025-08-04,16
HHN-EDI-01,2025-08-05,13
HHN-EDI-01,2025-08-06,13
HHN-EDI-01,2025-08-07,16
HHN-EDI-01,2025-08-08,15
HHN-EDI-01,2025-08-09,10
HHN-EDI-01,2025-08-10,10
HHN-EDI-01,2025-08-11,15
HHN-EDI-01,2025-08-12,28
HHN-EDI-01,2025-08-13,22
HHN-EDI-01,2025-08-14,15
HHN-EDI-01,2025-08-15,23
HHN-EDI-01,2025-08-16,18
HHN-EDI-01,2025-08-17,20
HHN-EDI-01,2025-08-18,11
HHN-EDI-01,2025-08-19,10
HHN-EDI-01,2025-08-20,24
HHN-EDI-01,2025-08-21,20
HHN-EDI-01,2025-08-22,8
HHN-EDI-01,2025-08-23,22
HHN-EDI-01,2025-08-24,13
HHN-EDI-01,2025-08-25,6
HHN-EDI-01,2025-08-26,18
HHN-EDI-01,2025-08-27,12
HHN-EDI-01,2025-08-28,19
HHN-EDI-01,2025-08-29,12
HHN-EDI-01,2025-08-30,11
HHN-EDI-01,2025-08-31,14
HHN-EDI-01,2025-09-01,22
HHN-EDI-01,2025-09-02,12
HHN-EDI-01,2025-09-03,16
HHN-EDI-01,2025-09-04,20
HHN-EDI-01,2025-09-05,29
HHN-EDI-01,2025-09-06,11
HHN-EDI-01,2025-09-07,11
HHN-EDI-01,2025-09-08,12
HHN-EDI-01,2025-09-09,21
HHN-EDI-01,2025-09-10,12
HHN-EDI-01,2025-09-11,23
HHN-EDI-01,2025-09-12,17
HHN-EDI-01,2025-09-13,26
HHN-EDI-01,2025-09-14,12
HHN-EDI-01,2025-09-15,22
HHN-EDI-01,2025-09-16,17
HHN-EDI-01,2025-09-17,22
HHN-EDI-01,2025-09-18,32
HHN-EDI-01,2025-09-19,13
HHN-EDI-01,2025-09-20,28
HHN-EDI-01,2025-09-21,20
HHN-EDI-01,2025-09-22,16
HHN-EDI-01,2025-09-23,31
HHN-EDI-01,2025-09-24,23
HHN-EDI-01,2025-09-25,17
HHN-EDI-01,2025-09-26,22
HHN-EDI-01,2025-09-27,23
HHN-EDI-01,2025-09-28,24
HHN-EDI-01,2025-09-29,23
HHN-EDI-01,2025-09-30,15
HHN-EDI-01,2025-10-01,15
HHN-EDI-01,2025-10-02,30
HHN-EDI-01,2025-10-03,12
HHN-EDI-01,2025-10-04,13
HHN-EDI-01,2025-10-05,17
HHN-EDI-01,2025-10-06,31
HHN-EDI-01,2025-10-07,29
HHN-EDI-01,2025-10-08,18
HHN-EDI-01,2025-10-09,20
HHN-EDI-01,2025-10-10,29
HHN-EDI-01,2025-10-11,33
HHN-EDI-01,2025-10-12,11
HHN-EDI-01,2025-10-13,15
HHN-EDI-01,2025-10-14,13
HHN-EDI-01,2025-10-15,14
HHN-EDI-01,2025-10-16,18
HHN-EDI-01,2025-10-17,26
HHN-EDI-01,2025-10-18,15
HHN-EDI-01,2025-10-19,20
HHN-EDI-01,2025-10-20,25
HHN-EDI-01,2025-10-21,23
HHN-EDI-01,2025-10-22,16
HHN-EDI-01,2025-10-23,26
HHN-EDI-01,2025-10-24,17
HHN-EDI-01,2025-10-25,26
HHN-EDI-01,2025-10-26,22
HHN-EDI-01,2025-10-27,25
HHN-EDI-01,2025-10-28,17
HHN-EDI-01,2025-10-29,28
HHN-EDI-01,2025-10-30,23
HHN-EDI-01,2025-10-31,26
HHN-EDI-01,2025-11-01,14
HHN-EDI-01,2025-11-02,27
HHN-EDI-01,2025-11-03,25
HHN-EDI-01,2025-11-04,28
HHN-EDI-01,2025-11-05,28
HHN-EDI-01,2025-11-06,24
HHN-EDI-01,2025-11-07,23
HHN-EDI-01,2025-11-08,19
HHN-EDI-01,2025-11-09,24
HHN-EDI-01,2025-11-10,36
HHN-EDI-01,2025-11-11,14
HHN-EDI-01,2025-11-12,24
HHN-EDI-01,2025-11-13,23
HHN-EDI-01,2025-11-14,29
HHN-EDI-01,2025-11-15,14
HHN-EDI-01,2025-11-16,23
HHN-EDI-01,2025-11-17,34
HHN-EDI-01,2025-11-18,20
HHN-EDI-01,2025-11-19,14
HHN-EDI-01,2025-11-20,26
HHN-EDI-01,2025-11-21,28
HHN-EDI-01,2025-11-22,9
HHN-EDI-01,2025-11-23,19
HHN-EDI-01,2025-11-24,14
HHN-EDI-01,2025-11-25,35
HHN-EDI-01,2025-11-26,23
HHN-EDI-01,2025-11-27,21
HHN-EDI-01,2025-11-28,17
HHN-EDI-01,2025-11-29,28
HHN-EDI-01,2025-11-30,23
HHN-EDI-01,2025-12-01,20
HHN-EDI-01,2025-12-02,38
HHN-EDI-01,2025-12-03,23
HHN-EDI-01,2025-12-04,28
HHN-EDI-01,2025-12-05,21
HHN-EDI-01,2025-12-06,26
HHN-EDI-01,2025-12-07,16
HHN-EDI-01,2025-12-08,32
HHN-EDI-01,2025-12-09,15
HHN-EDI-01,2025-12-10,25
HHN-EDI-01,2025-12-11,20
HHN-EDI-01,2025-12-12,38
HHN-EDI-01,2025-12-13,15
HHN-EDI-01,2025-12-14,35
HHN-EDI-01,2025-12-15,21
HHN-EDI-01,2025-12-16,38
HHN-EDI-01,2025-12-17,33
HHN-EDI-01,2025-12-18,19
HHN-EDI-01,2025-12-19,28
HHN-EDI-01,2025-12-20,24
HHN-EDI-01,2025-12-21,30
HHN-EDI-01,2025-12-22,37
HHN-EDI-01,2025-12-23,28
HHN-EDI-01,2025-12-24,17
HHN-EDI-01,2025-12-25,29
HHN-EDI-01,2025-12-26,30
HHN-EDI-01,2025-12-27,23
HHN-EDI-01,2025-12-28,24
HHN-EDI-01,2025-12-29,40
HHN-EDI-01,2025-12-30,30
HHN-EDI-01,2025-12-31,15
HHN-LON-01,2024-01-01,64
HHN-LON-01,2024-01-02,64
HHN-LON-01,2024-01-03,69
HHN-LON-01,2024-01-04,77
HHN-LON-01,2024-01-05,56
HHN-LON-01,2024-01-06,56
HHN-LON-01,2024-01-07,57
HHN-LON-01,2024-01-08,41
HHN-LON-01,2024-01-09,67
HHN-LON-01,2024-01-10,59
HHN-LON-01,2024-01-11,63
HHN-LON-01,2024-01-12,70
HHN-LON-01,2024-01-13,81
HHN-LON-01,2024-01-14,75
HHN-LON-01,2024-01-15,54
HHN-LON-01,2024-01-16,79
HHN-LON-01,2024-01-17,75
HHN-LON-01,2024-01-18,59
HHN-LON-01,2024-01-19,40
HHN-LON-01,2024-01-20,46
HHN-LON-01,2024-01-21,44
HHN-LON-01,2024-01-22,64
HHN-LON-01,2024-01-23,57
HHN-LON-01,2024-01-24,53
HHN-LON-01,2024-01-25,75
HHN-LON-01,2024-01-26,64
HHN-LON-01,2024-01-27,62
HHN-LON-01,2024-01-28,65
HHN-LON-01,2024-01-29,70
HHN-LON-01,2024-01-30,72
HHN-LON-01,2024-01-31,84
HHN-LON-01,2024-02-01,82
HHN-LON-01,2024-02-02,63
HHN-LON-01,2024-02-03,49
HHN-LON-01,2024-02-04,37
HHN-LON-01,2024-02-05,67
HHN-LON-01,2024-02-06,67
HHN-LON-01,2024-02-07,67
HHN-LON-01,2024-02-08,59
HHN-LON-01,2024-02-09,59
HHN-LON-01,2024-02-10,49
HHN-LON-01,2024-02-11,38
HHN-LON-01,2024-02-12,74
HHN-LON-01,2024-02-13,89
HHN-LON-01,2024-02-14,63
HHN-LON-01,2024-02-15,68
HHN-LON-01,2024-02-16,72
HHN-LON-01,2024-02-17,97
HHN-LON-01,2024-02-18,71
HHN-LON-01,2024-02-19,75
HHN-LON-01,2024-02-20,54
HHN-LON-01,2024-02-21,64
HHN-LON-01,2024-02-22,77
HHN-LON-01,2024-02-23,57
HHN-LON-01,2024-02-24,36
HHN-LON-01,2024-02-25,78
HHN-LON-01,2024-02-26,58
HHN-LON-01,2024-02-27,56
HHN-LON-01,2024-02-28,86
HHN-LON-01,2024-02-29,57
HHN-LON-01,2024-03-01,46
HHN-LON-01,2024-03-02,43
HHN-LON-01,2024-03-03,54
HHN-LON-01,2024-03-04,72
HHN-LON-01,2024-03-05,69
HHN-LON-01,2024-03-06,61
HHN-LON-01,2024-03-07,86
HHN-LON-01,2024-03-08,50
HHN-LON-01,2024-03-09,71
HHN-LON-01,2024-03-10,58
HHN-LON-01,2024-03-11,73
HHN-LON-01,2024-03-12,80
HHN-LON-01,2024-03-13,53
HHN-LON-01,2024-03-14,59
HHN-LON-01,2024-03-15,45
HHN-LON-01,2024-03-16,42
HHN-LON-01,2024-03-17,59
HHN-LON-01,2024-03-18,49
HHN-LON-01,2024-03-19,40
HHN-LON-01,2024-03-20,73
HHN-LON-01,2024-03-21,41
HHN-LON-01,2024-03-22,65
HHN-LON-01,2024-03-23,37
HHN-LON-01,2024-03-24,48
HHN-LON-01,2024-03-25,65
HHN-LON-01,2024-03-26,66
HHN-LON-01,2024-03-27,48
HHN-LON-01,2024-03-28,33
HHN-LON-01,2024-03-29,42
HHN-LON-01,2024-03-30,46
HHN-LON-01,2024-03-31,51
HHN-LON-01,2024-04-01,48
HHN-LON-01,2024-04-02,72
HHN-LON-01,2024-04-03,41
HHN-LON-01,2024-04-04,51
HHN-LON-01,2024-04-05,54
HHN-LON-01,2024-04-06,58
HHN-LON-01,2024-04-07,45
HHN-LON-01,2024-04-08,105
HHN-LON-01,2024-04-09,66
HHN-LON-01,2024-04-10,86
HHN-LON-01,2024-04-11,50
HHN-LON-01,2024-04-12,56
HHN-LON-01,2024-04-13,34
HHN-LON-01,2024-04-14,23
HHN-LON-01,2024-04-15,45
HHN-LON-01,2024-04-16,51
HHN-LON-01,2024-04-17,58
HHN-LON-01,2024-04-18,63
HHN-LON-01,2024-04-19,47
HHN-LON-01,2024-04-20,67
HHN-LON-01,2024-04-21,46
HHN-LON-01,2024-04-22,50
HHN-LON-01,2024-04-23,57
HHN-LON-01,2024-04-24,53
HHN-LON-01,2024-04-25,54
HHN-LON-01,2024-04-26,50
HHN-LON-01,2024-04-27,66
HHN-LON-01,2024-04-28,35
HHN-LON-01,2024-04-29,50
HHN-LON-01,2024-04-30,41
HHN-LON-01,2024-05-01,48
HHN-LON-01,2024-05-02,40
HHN-LON-01,2024-05-03,46
HHN-LON-01,2024-05-04,36
HHN-LON-01,2024-05-05,31
HHN-LON-01,2024-05-06,45
HHN-LON-01,2024-05-07,58
HHN-LON-01,2024-05-08,36
HHN-LON-01,2024-05-09,46
HHN-LON-01,2024-05-10,52
HHN-LON-01,2024-05-11,26
HHN-LON-01,2024-05-12,33
HHN-LON-01,2024-05-13,51
HHN-LON-01,2024-05-14,43
HHN-LON-01,2024-05-15,50
HHN-LON-01,2024-05-16,53
HHN-LON-01,2024-05-17,60
HHN-LON-01,2024-05-18,34
HHN-LON-01,2024-05-19,45
HHN-LON-01,2024-05-20,45
HHN-LON-01,2024-05-21,70
HHN-LON-01,2024-05-22,33
HHN-LON-01,2024-05-23,48
HHN-LON-01,2024-05-24,40
HHN-LON-01,2024-05-25,54
HHN-LON-01,2024-05-26,21
HHN-LON-01,2024-05-27,38
HHN-LON-01,2024-05-28,56
HHN-LON-01,2024-05-29,76
HHN-LON-01,2024-05-30,36
HHN-LON-01,2024-05-31,40
HHN-LON-01,2024-06-01,33
HHN-LON-01,2024-06-02,29
HHN-LON-01,2024-06-03,45
HHN-LON-01,2024-06-04,54
HHN-LON-01,2024-06-05,58
HHN-LON-01,2024-06-06,60
HHN-LON-01,2024-06-07,41
HHN-LON-01,2024-06-08,18
HHN-LON-01,2024-06-09,20
HHN-LON-01,2024-06-10,50
HHN-LON-01,2024-06-11,76
HHN-LON-01,2024-06-12,56
HHN-LON-01,2024-06-13,54
HHN-LON-01,2024-06-14,39
HHN-LON-01,2024-06-15,60
HHN-LON-01,2024-06-16,37
HHN-LON-01,2024-06-17,54
HHN-LON-01,2024-06-18,67
HHN-LON-01,2024-06-19,43
HHN-LON-01,2024-06-20,60
HHN-LON-01,2024-06-21,51
HHN-LON-01,2024-06-22,30
HHN-LON-01,2024-06-23,29
HHN-LON-01,2024-06-24,62
HHN-LON-01,2024-06-25,41
HHN-LON-01,2024-06-26,45
HHN-LON-01,2024-06-27,44
HHN-LON-01,2024-06-28,40
HHN-LON-01,2024-06-29,20
HHN-LON-01,2024-06-30,25
HHN-LON-01,2024-07-01,60
HHN-LON-01,2024-07-02,35
HHN-LON-01,2024-07-03,31
HHN-LON-01,2024-07-04,45
HHN-LON-01,2024-07-05,38
HHN-LON-01,2024-07-06,36
HHN-LON-01,2024-07-07,25
HHN-LON-01,2024-07-08,44
HHN-LON-01,2024-07-09,55
HHN-LON-01,2024-07-10,53
HHN-LON-01,2024-07-11,52
HHN-LON-01,2024-07-12,61
HHN-LON-01,2024-07-13,34
HHN-LON-01,2024-07-14,33
HHN-LON-01,2024-07-15,38
HHN-LON-01,2024-07-16,35
HHN-LON-01,2024-07-17,59
HHN-LON-01,2024-07-18,37
HHN-LON-01,2024-07-19,54
HHN-LON-01,2024-07-20,18
HHN-LON-01,2024-07-21,40
HHN-LON-01,2024-07-22,42
HHN-LON-01,2024-07-23,64
HHN-LON-01,2024-07-24,61
HHN-LON-01,2024-07-25,89
HHN-LON-01,2024-07-26,43
HHN-LON-01,2024-07-27,33
HHN-LON-01,2024-07-28,31
HHN-LON-01,2024-07-29,41
HHN-LON-01,2024-07-30,43
HHN-LON-01,2024-07-31,35
HHN-LON-01,2024-08-01,23
HHN-LON-01,2024-08-02,26
HHN-LON-01,2024-08-03,19
HHN-LON-01,2024-08-04,32
HHN-LON-01,2024-08-05,32
HHN-LON-01,2024-08-06,46
HHN-LON-01,2024-08-07,41
HHN-LON-01,2024-08-08,33
HHN-LON-01,2024-08-09,32
HHN-LON-01,2024-08-10,23
HHN-LON-01,2024-08-11,27
HHN-LON-01,2024-08-12,49
HHN-LON-01,2024-08-13,39
HHN-LON-01,2024-08-14,33
HHN-LON-01,2024-08-15,49
HHN-LON-01,2024-08-16,41
HHN-LON-01,2024-08-17,39
HHN-LON-01,2024-08-18,30
HHN-LON-01,2024-08-19,30
HHN-LON-01,2024-08-20,47
HHN-LON-01,2024-08-21,27
HHN-LON-01,2024-08-22,38
HHN-LON-01,2024-08-23,24
HHN-LON-01,2024-08-24,44
HHN-LON-01,2024-08-25,19
HHN-LON-01,2024-08-26,29
HHN-LON-01,2024-08-27,34
HHN-LON-01,2024-08-28,41
HHN-LON-01,2024-08-29,31
HHN-LON-01,2024-08-30,40
HHN-LON-01,2024-08-31,53
HHN-LON-01,2024-09-01,25
HHN-LON-01,2024-09-02,44
HHN-LON-01,2024-09-03,70
HHN-LON-01,2024-09-04,57
HHN-LON-01,2024-09-05,43
HHN-LON-01,2024-09-06,42
HHN-LON-01,2024-09-07,55
HHN-LON-01,2024-09-08,25
HHN-LON-01,2024-09-09,42
HHN-LON-01,2024-09-10,46
HHN-LON-01,2024-09-11,34
HHN-LON-01,2024-09-12,42
HHN-LON-01,2024-09-13,50
HHN-LON-01,2024-09-14,48
HHN-LON-01,2024-09-15,41
HHN-LON-01,2024-09-16,52
HHN-LON-01,2024-09-17,52
HHN-LON-01,2024-09-18,52
HHN-LON-01,2024-09-19,65
HHN-LON-01,2024-09-20,42
HHN-LON-01,2024-09-21,57
HHN-LON-01,2024-09-22,40
HHN-LON-01,2024-09-23,44
HHN-LON-01,2024-09-24,59
HHN-LON-01,2024-09-25,51
HHN-LON-01,2024-09-26,60
HHN-LON-01,2024-09-27,45
HHN-LON-01,2024-09-28,35
HHN-LON-01,2024-09-29,57
HHN-LON-01,2024-09-30,62
HHN-LON-01,2024-10-01,41
HHN-LON-01,2024-10-02,40
HHN-LON-01,2024-10-03,59
HHN-LON-01,2024-10-04,59
HHN-LON-01,2024-10-05,41
HHN-LON-01,2024-10-06,37
HHN-LON-01,2024-10-07,48
HHN-LON-01,2024-10-08,50
HHN-LON-01,2024-10-09,61
HHN-LON-01,2024-10-10,71
HHN-LON-01,2024-10-11,65
HHN-LON-01,2024-10-12,43
HHN-LON-01,2024-10-13,30
HHN-LON-01,2024-10-14,59
HHN-LON-01,2024-10-15,50
HHN-LON-01,2024-10-16,53
HHN-LON-01,2024-10-17,49
HHN-LON-01,2024-10-18,39
HHN-LON-01,2024-10-19,47
HHN-LON-01,2024-10-20,37
HHN-LON-01,2024-10-21,60
HHN-LON-01,2024-10-22,61
HHN-LON-01,2024-10-23,41
HHN-LON-01,2024-10-24,38
HHN-LON-01,2024-10-25,67
HHN-LON-01,2024-10-26,53
HHN-LON-01,2024-10-27,28
HHN-LON-01,2024-10-28,77
HHN-LON-01,2024-10-29,67
HHN-LON-01,2024-10-30,32
HHN-LON-01,2024-10-31,61
HHN-LON-01,2024-11-01,63
HHN-LON-01,2024-11-02,52
HHN-LON-01,2024-11-03,59
HHN-LON-01,2024-11-04,65
HHN-LON-01,2024-11-05,83
HHN-LON-01,2024-11-06,56
HHN-LON-01,2024-11-07,66
HHN-LON-01,2024-11-08,69
HHN-LON-01,2024-11-09,52
HHN-LON-01,2024-11-10,54
HHN-LON-01,2024-11-11,46
HHN-LON-01,2024-11-12,36
HHN-LON-01,2024-11-13,70
HHN-LON-01,2024-11-14,44
HHN-LON-01,2024-11-15,52
HHN-LON-01,2024-11-16,70
HHN-LON-01,2024-11-17,39
HHN-LON-01,2024-11-18,55
HHN-LON-01,2024-11-19,65
HHN-LON-01,2024-11-20,57
HHN-LON-01,2024-11-21,53
HHN-LON-01,2024-11-22,72
HHN-LON-01,2024-11-23,44
HHN-LON-01,2024-11-24,54
HHN-LON-01,2024-11-25,80
HHN-LON-01,2024-11-26,79
HHN-LON-01,2024-11-27,64
HHN-LON-01,2024-11-28,51
HHN-LON-01,2024-11-29,62
HHN-LON-01,2024-11-30,40
HHN-LON-01,2024-12-01,40
HHN-LON-01,2024-12-02,61
HHN-LON-01,2024-12-03,57
HHN-LON-01,2024-12-04,61
HHN-LON-01,2024-12-05,57
HHN-LON-01,2024-12-06,83
HHN-LON-01,2024-12-07,39
HHN-LON-01,2024-12-08,44
HHN-LON-01,2024-12-09,66
HHN-LON-01,2024-12-10,60
HHN-LON-01,2024-12-11,55
HHN-LON-01,2024-12-12,68
HHN-LON-01,2024-12-13,70
HHN-LON-01,2024-12-14,49
HHN-LON-01,2024-12-15,58
HHN-LON-01,2024-12-16,54
HHN-LON-01,2024-12-17,54
HHN-LON-01,2024-12-18,40
HHN-LON-01,2024-12-19,58
HHN-LON-01,2024-12-20,63
HHN-LON-01,2024-12-21,60
HHN-LON-01,2024-12-22,40
HHN-LON-01,2024-12-23,58
HHN-LON-01,2024-12-24,74
HHN-LON-01,2024-12-25,66
HHN-LON-01,2024-12-26,56
HHN-LON-01,2024-12-27,47
HHN-LON-01,2024-12-28,62
HHN-LON-01,2024-12-29,56
HHN-LON-01,2024-12-30,57
HHN-LON-01,2024-12-31,46
HHN-LON-01,2025-01-01,51
HHN-LON-01,2025-01-02,41
HHN-LON-01,2025-01-03,73
HHN-LON-01,2025-01-04,48
HHN-LON-01,2025-01-05,38
HHN-LON-01,2025-01-06,57
HHN-LON-01,2025-01-07,60
HHN-LON-01,2025-01-08,76
HHN-LON-01,2025-01-09,73
HHN-LON-01,2025-01-10,70
HHN-LON-01,2025-01-11,67
HHN-LON-01,2025-01-12,56
HHN-LON-01,2025-01-13,56
HHN-LON-01,2025-01-14,50
HHN-LON-01,2025-01-15,79
HHN-LON-01,2025-01-16,59
HHN-LON-01,2025-01-17,80
HHN-LON-01,2025-01-18,77
HHN-LON-01,2025-01-19,43
HHN-LON-01,2025-01-20,73
HHN-LON-01,2025-01-21,66
HHN-LON-01,2025-01-22,40
HHN-LON-01,2025-01-23,43
HHN-LON-01,2025-01-24,62
HHN-LON-01,2025-01-25,83
HHN-LON-01,2025-01-26,48
HHN-LON-01,2025-01-27,73
HHN-LON-01,2025-01-28,95
HHN-LON-01,2025-01-29,60
HHN-LON-01,2025-01-30,46
HHN-LON-01,2025-01-31,86
HHN-LON-01,2025-02-01,73
HHN-LON-01,2025-02-02,99
HHN-LON-01,2025-02-03,90
HHN-LON-01,2025-02-04,59
HHN-LON-01,2025-02-05,62
HHN-LON-01,2025-02-06,64
HHN-LON-01,2025-02-07,95
HHN-LON-01,2025-02-08,101
HHN-LON-01,2025-02-09,51
HHN-LON-01,2025-02-10,69
HHN-LON-01,2025-02-11,97
HHN-LON-01,2025-02-12,57
HHN-LON-01,2025-02-13,67
HHN-LON-01,2025-02-14,54
HHN-LON-01,2025-02-15,69
HHN-LON-01,2025-02-16,41
HHN-LON-01,2025-02-17,56
HHN-LON-01,2025-02-18,73
HHN-LON-01,2025-02-19,104
HHN-LON-01,2025-02-20,53
HHN-LON-01,2025-02-21,58
HHN-LON-01,2025-02-22,85
HHN-LON-01,2025-02-23,71
HHN-LON-01,2025-02-24,64
HHN-LON-01,2025-02-25,52
HHN-LON-01,2025-02-26,76
HHN-LON-01,2025-02-27,41
HHN-LON-01,2025-02-28,80
HHN-LON-01,2025-03-01,46
HHN-LON-01,2025-03-02,74
HHN-LON-01,2025-03-03,74
HHN-LON-01,2025-03-04,63
HHN-LON-01,2025-03-05,59
HHN-LON-01,2025-03-06,64
HHN-LON-01,2025-03-07,46
HHN-LON-01,2025-03-08,55
HHN-LON-01,2025-03-09,47
HHN-LON-01,2025-03-10,54
HHN-LON-01,2025-03-11,67
HHN-LON-01,2025-03-12,59
HHN-LON-01,2025-03-13,46
HHN-LON-01,2025-03-14,45
HHN-LON-01,2025-03-15,43
HHN-LON-01,2025-03-16,49
HHN-LON-01,2025-03-17,58
HHN-LON-01,2025-03-18,67
HHN-LON-01,2025-03-19,51
HHN-LON-01,2025-03-20,47
HHN-LON-01,2025-03-21,65
HHN-LON-01,2025-03-22,62
HHN-LON-01,2025-03-23,55
HHN-LON-01,2025-03-24,54
HHN-LON-01,2025-03-25,54
HHN-LON-01,2025-03-26,59
HHN-LON-01,2025-03-27,59
HHN-LON-01,2025-03-28,61
HHN-LON-01,2025-03-29,52
HHN-LON-01,2025-03-30,48
HHN-LON-01,2025-03-31,37
HHN-LON-01,2025-04-01,42
HHN-LON-01,2025-04-02,57
HHN-LON-01,2025-04-03,42
HHN-LON-01,2025-04-04,57
HHN-LON-01,2025-04-05,28
HHN-LON-01,2025-04-06,43
HHN-LON-01,2025-04-07,79
HHN-LON-01,2025-04-08,63
HHN-LON-01,2025-04-09,33
HHN-LON-01,2025-04-10,68
HHN-LON-01,2025-04-11,50
HHN-LON-01,2025-04-12,59
HHN-LON-01,2025-04-13,49
HHN-LON-01,2025-04-14,53
HHN-LON-01,2025-04-15,52
HHN-LON-01,2025-04-16,67
HHN-LON-01,2025-04-17,40
HHN-LON-01,2025-04-18,52
HHN-LON-01,2025-04-19,28
HHN-LON-01,2025-04-20,52
HHN-LON-01,2025-04-21,51
HHN-LON-01,2025-04-22,48
HHN-LON-01,2025-04-23,51
HHN-LON-01,2025-04-24,54
HHN-LON-01,2025-04-25,41
HHN-LON-01,2025-04-26,43
HHN-LON-01,2025-04-27,50
HHN-LON-01,2025-04-28,62
HHN-LON-01,2025-04-29,51
HHN-LON-01,2025-04-30,42
HHN-LON-01,2025-05-01,59
HHN-LON-01,2025-05-02,49
HHN-LON-01,2025-05-03,31
HHN-LON-01,2025-05-04,69
HHN-LON-01,2025-05-05,35
HHN-LON-01,2025-05-06,89
HHN-LON-01,2025-05-07,53
HHN-LON-01,2025-05-08,48
HHN-LON-01,2025-05-09,50
HHN-LON-01,2025-05-10,57
HHN-LON-01,2025-05-11,46
HHN-LON-01,2025-05-12,49
HHN-LON-01,2025-05-13,53
HHN-LON-01,2025-05-14,51
HHN-LON-01,2025-05-15,46
HHN-LON-01,2025-05-16,30
HHN-LON-01,2025-05-17,16
HHN-LON-01,2025-05-18,50
HHN-LON-01,2025-05-19,53
HHN-LON-01,2025-05-20,58
HHN-LON-01,2025-05-21,49
HHN-LON-01,2025-05-22,43
HHN-LON-01,2025-05-23,64
HHN-LON-01,2025-05-24,50
HHN-LON-01,2025-05-25,35
HHN-LON-01,2025-05-26,42
HHN-LON-01,2025-05-27,70
HHN-LON-01,2025-05-28,59
HHN-LON-01,2025-05-29,58
HHN-LON-01,2025-05-30,60
HHN-LON-01,2025-05-31,36
HHN-LON-01,2025-06-01,55
HHN-LON-01,2025-06-02,64
HHN-LON-01,2025-06-03,34
HHN-LON-01,2025-06-04,54
HHN-LON-01,2025-06-05,44
HHN-LON-01,2025-06-06,29
HHN-LON-01,2025-06-07,49
HHN-LON-01,2025-06-08,29
HHN-LON-01,2025-06-09,51
HHN-LON-01,2025-06-10,51
HHN-LON-01,2025-06-11,50
HHN-LON-01,2025-06-12,61
HHN-LON-01,2025-06-13,37
HHN-LON-01,2025-06-14,38
HHN-LON-01,2025-06-15,13
HHN-LON-01,2025-06-16,39
HHN-LON-01,2025-06-17,42
HHN-LON-01,2025-06-18,44
HHN-LON-01,2025-06-19,51
HHN-LON-01,2025-06-20,57
HHN-LON-01,2025-06-21,29
HHN-LON-01,2025-06-22,33
HHN-LON-01,2025-06-23,59
HHN-LON-01,2025-06-24,64
HHN-LON-01,2025-06-25,44
HHN-LON-01,2025-06-26,40
HHN-LON-01,2025-06-27,38
HHN-LON-01,2025-06-28,32
HHN-LON-01,2025-06-29,28
HHN-LON-01,2025-06-30,54
HHN-LON-01,2025-07-01,57
HHN-LON-01,2025-07-02,54
HHN-LON-01,2025-07-03,47
HHN-LON-01,2025-07-04,45
HHN-LON-01,2025-07-05,32
HHN-LON-01,2025-07-06,29
HHN-LON-01,2025-07-07,58
HHN-LON-01,2025-07-08,71
HHN-LON-01,2025-07-09,39
HHN-LON-01,2025-07-10,54
HHN-LON-01,2025-07-11,41
HHN-LON-01,2025-07-12,34
HHN-LON-01,2025-07-13,31
HHN-LON-01,2025-07-14,75
HHN-LON-01,2025-07-15,48
HHN-LON-01,2025-07-16,47
HHN-LON-01,2025-07-17,51
HHN-LON-01,2025-07-18,33
HHN-LON-01,2025-07-19,70
HHN-LON-01,2025-07-20,38
HHN-LON-01,2025-07-21,50
HHN-LON-01,2025-07-22,34
HHN-LON-01,2025-07-23,66
HHN-LON-01,2025-07-24,53
HHN-LON-01,2025-07-25,59
HHN-LON-01,2025-07-26,46
HHN-LON-01,2025-07-27,46
HHN-LON-01,2025-07-28,57
HHN-LON-01,2025-07-29,42
HHN-LON-01,2025-07-30,65
HHN-LON-01,2025-07-31,47
HHN-LON-01,2025-08-01,47
HHN-LON-01,2025-08-02,28
HHN-LON-01,2025-08-03,51
HHN-LON-01,2025-08-04,27
HHN-LON-01,2025-08-05,30
HHN-LON-01,2025-08-06,19
HHN-LON-01,2025-08-07,47
HHN-LON-01,2025-08-08,27
HHN-LON-01,2025-08-09,28
HHN-LON-01,2025-08-10,36
HHN-LON-01,2025-08-11,35
HHN-LON-01,2025-08-12,71
HHN-LON-01,2025-08-13,49
HHN-LON-01,2025-08-14,42
HHN-LON-01,2025-08-15,38
HHN-LON-01,2025-08-16,62
HHN-LON-01,2025-08-17,36
HHN-LON-01,2025-08-18,29
HHN-LON-01,2025-08-19,30
HHN-LON-01,2025-08-20,40
HHN-LON-01,2025-08-21,43
HHN-LON-01,2025-08-22,50
HHN-LON-01,2025-08-23,54
HHN-LON-01,2025-08-24,40
HHN-LON-01,2025-08-25,26
HHN-LON-01,2025-08-26,39
HHN-LON-01,2025-08-27,42
HHN-LON-01,2025-08-28,23
HHN-LON-01,2025-08-29,54
HHN-LON-01,2025-08-30,44
HHN-LON-01,2025-08-31,39
HHN-LON-01,2025-09-01,46
HHN-LON-01,2025-09-02,51
HHN-LON-01,2025-09-03,52
HHN-LON-01,2025-09-04,56
HHN-LON-01,2025-09-05,49
HHN-LON-01,2025-09-06,31
HHN-LON-01,2025-09-07,38
HHN-LON-01,2025-09-08,68
HHN-LON-01,2025-09-09,37
HHN-LON-01,2025-09-10,63
HHN-LON-01,2025-09-11,49
HHN-LON-01,2025-09-12,46
HHN-LON-01,2025-09-13,22
HHN-LON-01,2025-09-14,36
HHN-LON-01,2025-09-15,67
HHN-LON-01,2025-09-16,46
HHN-LON-01,2025-09-17,41
HHN-LON-01,2025-09-18,41
HHN-LON-01,2025-09-19,59
HHN-LON-01,2025-09-20,29
HHN-LON-01,2025-09-21,37
HHN-LON-01,2025-09-22,58
HHN-LON-01,2025-09-23,52
HHN-LON-01,2025-09-24,39
HHN-LON-01,2025-09-25,46
HHN-LON-01,2025-09-26,41
HHN-LON-01,2025-09-27,41
HHN-LON-01,2025-09-28,27
HHN-LON-01,2025-09-29,51
HHN-LON-01,2025-09-30,47
HHN-LON-01,2025-10-01,70
HHN-LON-01,2025-10-02,45
HHN-LON-01,2025-10-03,57
HHN-LON-01,2025-10-04,31
HHN-LON-01,2025-10-05,44
HHN-LON-01,2025-10-06,64
HHN-LON-01,2025-10-07,55
HHN-LON-01,2025-10-08,49
HHN-LON-01,2025-10-09,48
HHN-LON-01,2025-10-10,63
HHN-LON-01,2025-10-11,53
HHN-LON-01,2025-10-12,50
HHN-LON-01,2025-10-13,61
HHN-LON-01,2025-10-14,42
HHN-LON-01,2025-10-15,35
HHN-LON-01,2025-10-16,67
HHN-LON-01,2025-10-17,81
HHN-LON-01,2025-10-18,69
HHN-LON-01,2025-10-19,43
HHN-LON-01,2025-10-20,86
HHN-LON-01,2025-10-21,59
HHN-LON-01,2025-10-22,39
HHN-LON-01,2025-10-23,40
HHN-LON-01,2025-10-24,44
HHN-LON-01,2025-10-25,56
HHN-LON-01,2025-10-26,30
HHN-LON-01,2025-10-27,71
HHN-LON-01,2025-10-28,54
HHN-LON-01,2025-10-29,46
HHN-LON-01,2025-10-30,47
HHN-LON-01,2025-10-31,46
HHN-LON-01,2025-11-01,41
HHN-LON-01,2025-11-02,35
HHN-LON-01,2025-11-03,62
HHN-LON-01,2025-11-04,63
HHN-LON-01,2025-11-05,43
HHN-LON-01,2025-11-06,83
HHN-LON-01,2025-11-07,58
HHN-LON-01,2025-11-08,47
HHN-LON-01,2025-11-09,32
HHN-LON-01,2025-11-10,69
HHN-LON-01,2025-11-11,50
HHN-LON-01,2025-11-12,42
HHN-LON-01,2025-11-13,59
HHN-LON-01,2025-11-14,55
HHN-LON-01,2025-11-15,65
HHN-LON-01,2025-11-16,35
HHN-LON-01,2025-11-17,71
HHN-LON-01,2025-11-18,85
HHN-LON-01,2025-11-19,48
HHN-LON-01,2025-11-20,48
HHN-LON-01,2025-11-21,47
HHN-LON-01,2025-11-22,39
HHN-LON-01,2025-11-23,38
HHN-LON-01,2025-11-24,65
HHN-LON-01,2025-11-25,72
HHN-LON-01,2025-11-26,62
HHN-LON-01,2025-11-27,62
HHN-LON-01,2025-11-28,47
HHN-LON-01,2025-11-29,43
HHN-LON-01,2025-11-30,39
HHN-LON-01,2025-12-01,54
HHN-LON-01,2025-12-02,56
HHN-LON-01,2025-12-03,60
HHN-LON-01,2025-12-04,59
HHN-LON-01,2025-12-05,66
HHN-LON-01,2025-12-06,61
HHN-LON-01,2025-12-07,50
HHN-LON-01,2025-12-08,49
HHN-LON-01,2025-12-09,91
HHN-LON-01,2025-12-10,75
HHN-LON-01,2025-12-11,64
HHN-LON-01,2025-12-12,68
HHN-LON-01,2025-12-13,33
HHN-LON-01,2025-12-14,36
HHN-LON-01,2025-12-15,68
HHN-LON-01,2025-12-16,77
HHN-LON-01,2025-12-17,45
HHN-LON-01,2025-12-18,67
HHN-LON-01,2025-12-19,50
HHN-LON-01,2025-12-20,42
HHN-LON-01,2025-12-21,39
HHN-LON-01,2025-12-22,74
HHN-LON-01,2025-12-23,58
HHN-LON-01,2025-12-24,53
HHN-LON-01,2025-12-25,62
HHN-LON-01,2025-12-26,46
HHN-LON-01,2025-12-27,66
HHN-LON-01,2025-12-28,86
HHN-LON-01,2025-12-29,50
HHN-LON-01,2025-12-30,61
HHN-LON-01,2025-12-31,55
HHN-LON-01,2026-01-01,4
HHN-LON-02,2024-01-01,40
HHN-LON-02,2024-01-02,50
HHN-LON-02,2024-01-03,23
HHN-LON-02,2024-01-04,42
HHN-LON-02,2024-01-05,51
HHN-LON-02,2024-01-06,26
HHN-LON-02,2024-01-07,34
HHN-LON-02,2024-01-08,51
HHN-LON-02,2024-01-09,39
HHN-LON-02,2024-01-10,55
HHN-LON-02,2024-01-11,29
HHN-LON-02,2024-01-12,33
HHN-LON-02,2024-01-13,39
HHN-LON-02,2024-01-14,51
HHN-LON-02,2024-01-15,30
HHN-LON-02,2024-01-16,46
HHN-LON-02,2024-01-17,41
HHN-LON-02,2024-01-18,34
HHN-LON-02,2024-01-19,33
HHN-LON-02,2024-01-20,38
HHN-LON-02,2024-01-21,21
HHN-LON-02,2024-01-22,68
HHN-LON-02,2024-01-23,62
HHN-LON-02,2024-01-24,32
HHN-LON-02,2024-01-25,38
HHN-LON-02,2024-01-26,40
HHN-LON-02,2024-01-27,39
HHN-LON-02,2024-01-28,33
HHN-LON-02,2024-01-29,48
HHN-LON-02,2024-01-30,50
HHN-LON-02,2024-01-31,43
HHN-LON-02,2024-02-01,40
HHN-LON-02,2024-02-02,37
HHN-LON-02,2024-02-03,41
HHN-LON-02,2024-02-04,37
HHN-LON-02,2024-02-05,52
HHN-LON-02,2024-02-06,54
HHN-LON-02,2024-02-07,54
HHN-LON-02,2024-02-08,52
HHN-LON-02,2024-02-09,75
HHN-LON-02,2024-02-10,46
HHN-LON-02,2024-02-11,28
HHN-LON-02,2024-02-12,69
HHN-LON-02,2024-02-13,48
HHN-LON-02,2024-02-14,60
HHN-LON-02,2024-02-15,54
HHN-LON-02,2024-02-16,46
HHN-LON-02,2024-02-17,23
HHN-LON-02,2024-02-18,41
HHN-LON-02,2024-02-19,38
HHN-LON-02,2024-02-20,40
HHN-LON-02,2024-02-21,39
HHN-LON-02,2024-02-22,65
HHN-LON-02,2024-02-23,54
HHN-LON-02,2024-02-24,40
HHN-LON-02,2024-02-25,19
HHN-LON-02,2024-02-26,48
HHN-LON-02,2024-02-27,37
HHN-LON-02,2024-02-28,33
HHN-LON-02,2024-02-29,55
HHN-LON-02,2024-03-01,54
HHN-LON-02,2024-03-02,55
HHN-LON-02,2024-03-03,32
HHN-LON-02,2024-03-04,48
HHN-LON-02,2024-03-05,33
HHN-LON-02,2024-03-06,28
HHN-LON-02,2024-03-07,38
HHN-LON-02,2024-03-08,50
HHN-LON-02,2024-03-09,41
HHN-LON-02,2024-03-10,32
HHN-LON-02,2024-03-11,52
HHN-LON-02,2024-03-12,20
HHN-LON-02,2024-03-13,32
HHN-LON-02,2024-03-14,50
HHN-LON-02,2024-03-15,46
HHN-LON-02,2024-03-16,48
HHN-LON-02,2024-03-17,32
HHN-LON-02,2024-03-18,34
HHN-LON-02,2024-03-19,42
HHN-LON-02,2024-03-20,33
HHN-LON-02,2024-03-21,62
HHN-LON-02,2024-03-22,43
HHN-LON-02,2024-03-23,30
HHN-LON-02,2024-03-24,27
HHN-LON-02,2024-03-25,59
HHN-LON-02,2024-03-26,31
HHN-LON-02,2024-03-27,54
HHN-LON-02,2024-03-28,38
HHN-LON-02,2024-03-29,22
HHN-LON-02,2024-03-30,24
HHN-LON-02,2024-03-31,25
HHN-LON-02,2024-04-01,36
HHN-LON-02,2024-04-02,49
HHN-LON-02,2024-04-03,46
HHN-LON-02,2024-04-04,37
HHN-LON-02,2024-04-05,46
HHN-LON-02,2024-04-06,50
HHN-LON-02,2024-04-07,23
HHN-LON-02,2024-04-08,31
HHN-LON-02,2024-04-09,33
HHN-LON-02,2024-04-10,28
HHN-LON-02,2024-04-11,18
HHN-LON-02,2024-04-12,40
HHN-LON-02,2024-04-13,21
HHN-LON-02,2024-04-14,34
HHN-LON-02,2024-04-15,35
HHN-LON-02,2024-04-16,41
HHN-LON-02,2024-04-17,45
HHN-LON-02,2024-04-18,34
HHN-LON-02,2024-04-19,33
HHN-LON-02,2024-04-20,26
HHN-LON-02,2024-04-21,20
HHN-LON-02,2024-04-22,26
HHN-LON-02,2024-04-23,43
HHN-LON-02,2024-04-24,27
HHN-LON-02,2024-04-25,51
HHN-LON-02,2024-04-26,38
HHN-LON-02,2024-04-27,23
HHN-LON-02,2024-04-28,33
HHN-LON-02,2024-04-29,39
HHN-LON-02,2024-04-30,34
HHN-LON-02,2024-05-01,33
HHN-LON-02,2024-05-02,31
HHN-LON-02,2024-05-03,32
HHN-LON-02,2024-05-04,25
HHN-LON-02,2024-05-05,18
HHN-LON-02,2024-05-06,22
HHN-LON-02,2024-05-07,27
HHN-LON-02,2024-05-08,27
HHN-LON-02,2024-05-09,46
HHN-LON-02,2024-05-10,18
HHN-LON-02,2024-05-11,33
HHN-LON-02,2024-05-12,35
HHN-LON-02,2024-05-13,42
HHN-LON-02,2024-05-14,46
HHN-LON-02,2024-05-15,31
HHN-LON-02,2024-05-16,24
HHN-LON-02,2024-05-17,26
HHN-LON-02,2024-05-18,26
HHN-LON-02,2024-05-19,33
HHN-LON-02,2024-05-20,29
HHN-LON-02,2024-05-21,46
HHN-LON-02,2024-05-22,41
HHN-LON-02,2024-05-23,33
HHN-LON-02,2024-05-24,40
HHN-LON-02,2024-05-25,24
HHN-LON-02,2024-05-26,25
HHN-LON-02,2024-05-27,22
HHN-LON-02,2024-05-28,37
HHN-LON-02,2024-05-29,39
HHN-LON-02,2024-05-30,36
HHN-LON-02,2024-05-31,34
HHN-LON-02,2024-06-01,23
HHN-LON-02,2024-06-02,30
HHN-LON-02,2024-06-03,46
HHN-LON-02,2024-06-04,24
HHN-LON-02,2024-06-05,26
HHN-LON-02,2024-06-06,27
HHN-LON-02,2024-06-07,46
HHN-LON-02,2024-06-08,22
HHN-LON-02,2024-06-09,13
HHN-LON-02,2024-06-10,40
HHN-LON-02,2024-06-11,30
HHN-LON-02,2024-06-12,35
HHN-LON-02,2024-06-13,30
HHN-LON-02,2024-06-14,34
HHN-LON-02,2024-06-15,25
HHN-LON-02,2024-06-16,11
HHN-LON-02,2024-06-17,21
HHN-LON-02,2024-06-18,35
HHN-LON-02,2024-06-19,37
HHN-LON-02,2024-06-20,38
HHN-LON-02,2024-06-21,31
HHN-LON-02,2024-06-22,23
HHN-LON-02,2024-06-23,14
HHN-LON-02,2024-06-24,46
HHN-LON-02,2024-06-25,47
HHN-LON-02,2024-06-26,36
HHN-LON-02,2024-06-27,49
HHN-LON-02,2024-06-28,32
HHN-LON-02,2024-06-29,23
HHN-LON-02,2024-06-30,16
HHN-LON-02,2024-07-01,45
HHN-LON-02,2024-07-02,39
HHN-LON-02,2024-07-03,32
HHN-LON-02,2024-07-04,25
HHN-LON-02,2024-07-05,47
HHN-LON-02,2024-07-06,17
HHN-LON-02,2024-07-07,23
HHN-LON-02,2024-07-08,41
HHN-LON-02,2024-07-09,43
HHN-LON-02,2024-07-10,37
HHN-LON-02,2024-07-11,21
HHN-LON-02,2024-07-12,32
HHN-LON-02,2024-07-13,36
HHN-LON-02,2024-07-14,28
HHN-LON-02,2024-07-15,48
HHN-LON-02,2024-07-16,18
HHN-LON-02,2024-07-17,48
HHN-LON-02,2024-07-18,41
HHN-LON-02,2024-07-19,41
HHN-LON-02,2024-07-20,25
HHN-LON-02,2024-07-21,34
HHN-LON-02,2024-07-22,48
HHN-LON-02,2024-07-23,40
HHN-LON-02,2024-07-24,31
HHN-LON-02,2024-07-25,24
HHN-LON-02,2024-07-26,35
HHN-LON-02,2024-07-27,18
HHN-LON-02,2024-07-28,14
HHN-LON-02,2024-07-29,42
HHN-LON-02,2024-07-30,30
HHN-LON-02,2024-07-31,39
HHN-LON-02,2024-08-01,13
HHN-LON-02,2024-08-02,16
HHN-LON-02,2024-08-03,20
HHN-LON-02,2024-08-04,30
HHN-LON-02,2024-08-05,43
HHN-LON-02,2024-08-06,38
HHN-LON-02,2024-08-07,25
HHN-LON-02,2024-08-08,38
HHN-LON-02,2024-08-09,32
HHN-LON-02,2024-08-10,17
HHN-LON-02,2024-08-11,19
HHN-LON-02,2024-08-12,33
HHN-LON-02,2024-08-13,15
HHN-LON-02,2024-08-14,22
HHN-LON-02,2024-08-15,32
HHN-LON-02,2024-08-16,29
HHN-LON-02,2024-08-17,10
HHN-LON-02,2024-08-18,20
HHN-LON-02,2024-08-19,20
HHN-LON-02,2024-08-20,23
HHN-LON-02,2024-08-21,22
HHN-LON-02,2024-08-22,13
HHN-LON-02,2024-08-23,39
HHN-LON-02,2024-08-24,24
HHN-LON-02,2024-08-25,33
HHN-LON-02,2024-08-26,31
HHN-LON-02,2024-08-27,27
HHN-LON-02,2024-08-28,33
HHN-LON-02,2024-08-29,35
HHN-LON-02,2024-08-30,36
HHN-LON-02,2024-08-31,32
HHN-LON-02,2024-09-01,30
HHN-LON-02,2024-09-02,43
HHN-LON-02,2024-09-03,44
HHN-LON-02,2024-09-04,33
HHN-LON-02,2024-09-05,34
HHN-LON-02,2024-09-06,25
HHN-LON-02,2024-09-07,17
HHN-LON-02,2024-09-08,30
HHN-LON-02,2024-09-09,42
HHN-LON-02,2024-09-10,53
HHN-LON-02,2024-09-11,44
HHN-LON-02,2024-09-12,33
HHN-LON-02,2024-09-13,33
HHN-LON-02,2024-09-14,31
HHN-LON-02,2024-09-15,43
HHN-LON-02,2024-09-16,45
HHN-LON-02,2024-09-17,44
HHN-LON-02,2024-09-18,19
HHN-LON-02,2024-09-19,27
HHN-LON-02,2024-09-20,32
HHN-LON-02,2024-09-21,44
HHN-LON-02,2024-09-22,23
HHN-LON-02,2024-09-23,31
HHN-LON-02,2024-09-24,40
HHN-LON-02,2024-09-25,31
HHN-LON-02,2024-09-26,46
HHN-LON-02,2024-09-27,29
HHN-LON-02,2024-09-28,30
HHN-LON-02,2024-09-29,32
HHN-LON-02,2024-09-30,64
HHN-LON-02,2024-10-01,58
HHN-LON-02,2024-10-02,40
HHN-LON-02,2024-10-03,51
HHN-LON-02,2024-10-04,35
HHN-LON-02,2024-10-05,31
HHN-LON-02,2024-10-06,31
HHN-LON-02,2024-10-07,45
HHN-LON-02,2024-10-08,60
HHN-LON-02,2024-10-09,44
HHN-LON-02,2024-10-10,43
HHN-LON-02,2024-10-11,36
HHN-LON-02,2024-10-12,36
HHN-LON-02,2024-10-13,18
HHN-LON-02,2024-10-14,60
HHN-LON-02,2024-10-15,34
HHN-LON-02,2024-10-16,25
HHN-LON-02,2024-10-17,26
HHN-LON-02,2024-10-18,29
HHN-LON-02,2024-10-19,22
HHN-LON-02,2024-10-20,33
HHN-LON-02,2024-10-21,40
HHN-LON-02,2024-10-22,30
HHN-LON-02,2024-10-23,42
HHN-LON-02,2024-10-24,34
HHN-LON-02,2024-10-25,51
HHN-LON-02,2024-10-26,34
HHN-LON-02,2024-10-27,36
HHN-LON-02,2024-10-28,65
HHN-LON-02,2024-10-29,46
HHN-LON-02,2024-10-30,55
HHN-LON-02,2024-10-31,41
HHN-LON-02,2024-11-01,31
HHN-LON-02,2024-11-02,28
HHN-LON-02,2024-11-03,21
HHN-LON-02,2024-11-04,34
HHN-LON-02,2024-11-05,48
HHN-LON-02,2024-11-06,53
HHN-LON-02,2024-11-07,37
HHN-LON-02,2024-11-08,59
HHN-LON-02,2024-11-09,30
HHN-LON-02,2024-11-10,32
HHN-LON-02,2024-11-11,33
HHN-LON-02,2024-11-12,62
HHN-LON-02,2024-11-13,38
HHN-LON-02,2024-11-14,55
HHN-LON-02,2024-11-15,39
HHN-LON-02,2024-11-16,23
HHN-LON-02,2024-11-17,23
HHN-LON-02,2024-11-18,50
HHN-LON-02,2024-11-19,42
HHN-LON-02,2024-11-20,67
HHN-LON-02,2024-11-21,33
HHN-LON-02,2024-11-22,37
HHN-LON-02,2024-11-23,27
HHN-LON-02,2024-11-24,34
HHN-LON-02,2024-11-25,42
HHN-LON-02,2024-11-26,27
HHN-LON-02,2024-11-27,31
HHN-LON-02,2024-11-28,51
HHN-LON-02,2024-11-29,41
HHN-LON-02,2024-11-30,22
HHN-LON-02,2024-12-01,27
HHN-LON-02,2024-12-02,52
HHN-LON-02,2024-12-03,55
HHN-LON-02,2024-12-04,39
HHN-LON-02,2024-12-05,50
HHN-LON-02,2024-12-06,38
HHN-LON-02,2024-12-07,41
HHN-LON-02,2024-12-08,39
HHN-LON-02,2024-12-09,54
HHN-LON-02,2024-12-10,27
HHN-LON-02,2024-12-11,55
HHN-LON-02,2024-12-12,43
HHN-LON-02,2024-12-13,43
HHN-LON-02,2024-12-14,35
HHN-LON-02,2024-12-15,20
HHN-LON-02,2024-12-16,54
HHN-LON-02,2024-12-17,31
HHN-LON-02,2024-12-18,34
HHN-LON-02,2024-12-19,39
HHN-LON-02,2024-12-20,30
HHN-LON-02,2024-12-21,38
HHN-LON-02,2024-12-22,27
HHN-LON-02,2024-12-23,30
HHN-LON-02,2024-12-24,56
HHN-LON-02,2024-12-25,22
HHN-LON-02,2024-12-26,28
HHN-LON-02,2024-12-27,38
HHN-LON-02,2024-12-28,52
HHN-LON-02,2024-12-29,42
HHN-LON-02,2024-12-30,28
HHN-LON-02,2024-12-31,26
HHN-LON-02,2025-01-01,28
HHN-LON-02,2025-01-02,41
HHN-LON-02,2025-01-03,39
HHN-LON-02,2025-01-04,37
HHN-LON-02,2025-01-05,35
HHN-LON-02,2025-01-06,46
HHN-LON-02,2025-01-07,50
HHN-LON-02,2025-01-08,32
HHN-LON-02,2025-01-09,36
HHN-LON-02,2025-01-10,59
HHN-LON-02,2025-01-11,43
HHN-LON-02,2025-01-12,29
HHN-LON-02,2025-01-13,42
HHN-LON-02,2025-01-14,33
HHN-LON-02,2025-01-15,41
HHN-LON-02,2025-01-16,35
HHN-LON-02,2025-01-17,37
HHN-LON-02,2025-01-18,36
HHN-LON-02,2025-01-19,38
HHN-LON-02,2025-01-20,63
HHN-LON-02,2025-01-21,49
HHN-LON-02,2025-01-22,33
HHN-LON-02,2025-01-23,81
HHN-LON-02,2025-01-24,43
HHN-LON-02,2025-01-25,47
HHN-LON-02,2025-01-26,35
HHN-LON-02,2025-01-27,33
HHN-LON-02,2025-01-28,72
HHN-LON-02,2025-01-29,53
HHN-LON-02,2025-01-30,44
HHN-LON-02,2025-01-31,58
HHN-LON-02,2025-02-01,39
HHN-LON-02,2025-02-02,40
HHN-LON-02,2025-02-03,57
HHN-LON-02,2025-02-04,61
HHN-LON-02,2025-02-05,27
HHN-LON-02,2025-02-06,32
HHN-LON-02,2025-02-07,44
HHN-LON-02,2025-02-08,39
HHN-LON-02,2025-02-09,38
HHN-LON-02,2025-02-10,45
HHN-LON-02,2025-02-11,47
HHN-LON-02,2025-02-12,52
HHN-LON-02,2025-02-13,40
HHN-LON-02,2025-02-14,56
HHN-LON-02,2025-02-15,52
HHN-LON-02,2025-02-16,35
HHN-LON-02,2025-02-17,41
HHN-LON-02,2025-02-18,43
HHN-LON-02,2025-02-19,46
HHN-LON-02,2025-02-20,24
HHN-LON-02,2025-02-21,43
HHN-LON-02,2025-02-22,33
HHN-LON-02,2025-02-23,38
HHN-LON-02,2025-02-24,39
HHN-LON-02,2025-02-25,39
HHN-LON-02,2025-02-26,46
HHN-LON-02,2025-02-27,34
HHN-LON-02,2025-02-28,39
HHN-LON-02,2025-03-01,25
HHN-LON-02,2025-03-02,34
HHN-LON-02,2025-03-03,50
HHN-LON-02,2025-03-04,52
HHN-LON-02,2025-03-05,37
HHN-LON-02,2025-03-06,43
HHN-LON-02,2025-03-07,55
HHN-LON-02,2025-03-08,37
HHN-LON-02,2025-03-09,28
HHN-LON-02,2025-03-10,36
HHN-LON-02,2025-03-11,28
HHN-LON-02,2025-03-12,43
HHN-LON-02,2025-03-13,44
HHN-LON-02,2025-03-14,31
HHN-LON-02,2025-03-15,25
HHN-LON-02,2025-03-16,21
HHN-LON-02,2025-03-17,58
HHN-LON-02,2025-03-18,49
HHN-LON-02,2025-03-19,44
HHN-LON-02,2025-03-20,48
HHN-LON-02,2025-03-21,22
HHN-LON-02,2025-03-22,37
HHN-LON-02,2025-03-23,34
HHN-LON-02,2025-03-24,53
HHN-LON-02,2025-03-25,52
HHN-LON-02,2025-03-26,40
HHN-LON-02,2025-03-27,40
HHN-LON-02,2025-03-28,23
HHN-LON-02,2025-03-29,22
HHN-LON-02,2025-03-30,24
HHN-LON-02,2025-03-31,33
HHN-LON-02,2025-04-01,46
HHN-LON-02,2025-04-02,37
HHN-LON-02,2025-04-03,51
HHN-LON-02,2025-04-04,32
HHN-LON-02,2025-04-05,51
HHN-LON-02,2025-04-06,19
HHN-LON-02,2025-04-07,45
HHN-LON-02,2025-04-08,45
HHN-LON-02,2025-04-09,31
HHN-LON-02,2025-04-10,42
HHN-LON-02,2025-04-11,50
HHN-LON-02,2025-04-12,31
HHN-LON-02,2025-04-13,28
HHN-LON-02,2025-04-14,52
HHN-LON-02,2025-04-15,39
HHN-LON-02,2025-04-16,35
HHN-LON-02,2025-04-17,32
HHN-LON-02,2025-04-18,22
HHN-LON-02,2025-04-19,33
HHN-LON-02,2025-04-20,24
HHN-LON-02,2025-04-21,25
HHN-LON-02,2025-04-22,30
HHN-LON-02,2025-04-23,36
HHN-LON-02,2025-04-24,42
HHN-LON-02,2025-04-25,20
HHN-LON-02,2025-04-26,27
HHN-LON-02,2025-04-27,21
HHN-LON-02,2025-04-28,51
HHN-LON-02,2025-04-29,50
HHN-LON-02,2025-04-30,35
HHN-LON-02,2025-05-01,31
HHN-LON-02,2025-05-02,42
HHN-LON-02,2025-05-03,23
HHN-LON-02,2025-05-04,25
HHN-LON-02,2025-05-05,20
HHN-LON-02,2025-05-06,45
HHN-LON-02,2025-05-07,33
HHN-LON-02,2025-05-08,44
HHN-LON-02,2025-05-09,54
HHN-LON-02,2025-05-10,21
HHN-LON-02,2025-05-11,32
HHN-LON-02,2025-05-12,54
HHN-LON-02,2025-05-13,28
HHN-LON-02,2025-05-14,33
HHN-LON-02,2025-05-15,34
HHN-LON-02,2025-05-16,45
HHN-LON-02,2025-05-17,22
HHN-LON-02,2025-05-18,18
HHN-LON-02,2025-05-19,40
HHN-LON-02,2025-05-20,36
HHN-LON-02,2025-05-21,32
HHN-LON-02,2025-05-22,50
HHN-LON-02,2025-05-23,29
HHN-LON-02,2025-05-24,16
HHN-LON-02,2025-05-25,21
HHN-LON-02,2025-05-26,23
HHN-LON-02,2025-05-27,27
HHN-LON-02,2025-05-28,32
HHN-LON-02,2025-05-29,38
HHN-LON-02,2025-05-30,41
HHN-LON-02,2025-05-31,56
HHN-LON-02,2025-06-01,38
HHN-LON-02,2025-06-02,58
HHN-LON-02,2025-06-03,30
HHN-LON-02,2025-06-04,30
HHN-LON-02,2025-06-05,33
HHN-LON-02,2025-06-06,31
HHN-LON-02,2025-06-07,40
HHN-LON-02,2025-06-08,22
HHN-LON-02,2025-06-09,37
HHN-LON-02,2025-06-10,31
HHN-LON-02,2025-06-11,38
HHN-LON-02,2025-06-12,41
HHN-LON-02,2025-06-13,35
HHN-LON-02,2025-06-14,22
HHN-LON-02,2025-06-15,10
HHN-LON-02,2025-06-16,54
HHN-LON-02,2025-06-17,28
HHN-LON-02,2025-06-18,43
HHN-LON-02,2025-06-19,48
HHN-LON-02,2025-06-20,29
HHN-LON-02,2025-06-21,17
HHN-LON-02,2025-06-22,23
HHN-LON-02,2025-06-23,46
HHN-LON-02,2025-06-24,44
HHN-LON-02,2025-06-25,44
HHN-LON-02,2025-06-26,39
HHN-LON-02,2025-06-27,33
HHN-LON-02,2025-06-28,30
HHN-LON-02,2025-06-29,25
HHN-LON-02,2025-06-30,37
HHN-LON-02,2025-07-01,36
HHN-LON-02,2025-07-02,29
HHN-LON-02,2025-07-03,23
HHN-LON-02,2025-07-04,38
HHN-LON-02,2025-07-05,22
HHN-LON-02,2025-07-06,23
HHN-LON-02,2025-07-07,47
HHN-LON-02,2025-07-08,37
HHN-LON-02,2025-07-09,16
HHN-LON-02,2025-07-10,35
HHN-LON-02,2025-07-11,33
HHN-LON-02,2025-07-12,29
HHN-LON-02,2025-07-13,16
HHN-LON-02,2025-07-14,31
HHN-LON-02,2025-07-15,37
HHN-LON-02,2025-07-16,39
HHN-LON-02,2025-07-17,48
HHN-LON-02,2025-07-18,34
HHN-LON-02,2025-07-19,23
HHN-LON-02,2025-07-20,34
HHN-LON-02,2025-07-21,35
HHN-LON-02,2025-07-22,27
HHN-LON-02,2025-07-23,23
HHN-LON-02,2025-07-24,39
HHN-LON-02,2025-07-25,32
HHN-LON-02,2025-07-26,13
HHN-LON-02,2025-07-27,21
HHN-LON-02,2025-07-28,32
HHN-LON-02,2025-07-29,41
HHN-LON-02,2025-07-30,23
HHN-LON-02,2025-07-31,37
HHN-LON-02,2025-08-01,15
HHN-LON-02,2025-08-02,33
HHN-LON-02,2025-08-03,26
HHN-LON-02,2025-08-04,38
HHN-LON-02,2025-08-05,19
HHN-LON-02,2025-08-06,30
HHN-LON-02,2025-08-07,33
HHN-LON-02,2025-08-08,25
HHN-LON-02,2025-08-09,20
HHN-LON-02,2025-08-10,20
HHN-LON-02,2025-08-11,31
HHN-LON-02,2025-08-12,13
HHN-LON-02,2025-08-13,30
HHN-LON-02,2025-08-14,31
HHN-LON-02,2025-08-15,33
HHN-LON-02,2025-08-16,26
HHN-LON-02,2025-08-17,20
HHN-LON-02,2025-08-18,24
HHN-LON-02,2025-08-19,25
HHN-LON-02,2025-08-20,26
HHN-LON-02,2025-08-21,24
HHN-LON-02,2025-08-22,36
HHN-LON-02,2025-08-23,29
HHN-LON-02,2025-08-24,27
HHN-LON-02,2025-08-25,25
HHN-LON-02,2025-08-26,34
HHN-LON-02,2025-08-27,24
HHN-LON-02,2025-08-28,30
HHN-LON-02,2025-08-29,17
HHN-LON-02,2025-08-30,21
HHN-LON-02,2025-08-31,16
HHN-LON-02,2025-09-01,44
HHN-LON-02,2025-09-02,39
HHN-LON-02,2025-09-03,33
HHN-LON-02,2025-09-04,33
HHN-LON-02,2025-09-05,18
HHN-LON-02,2025-09-06,29
HHN-LON-02,2025-09-07,33
HHN-LON-02,2025-09-08,37
HHN-LON-02,2025-09-09,52
HHN-LON-02,2025-09-10,33
HHN-LON-02,2025-09-11,48
HHN-LON-02,2025-09-12,54
HHN-LON-02,2025-09-13,38
HHN-LON-02,2025-09-14,32
HHN-LON-02,2025-09-15,25
HHN-LON-02,2025-09-16,30
HHN-LON-02,2025-09-17,34
HHN-LON-02,2025-09-18,24
HHN-LON-02,2025-09-19,32
HHN-LON-02,2025-09-20,26
HHN-LON-02,2025-09-21,23
HHN-LON-02,2025-09-22,40
HHN-LON-02,2025-09-23,34
HHN-LON-02,2025-09-24,29
HHN-LON-02,2025-09-25,24
HHN-LON-02,2025-09-26,46
HHN-LON-02,2025-09-27,32
HHN-LON-02,2025-09-28,25
HHN-LON-02,2025-09-29,59
HHN-LON-02,2025-09-30,35
HHN-LON-02,2025-10-01,32
HHN-LON-02,2025-10-02,22
HHN-LON-02,2025-10-03,40
HHN-LON-02,2025-10-04,36
HHN-LON-02,2025-10-05,30
HHN-LON-02,2025-10-06,47
HHN-LON-02,2025-10-07,28
HHN-LON-02,2025-10-08,45
HHN-LON-02,2025-10-09,49
HHN-LON-02,2025-10-10,50
HHN-LON-02,2025-10-11,35
HHN-LON-02,2025-10-12,26
HHN-LON-02,2025-10-13,66
HHN-LON-02,2025-10-14,38
HHN-LON-02,2025-10-15,30
HHN-LON-02,2025-10-16,40
HHN-LON-02,2025-10-17,44
HHN-LON-02,2025-10-18,31
HHN-LON-02,2025-10-19,19
HHN-LON-02,2025-10-20,41
HHN-LON-02,2025-10-21,35
HHN-LON-02,2025-10-22,44
HHN-LON-02,2025-10-23,41
HHN-LON-02,2025-10-24,25
HHN-LON-02,2025-10-25,22
HHN-LON-02,2025-10-26,28
HHN-LON-02,2025-10-27,45
HHN-LON-02,2025-10-28,45
HHN-LON-02,2025-10-29,48
HHN-LON-02,2025-10-30,28
HHN-LON-02,2025-10-31,34
HHN-LON-02,2025-11-01,26
HHN-LON-02,2025-11-02,53
HHN-LON-02,2025-11-03,33
HHN-LON-02,2025-11-04,37
HHN-LON-02,2025-11-05,43
HHN-LON-02,2025-11-06,33
HHN-LON-02,2025-11-07,38
HHN-LON-02,2025-11-08,35
HHN-LON-02,2025-11-09,22
HHN-LON-02,2025-11-10,31
HHN-LON-02,2025-11-11,37
HHN-LON-02,2025-11-12,28
HHN-LON-02,2025-11-13,43
HHN-LON-02,2025-11-14,31
HHN-LON-02,2025-11-15,35
HHN-LON-02,2025-11-16,20
HHN-LON-02,2025-11-17,31
HHN-LON-02,2025-11-18,34
HHN-LON-02,2025-11-19,51
HHN-LON-02,2025-11-20,48
HHN-LON-02,2025-11-21,44
HHN-LON-02,2025-11-22,33
HHN-LON-02,2025-11-23,19
HHN-LON-02,2025-11-24,52
HHN-LON-02,2025-11-25,44
HHN-LON-02,2025-11-26,33
HHN-LON-02,2025-11-27,51
HHN-LON-02,2025-11-28,47
HHN-LON-02,2025-11-29,18
HHN-LON-02,2025-11-30,32
HHN-LON-02,2025-12-01,52
HHN-LON-02,2025-12-02,50
HHN-LON-02,2025-12-03,55
HHN-LON-02,2025-12-04,66
HHN-LON-02,2025-12-05,30
HHN-LON-02,2025-12-06,43
HHN-LON-02,2025-12-07,38
HHN-LON-02,2025-12-08,51
HHN-LON-02,2025-12-09,71
HHN-LON-02,2025-12-10,41
HHN-LON-02,2025-12-11,39
HHN-LON-02,2025-12-12,45
HHN-LON-02,2025-12-13,38
HHN-LON-02,2025-12-14,56
HHN-LON-02,2025-12-15,46
HHN-LON-02,2025-12-16,34
HHN-LON-02,2025-12-17,45
HHN-LON-02,2025-12-18,43
HHN-LON-02,2025-12-19,34
HHN-LON-02,2025-12-20,46
HHN-LON-02,2025-12-21,30
HHN-LON-02,2025-12-22,50
HHN-LON-02,2025-12-23,40
HHN-LON-02,2025-12-24,29
HHN-LON-02,2025-12-25,43
HHN-LON-02,2025-12-26,29
HHN-LON-02,2025-12-27,46
HHN-LON-02,2025-12-28,44
HHN-LON-02,2025-12-29,35
HHN-LON-02,2025-12-30,47
HHN-LON-02,2025-12-31,31
HHN-LON-02,2026-01-01,4
HHN-MAN-01,2024-01-01,34
HHN-MAN-01,2024-01-02,41
HHN-MAN-01,2024-01-03,32
HHN-MAN-01,2024-01-04,26
HHN-MAN-01,2024-01-05,54
HHN-MAN-01,2024-01-06,43
HHN-MAN-01,2024-01-07,32
HHN-MAN-01,2024-01-08,71
HHN-MAN-01,2024-01-09,42
HHN-MAN-01,2024-01-10,56
HHN-MAN-01,2024-01-11,40
HHN-MAN-01,2024-01-12,43
HHN-MAN-01,2024-01-13,48
HHN-MAN-01,2024-01-14,45
HHN-MAN-01,2024-01-15,37
HHN-MAN-01,2024-01-16,38
HHN-MAN-01,2024-01-17,30
HHN-MAN-01,2024-01-18,64
HHN-MAN-01,2024-01-19,43
HHN-MAN-01,2024-01-20,38
HHN-MAN-01,2024-01-21,40
HHN-MAN-01,2024-01-22,45
HHN-MAN-01,2024-01-23,65
HHN-MAN-01,2024-01-24,48
HHN-MAN-01,2024-01-25,65
HHN-MAN-01,2024-01-26,44
HHN-MAN-01,2024-01-27,42
HHN-MAN-01,2024-01-28,29
HHN-MAN-01,2024-01-29,51
HHN-MAN-01,2024-01-30,63
HHN-MAN-01,2024-01-31,54
HHN-MAN-01,2024-02-01,64
HHN-MAN-01,2024-02-02,61
HHN-MAN-01,2024-02-03,32
HHN-MAN-01,2024-02-04,51
HHN-MAN-01,2024-02-05,61
HHN-MAN-01,2024-02-06,59
HHN-MAN-01,2024-02-07,48
HHN-MAN-01,2024-02-08,43
HHN-MAN-01,2024-02-09,38
HHN-MAN-01,2024-02-10,42
HHN-MAN-01,2024-02-11,55
HHN-MAN-01,2024-02-12,54
HHN-MAN-01,2024-02-13,68
HHN-MAN-01,2024-02-14,67
HHN-MAN-01,2024-02-15,60
HHN-MAN-01,2024-02-16,40
HHN-MAN-01,2024-02-17,30
HHN-MAN-01,2024-02-18,42
HHN-MAN-01,2024-02-19,65
HHN-MAN-01,2024-02-20,60
HHN-MAN-01,2024-02-21,53
HHN-MAN-01,2024-02-22,48
HHN-MAN-01,2024-02-23,44
HHN-MAN-01,2024-02-24,42
HHN-MAN-01,2024-02-25,57
HHN-MAN-01,2024-02-26,39
HHN-MAN-01,2024-02-27,46
HHN-MAN-01,2024-02-28,52
HHN-MAN-01,2024-02-29,30
HHN-MAN-01,2024-03-01,48
HHN-MAN-01,2024-03-02,47
HHN-MAN-01,2024-03-03,44
HHN-MAN-01,2024-03-04,29
HHN-MAN-01,2024-03-05,49
HHN-MAN-01,2024-03-06,48
HHN-MAN-01,2024-03-07,51
HHN-MAN-01,2024-03-08,45
HHN-MAN-01,2024-03-09,58
HHN-MAN-01,2024-03-10,49
HHN-MAN-01,2024-03-11,45
HHN-MAN-01,2024-03-12,43
HHN-MAN-01,2024-03-13,53
HHN-MAN-01,2024-03-14,36
HHN-MAN-01,2024-03-15,55
HHN-MAN-01,2024-03-16,35
HHN-MAN-01,2024-03-17,33
HHN-MAN-01,2024-03-18,50
HHN-MAN-01,2024-03-19,45
HHN-MAN-01,2024-03-20,52
HHN-MAN-01,2024-03-21,47
HHN-MAN-01,2024-03-22,42
HHN-MAN-01,2024-03-23,62
HHN-MAN-01,2024-03-24,39
HHN-MAN-01,2024-03-25,48
HHN-MAN-01,2024-03-26,26
HHN-MAN-01,2024-03-27,49
HHN-MAN-01,2024-03-28,43
HHN-MAN-01,2024-03-29,27
HHN-MAN-01,2024-03-30,34
HHN-MAN-01,2024-03-31,29
HHN-MAN-01,2024-04-01,22
HHN-MAN-01,2024-04-02,25
HHN-MAN-01,2024-04-03,40
HHN-MAN-01,2024-04-04,45
HHN-MAN-01,2024-04-05,57
HHN-MAN-01,2024-04-06,22
HHN-MAN-01,2024-04-07,41
HHN-MAN-01,2024-04-08,36
HHN-MAN-01,2024-04-09,46
HHN-MAN-01,2024-04-10,36
HHN-MAN-01,2024-04-11,61
HHN-MAN-01,2024-04-12,36
HHN-MAN-01,2024-04-13,31
HHN-MAN-01,2024-04-14,35
HHN-MAN-01,2024-04-15,57
HHN-MAN-01,2024-04-16,38
HHN-MAN-01,2024-04-17,48
HHN-MAN-01,2024-04-18,43
HHN-MAN-01,2024-04-19,36
HHN-MAN-01,2024-04-20,31
HHN-MAN-01,2024-04-21,40
HHN-MAN-01,2024-04-22,55
HHN-MAN-01,2024-04-23,51
HHN-MAN-01,2024-04-24,35
HHN-MAN-01,2024-04-25,51
HHN-MAN-01,2024-04-26,36
HHN-MAN-01,2024-04-27,23
HHN-MAN-01,2024-04-28,46
HHN-MAN-01,2024-04-29,52
HHN-MAN-01,2024-04-30,56
HHN-MAN-01,2024-05-01,34
HHN-MAN-01,2024-05-02,46
HHN-MAN-01,2024-05-03,36
HHN-MAN-01,2024-05-04,22
HHN-MAN-01,2024-05-05,30
HHN-MAN-01,2024-05-06,23
HHN-MAN-01,2024-05-07,47
HHN-MAN-01,2024-05-08,39
HHN-MAN-01,2024-05-09,38
HHN-MAN-01,2024-05-10,24
HHN-MAN-01,2024-05-11,31
HHN-MAN-01,2024-05-12,38
HHN-MAN-01,2024-05-13,23
HHN-MAN-01,2024-05-14,40
HHN-MAN-01,2024-05-15,43
HHN-MAN-01,2024-05-16,41
HHN-MAN-01,2024-05-17,41
HHN-MAN-01,2024-05-18,34
HHN-MAN-01,2024-05-19,35
HHN-MAN-01,2024-05-20,45
HHN-MAN-01,2024-05-21,47
HHN-MAN-01,2024-05-22,45
HHN-MAN-01,2024-05-23,30
HHN-MAN-01,2024-05-24,27
HHN-MAN-01,2024-05-25,43
HHN-MAN-01,2024-05-26,30
HHN-MAN-01,2024-05-27,32
HHN-MAN-01,2024-05-28,43
HHN-MAN-01,2024-05-29,38
HHN-MAN-01,2024-05-30,32
HHN-MAN-01,2024-05-31,43
HHN-MAN-01,2024-06-01,18
HHN-MAN-01,2024-06-02,23
HHN-MAN-01,2024-06-03,65
HHN-MAN-01,2024-06-04,35
HHN-MAN-01,2024-06-05,32
HHN-MAN-01,2024-06-06,38
HHN-MAN-01,2024-06-07,38
HHN-MAN-01,2024-06-08,39
HHN-MAN-01,2024-06-09,40
HHN-MAN-01,2024-06-10,35
HHN-MAN-01,2024-06-11,34
HHN-MAN-01,2024-06-12,37
HHN-MAN-01,2024-06-13,31
HHN-MAN-01,2024-06-14,33
HHN-MAN-01,2024-06-15,34
HHN-MAN-01,2024-06-16,20
HHN-MAN-01,2024-06-17,51
HHN-MAN-01,2024-06-18,38
HHN-MAN-01,2024-06-19,32
HHN-MAN-01,2024-06-20,28
HHN-MAN-01,2024-06-21,32
HHN-MAN-01,2024-06-22,25
HHN-MAN-01,2024-06-23,39
HHN-MAN-01,2024-06-24,32
HHN-MAN-01,2024-06-25,36
HHN-MAN-01,2024-06-26,34
HHN-MAN-01,2024-06-27,32
HHN-MAN-01,2024-06-28,39
HHN-MAN-01,2024-06-29,23
HHN-MAN-01,2024-06-30,21
HHN-MAN-01,2024-07-01,38
HHN-MAN-01,2024-07-02,46
HHN-MAN-01,2024-07-03,38
HHN-MAN-01,2024-07-04,30
HHN-MAN-01,2024-07-05,37
HHN-MAN-01,2024-07-06,18
HHN-MAN-01,2024-07-07,17
HHN-MAN-01,2024-07-08,29
HHN-MAN-01,2024-07-09,45
HHN-MAN-01,2024-07-10,41
HHN-MAN-01,2024-07-11,33
HHN-MAN-01,2024-07-12,36
HHN-MAN-01,2024-07-13,29
HHN-MAN-01,2024-07-14,36
HHN-MAN-01,2024-07-15,58
HHN-MAN-01,2024-07-16,40
HHN-MAN-01,2024-07-17,32
HHN-MAN-01,2024-07-18,40
HHN-MAN-01,2024-07-19,32
HHN-MAN-01,2024-07-20,32
HHN-MAN-01,2024-07-21,35
HHN-MAN-01,2024-07-22,46
HHN-MAN-01,2024-07-23,37
HHN-MAN-01,2024-07-24,34
HHN-MAN-01,2024-07-25,34
HHN-MAN-01,2024-07-26,31
HHN-MAN-01,2024-07-27,21
HHN-MAN-01,2024-07-28,34
HHN-MAN-01,2024-07-29,39
HHN-MAN-01,2024-07-30,24
HHN-MAN-01,2024-07-31,41
HHN-MAN-01,2024-08-01,35
HHN-MAN-01,2024-08-02,13
HHN-MAN-01,2024-08-03,29
HHN-MAN-01,2024-08-04,38
HHN-MAN-01,2024-08-05,38
HHN-MAN-01,2024-08-06,22
HHN-MAN-01,2024-08-07,24
HHN-MAN-01,2024-08-08,35
HHN-MAN-01,2024-08-09,34
HHN-MAN-01,2024-08-10,27
HHN-MAN-01,2024-08-11,17
HHN-MAN-01,2024-08-12,28
HHN-MAN-01,2024-08-13,32
HHN-MAN-01,2024-08-14,37
HHN-MAN-01,2024-08-15,39
HHN-MAN-01,2024-08-16,29
HHN-MAN-01,2024-08-17,24
HHN-MAN-01,2024-08-18,28
HHN-MAN-01,2024-08-19,41
HHN-MAN-01,2024-08-20,34
HHN-MAN-01,2024-08-21,33
HHN-MAN-01,2024-08-22,20
HHN-MAN-01,2024-08-23,28
HHN-MAN-01,2024-08-24,23
HHN-MAN-01,2024-08-25,31
HHN-MAN-01,2024-08-26,37
HHN-MAN-01,2024-08-27,32
HHN-MAN-01,2024-08-28,31
HHN-MAN-01,2024-08-29,17
HHN-MAN-01,2024-08-30,28
HHN-MAN-01,2024-08-31,28
HHN-MAN-01,2024-09-01,40
HHN-MAN-01,2024-09-02,45
HHN-MAN-01,2024-09-03,56
HHN-MAN-01,2024-09-04,47
HHN-MAN-01,2024-09-05,29
HHN-MAN-01,2024-09-06,37
HHN-MAN-01,2024-09-07,45
HHN-MAN-01,2024-09-08,25
HHN-MAN-01,2024-09-09,36
HHN-MAN-01,2024-09-10,41
HHN-MAN-01,2024-09-11,43
HHN-MAN-01,2024-09-12,47
HHN-MAN-01,2024-09-13,41
HHN-MAN-01,2024-09-14,50
HHN-MAN-01,2024-09-15,33
HHN-MAN-01,2024-09-16,29
HHN-MAN-01,2024-09-17,45
HHN-MAN-01,2024-09-18,39
HHN-MAN-01,2024-09-19,40
HHN-MAN-01,2024-09-20,32
HHN-MAN-01,2024-09-21,29
HHN-MAN-01,2024-09-22,23
HHN-MAN-01,2024-09-23,57
HHN-MAN-01,2024-09-24,32
HHN-MAN-01,2024-09-25,45
HHN-MAN-01,2024-09-26,40
HHN-MAN-01,2024-09-27,39
HHN-MAN-01,2024-09-28,25
HHN-MAN-01,2024-09-29,34
HHN-MAN-01,2024-09-30,56
HHN-MAN-01,2024-10-01,34
HHN-MAN-01,2024-10-02,37
HHN-MAN-01,2024-10-03,43
HHN-MAN-01,2024-10-04,28
HHN-MAN-01,2024-10-05,30
HHN-MAN-01,2024-10-06,23
HHN-MAN-01,2024-10-07,39
HHN-MAN-01,2024-10-08,52
HHN-MAN-01,2024-10-09,37
HHN-MAN-01,2024-10-10,33
HHN-MAN-01,2024-10-11,42
HHN-MAN-01,2024-10-12,34
HHN-MAN-01,2024-10-13,24
HHN-MAN-01,2024-10-14,34
HHN-MAN-01,2024-10-15,35
HHN-MAN-01,2024-10-16,40
HHN-MAN-01,2024-10-17,40
HHN-MAN-01,2024-10-18,62
HHN-MAN-01,2024-10-19,35
HHN-MAN-01,2024-10-20,27
HHN-MAN-01,2024-10-21,54
HHN-MAN-01,2024-10-22,43
HHN-MAN-01,2024-10-23,40
HHN-MAN-01,2024-10-24,38
HHN-MAN-01,2024-10-25,36
HHN-MAN-01,2024-10-26,25
HHN-MAN-01,2024-10-27,27
HHN-MAN-01,2024-10-28,44
HHN-MAN-01,2024-10-29,44
HHN-MAN-01,2024-10-30,45
HHN-MAN-01,2024-10-31,50
HHN-MAN-01,2024-11-01,37
HHN-MAN-01,2024-11-02,32
HHN-MAN-01,2024-11-03,57
HHN-MAN-01,2024-11-04,41
HHN-MAN-01,2024-11-05,61
HHN-MAN-01,2024-11-06,46
HHN-MAN-01,2024-11-07,28
HHN-MAN-01,2024-11-08,30
HHN-MAN-01,2024-11-09,44
HHN-MAN-01,2024-11-10,46
HHN-MAN-01,2024-11-11,48
HHN-MAN-01,2024-11-12,47
HHN-MAN-01,2024-11-13,48
HHN-MAN-01,2024-11-14,34
HHN-MAN-01,2024-11-15,31
HHN-MAN-01,2024-11-16,31
HHN-MAN-01,2024-11-17,29
HHN-MAN-01,2024-11-18,54
HHN-MAN-01,2024-11-19,52
HHN-MAN-01,2024-11-20,40
HHN-MAN-01,2024-11-21,49
HHN-MAN-01,2024-11-22,49
HHN-MAN-01,2024-11-23,43
HHN-MAN-01,2024-11-24,27
HHN-MAN-01,2024-11-25,33
HHN-MAN-01,2024-11-26,43
HHN-MAN-01,2024-11-27,53
HHN-MAN-01,2024-11-28,82
HHN-MAN-01,2024-11-29,39
HHN-MAN-01,2024-11-30,41
HHN-MAN-01,2024-12-01,34
HHN-MAN-01,2024-12-02,61
HHN-MAN-01,2024-12-03,56
HHN-MAN-01,2024-12-04,70
HHN-MAN-01,2024-12-05,44
HHN-MAN-01,2024-12-06,61
HHN-MAN-01,2024-12-07,50
HHN-MAN-01,2024-12-08,26
HHN-MAN-01,2024-12-09,55
HHN-MAN-01,2024-12-10,61
HHN-MAN-01,2024-12-11,54
HHN-MAN-01,2024-12-12,83
HHN-MAN-01,2024-12-13,52
HHN-MAN-01,2024-12-14,41
HHN-MAN-01,2024-12-15,42
HHN-MAN-01,2024-12-16,33
HHN-MAN-01,2024-12-17,37
HHN-MAN-01,2024-12-18,32
HHN-MAN-01,2024-12-19,37
HHN-MAN-01,2024-12-20,37
HHN-MAN-01,2024-12-21,43
HHN-MAN-01,2024-12-22,50
HHN-MAN-01,2024-12-23,36
HHN-MAN-01,2024-12-24,37
HHN-MAN-01,2024-12-25,36
HHN-MAN-01,2024-12-26,43
HHN-MAN-01,2024-12-27,31
HHN-MAN-01,2024-12-28,32
HHN-MAN-01,2024-12-29,43
HHN-MAN-01,2024-12-30,59
HHN-MAN-01,2024-12-31,52
HHN-MAN-01,2025-01-01,38
HHN-MAN-01,2025-01-02,57
HHN-MAN-01,2025-01-03,54
HHN-MAN-01,2025-01-04,44
HHN-MAN-01,2025-01-05,56
HHN-MAN-01,2025-01-06,54
HHN-MAN-01,2025-01-07,39
HHN-MAN-01,2025-01-08,35
HHN-MAN-01,2025-01-09,50
HHN-MAN-01,2025-01-10,49
HHN-MAN-01,2025-01-11,42
HHN-MAN-01,2025-01-12,48
HHN-MAN-01,2025-01-13,69
HHN-MAN-01,2025-01-14,61
HHN-MAN-01,2025-01-15,44
HHN-MAN-01,2025-01-16,34
HHN-MAN-01,2025-01-17,37
HHN-MAN-01,2025-01-18,40
HHN-MAN-01,2025-01-19,38
HHN-MAN-01,2025-01-20,39
HHN-MAN-01,2025-01-21,27
HHN-MAN-01,2025-01-22,43
HHN-MAN-01,2025-01-23,42
HHN-MAN-01,2025-01-24,58
HHN-MAN-01,2025-01-25,57
HHN-MAN-01,2025-01-26,46
HHN-MAN-01,2025-01-27,32
HHN-MAN-01,2025-01-28,52
HHN-MAN-01,2025-01-29,39
HHN-MAN-01,2025-01-30,58
HHN-MAN-01,2025-01-31,67
HHN-MAN-01,2025-02-01,20
HHN-MAN-01,2025-02-02,36
HHN-MAN-01,2025-02-03,45
HHN-MAN-01,2025-02-04,57
HHN-MAN-01,2025-02-05,56
HHN-MAN-01,2025-02-06,45
HHN-MAN-01,2025-02-07,51
HHN-MAN-01,2025-02-08,41
HHN-MAN-01,2025-02-09,43
HHN-MAN-01,2025-02-10,70
HHN-MAN-01,2025-02-11,50
HHN-MAN-01,2025-02-12,31
HHN-MAN-01,2025-02-13,36
HHN-MAN-01,2025-02-14,44
HHN-MAN-01,2025-02-15,57
HHN-MAN-01,2025-02-16,48
HHN-MAN-01,2025-02-17,46
HHN-MAN-01,2025-02-18,52
HHN-MAN-01,2025-02-19,59
HHN-MAN-01,2025-02-20,42
HHN-MAN-01,2025-02-21,44
HHN-MAN-01,2025-02-22,37
HHN-MAN-01,2025-02-23,27
HHN-MAN-01,2025-02-24,53
HHN-MAN-01,2025-02-25,45
HHN-MAN-01,2025-02-26,43
HHN-MAN-01,2025-02-27,60
HHN-MAN-01,2025-02-28,67
HHN-MAN-01,2025-03-01,64
HHN-MAN-01,2025-03-02,36
HHN-MAN-01,2025-03-03,40
HHN-MAN-01,2025-03-04,43
HHN-MAN-01,2025-03-05,40
HHN-MAN-01,2025-03-06,38
HHN-MAN-01,2025-03-07,48
HHN-MAN-01,2025-03-08,41
HHN-MAN-01,2025-03-09,24
HHN-MAN-01,2025-03-10,46
HHN-MAN-01,2025-03-11,50
HHN-MAN-01,2025-03-12,64
HHN-MAN-01,2025-03-13,36
HHN-MAN-01,2025-03-14,27
HHN-MAN-01,2025-03-15,35
HHN-MAN-01,2025-03-16,53
HHN-MAN-01,2025-03-17,60
HHN-MAN-01,2025-03-18,66
HHN-MAN-01,2025-03-19,49
HHN-MAN-01,2025-03-20,28
HHN-MAN-01,2025-03-21,32
HHN-MAN-01,2025-03-22,31
HHN-MAN-01,2025-03-23,42
HHN-MAN-01,2025-03-24,50
HHN-MAN-01,2025-03-25,60
HHN-MAN-01,2025-03-26,25
HHN-MAN-01,2025-03-27,46
HHN-MAN-01,2025-03-28,61
HHN-MAN-01,2025-03-29,18
HHN-MAN-01,2025-03-30,31
HHN-MAN-01,2025-03-31,41
HHN-MAN-01,2025-04-01,44
HHN-MAN-01,2025-04-02,55
HHN-MAN-01,2025-04-03,39
HHN-MAN-01,2025-04-04,44
HHN-MAN-01,2025-04-05,41
HHN-MAN-01,2025-04-06,20
HHN-MAN-01,2025-04-07,28
HHN-MAN-01,2025-04-08,47
HHN-MAN-01,2025-04-09,33
HHN-MAN-01,2025-04-10,35
HHN-MAN-01,2025-04-11,54
HHN-MAN-01,2025-04-12,35
HHN-MAN-01,2025-04-13,32
HHN-MAN-01,2025-04-14,40
HHN-MAN-01,2025-04-15,47
HHN-MAN-01,2025-04-16,32
HHN-MAN-01,2025-04-17,35
HHN-MAN-01,2025-04-18,32
HHN-MAN-01,2025-04-19,18
HHN-MAN-01,2025-04-20,37
HHN-MAN-01,2025-04-21,27
HHN-MAN-01,2025-04-22,43
HHN-MAN-01,2025-04-23,32
HHN-MAN-01,2025-04-24,39
HHN-MAN-01,2025-04-25,52
HHN-MAN-01,2025-04-26,35
HHN-MAN-01,2025-04-27,27
HHN-MAN-01,2025-04-28,29
HHN-MAN-01,2025-04-29,45
HHN-MAN-01,2025-04-30,33
HHN-MAN-01,2025-05-01,41
HHN-MAN-01,2025-05-02,52
HHN-MAN-01,2025-05-03,32
HHN-MAN-01,2025-05-04,21
HHN-MAN-01,2025-05-05,15
HHN-MAN-01,2025-05-06,42
HHN-MAN-01,2025-05-07,35
HHN-MAN-01,2025-05-08,47
HHN-MAN-01,2025-05-09,44
HHN-MAN-01,2025-05-10,31
HHN-MAN-01,2025-05-11,37
HHN-MAN-01,2025-05-12,48
HHN-MAN-01,2025-05-13,51
HHN-MAN-01,2025-05-14,38
HHN-MAN-01,2025-05-15,33
HHN-MAN-01,2025-05-16,44
HHN-MAN-01,2025-05-17,40
HHN-MAN-01,2025-05-18,19
HHN-MAN-01,2025-05-19,38
HHN-MAN-01,2025-05-20,56
HHN-MAN-01,2025-05-21,27
HHN-MAN-01,2025-05-22,37
HHN-MAN-01,2025-05-23,39
HHN-MAN-01,2025-05-24,47
HHN-MAN-01,2025-05-25,35
HHN-MAN-01,2025-05-26,17
HHN-MAN-01,2025-05-27,50
HHN-MAN-01,2025-05-28,47
HHN-MAN-01,2025-05-29,43
HHN-MAN-01,2025-05-30,35
HHN-MAN-01,2025-05-31,17
HHN-MAN-01,2025-06-01,26
HHN-MAN-01,2025-06-02,49
HHN-MAN-01,2025-06-03,42
HHN-MAN-01,2025-06-04,51
HHN-MAN-01,2025-06-05,30
HHN-MAN-01,2025-06-06,53
HHN-MAN-01,2025-06-07,41
HHN-MAN-01,2025-06-08,22
HHN-MAN-01,2025-06-09,52
HHN-MAN-01,2025-06-10,36
HHN-MAN-01,2025-06-11,36
HHN-MAN-01,2025-06-12,24
HHN-MAN-01,2025-06-13,29
HHN-MAN-01,2025-06-14,32
HHN-MAN-01,2025-06-15,20
HHN-MAN-01,2025-06-16,32
HHN-MAN-01,2025-06-17,36
HHN-MAN-01,2025-06-18,37
HHN-MAN-01,2025-06-19,43
HHN-MAN-01,2025-06-20,36
HHN-MAN-01,2025-06-21,46
HHN-MAN-01,2025-06-22,34
HHN-MAN-01,2025-06-23,34
HHN-MAN-01,2025-06-24,20
HHN-MAN-01,2025-06-25,33
HHN-MAN-01,2025-06-26,36
HHN-MAN-01,2025-06-27,32
HHN-MAN-01,2025-06-28,33
HHN-MAN-01,2025-06-29,29
HHN-MAN-01,2025-06-30,40
HHN-MAN-01,2025-07-01,35
HHN-MAN-01,2025-07-02,39
HHN-MAN-01,2025-07-03,44
HHN-MAN-01,2025-07-04,42
HHN-MAN-01,2025-07-05,24
HHN-MAN-01,2025-07-06,21
HHN-MAN-01,2025-07-07,36
HHN-MAN-01,2025-07-08,22
HHN-MAN-01,2025-07-09,42
HHN-MAN-01,2025-07-10,22
HHN-MAN-01,2025-07-11,25
HHN-MAN-01,2025-07-12,23
HHN-MAN-01,2025-07-13,32
HHN-MAN-01,2025-07-14,39
HHN-MAN-01,2025-07-15,22
HHN-MAN-01,2025-07-16,36
HHN-MAN-01,2025-07-17,43
HHN-MAN-01,2025-07-18,41
HHN-MAN-01,2025-07-19,17
HHN-MAN-01,2025-07-20,28
HHN-MAN-01,2025-07-21,33
HHN-MAN-01,2025-07-22,33
HHN-MAN-01,2025-07-23,35
HHN-MAN-01,2025-07-24,32
HHN-MAN-01,2025-07-25,28
HHN-MAN-01,2025-07-26,25
HHN-MAN-01,2025-07-27,31
HHN-MAN-01,2025-07-28,42
HHN-MAN-01,2025-07-29,29
HHN-MAN-01,2025-07-30,37
HHN-MAN-01,2025-07-31,21
HHN-MAN-01,2025-08-01,35
HHN-MAN-01,2025-08-02,28
HHN-MAN-01,2025-08-03,20
HHN-MAN-01,2025-08-04,31
HHN-MAN-01,2025-08-05,22
HHN-MAN-01,2025-08-06,43
HHN-MAN-01,2025-08-07,38
HHN-MAN-01,2025-08-08,35
HHN-MAN-01,2025-08-09,26
HHN-MAN-01,2025-08-10,34
HHN-MAN-01,2025-08-11,35
HHN-MAN-01,2025-08-12,32
HHN-MAN-01,2025-08-13,27
HHN-MAN-01,2025-08-14,28
HHN-MAN-01,2025-08-15,20
HHN-MAN-01,2025-08-16,23
HHN-MAN-01,2025-08-17,29
HHN-MAN-01,2025-08-18,26
HHN-MAN-01,2025-08-19,33
HHN-MAN-01,2025-08-20,25
HHN-MAN-01,2025-08-21,20
HHN-MAN-01,2025-08-22,26
HHN-MAN-01,2025-08-23,19
HHN-MAN-01,2025-08-24,13
HHN-MAN-01,2025-08-25,17
HHN-MAN-01,2025-08-26,33
HHN-MAN-01,2025-08-27,36
HHN-MAN-01,2025-08-28,28
HHN-MAN-01,2025-08-29,43
HHN-MAN-01,2025-08-30,7
HHN-MAN-01,2025-08-31,21
HHN-MAN-01,2025-09-01,35
HHN-MAN-01,2025-09-02,29
HHN-MAN-01,2025-09-03,28
HHN-MAN-01,2025-09-04,37
HHN-MAN-01,2025-09-05,35
HHN-MAN-01,2025-09-06,34
HHN-MAN-01,2025-09-07,26
HHN-MAN-01,2025-09-08,45
HHN-MAN-01,2025-09-09,45
HHN-MAN-01,2025-09-10,59
HHN-MAN-01,2025-09-11,34
HHN-MAN-01,2025-09-12,50
HHN-MAN-01,2025-09-13,21
HHN-MAN-01,2025-09-14,34
HHN-MAN-01,2025-09-15,39
HHN-MAN-01,2025-09-16,36
HHN-MAN-01,2025-09-17,30
HHN-MAN-01,2025-09-18,41
HHN-MAN-01,2025-09-19,39
HHN-MAN-01,2025-09-20,48
HHN-MAN-01,2025-09-21,41
HHN-MAN-01,2025-09-22,59
HHN-MAN-01,2025-09-23,52
HHN-MAN-01,2025-09-24,39
HHN-MAN-01,2025-09-25,46
HHN-MAN-01,2025-09-26,39
HHN-MAN-01,2025-09-27,39
HHN-MAN-01,2025-09-28,38
HHN-MAN-01,2025-09-29,27
HHN-MAN-01,2025-09-30,42
HHN-MAN-01,2025-10-01,31
HHN-MAN-01,2025-10-02,30
HHN-MAN-01,2025-10-03,47
HHN-MAN-01,2025-10-04,29
HHN-MAN-01,2025-10-05,29
HHN-MAN-01,2025-10-06,42
HHN-MAN-01,2025-10-07,43
HHN-MAN-01,2025-10-08,51
HHN-MAN-01,2025-10-09,41
HHN-MAN-01,2025-10-10,34
HHN-MAN-01,2025-10-11,41
HHN-MAN-01,2025-10-12,42
HHN-MAN-01,2025-10-13,45
HHN-MAN-01,2025-10-14,47
HHN-MAN-01,2025-10-15,39
HHN-MAN-01,2025-10-16,40
HHN-MAN-01,2025-10-17,38
HHN-MAN-01,2025-10-18,25
HHN-MAN-01,2025-10-19,28
HHN-MAN-01,2025-10-20,50
HHN-MAN-01,2025-10-21,58
HHN-MAN-01,2025-10-22,36
HHN-MAN-01,2025-10-23,39
HHN-MAN-01,2025-10-24,25
HHN-MAN-01,2025-10-25,18
HHN-MAN-01,2025-10-26,39
HHN-MAN-01,2025-10-27,45
HHN-MAN-01,2025-10-28,35
HHN-MAN-01,2025-10-29,49
HHN-MAN-01,2025-10-30,42
HHN-MAN-01,2025-10-31,37
HHN-MAN-01,2025-11-01,34
HHN-MAN-01,2025-11-02,42
HHN-MAN-01,2025-11-03,54
HHN-MAN-01,2025-11-04,54
HHN-MAN-01,2025-11-05,33
HHN-MAN-01,2025-11-06,40
HHN-MAN-01,2025-11-07,59
HHN-MAN-01,2025-11-08,41
HHN-MAN-01,2025-11-09,25
HHN-MAN-01,2025-11-10,40
HHN-MAN-01,2025-11-11,54
HHN-MAN-01,2025-11-12,56
HHN-MAN-01,2025-11-13,34
HHN-MAN-01,2025-11-14,41
HHN-MAN-01,2025-11-15,37
HHN-MAN-01,2025-11-16,22
HHN-MAN-01,2025-11-17,68
HHN-MAN-01,2025-11-18,41
HHN-MAN-01,2025-11-19,56
HHN-MAN-01,2025-11-20,47
HHN-MAN-01,2025-11-21,46
HHN-MAN-01,2025-11-22,40
HHN-MAN-01,2025-11-23,29
HHN-MAN-01,2025-11-24,53
HHN-MAN-01,2025-11-25,47
HHN-MAN-01,2025-11-26,31
HHN-MAN-01,2025-11-27,30
HHN-MAN-01,2025-11-28,38
HHN-MAN-01,2025-11-29,48
HHN-MAN-01,2025-11-30,45
HHN-MAN-01,2025-12-01,55
HHN-MAN-01,2025-12-02,51
HHN-MAN-01,2025-12-03,45
HHN-MAN-01,2025-12-04,48
HHN-MAN-01,2025-12-05,38
HHN-MAN-01,2025-12-06,56
HHN-MAN-01,2025-12-07,32
HHN-MAN-01,2025-12-08,42
HHN-MAN-01,2025-12-09,46
HHN-MAN-01,2025-12-10,60
HHN-MAN-01,2025-12-11,43
HHN-MAN-01,2025-12-12,45
HHN-MAN-01,2025-12-13,15
HHN-MAN-01,2025-12-14,38
HHN-MAN-01,2025-12-15,36
HHN-MAN-01,2025-12-16,45
HHN-MAN-01,2025-12-17,40
HHN-MAN-01,2025-12-18,29
HHN-MAN-01,2025-12-19,48
HHN-MAN-01,2025-12-20,47
HHN-MAN-01,2025-12-21,28
HHN-MAN-01,2025-12-22,23
HHN-MAN-01,2025-12-23,47
HHN-MAN-01,2025-12-24,52
HHN-MAN-01,2025-12-25,26
HHN-MAN-01,2025-12-26,45
HHN-MAN-01,2025-12-27,35
HHN-MAN-01,2025-12-28,48
HHN-MAN-01,2025-12-29,45
HHN-MAN-01,2025-12-30,35
HHN-MAN-01,2025-12-31,45
HHN-MAN-01,2026-01-01,5
